event_type,latitude,longitude,severity,affected_people,rescue_time_hours,year,fatalities,terrain
Flash Flood,13.3539,106.9027,5.1,12133,9.3,2012.0,4.0,Delta_Coastal
Landslide,4.3249,114.5421,6.6,3072,10.2,2014.0,33.0,Delta_Coastal
Cyclone,20.7424,97.2679,7.4,20355,11.9,2010.0,11.0,Mountain_Highland
Flash Flood,4.3924,114.8991,6.3,2261,10.7,2005.0,25.0,Delta_Coastal
Flood,22.1852,97.4807,6.5,4767,13.1,2010.0,8.0,Mountain_Highland
Flood,12.7875,109.2583,7.7,36964,12.5,2023.0,44.0,Delta_Coastal
Tsunami,-3.9782,118.5019,7.9,48378,13.0,2017.0,39.0,Delta_Coastal
Landslide,21.9261,101.2446,6.7,4154,13.7,2007.0,20.0,Mountain_Highland
Earthquake,11.7458,93.9192,8.6,51942,12.2,2006.0,104.0,Delta_Coastal
Flood,15.6875,97.4079,7.7,28462,13.9,2005.0,13.0,Delta_Coastal
Flood,21.9042,102.0786,6.2,2193,14.8,2016.0,15.0,Mountain_Highland
Earthquake,24.1372,94.8513,7.3,47857,13.1,2009.0,39.0,Inland_Plain
Landslide,14.3824,103.1485,6.5,28135,10.8,2026.0,15.0,Delta_Coastal
Earthquake,16.1677,95.778,6.4,18558,8.6,2015.0,39.0,Delta_Coastal
Flood,18.4257,104.5841,8.9,56557,13.8,2021.0,65.0,Inland_Plain
Landslide,-10.0197,137.7362,7.1,40867,15.0,2014.0,31.0,Delta_Coastal
Landslide,12.9959,120.2213,5.9,23577,12.9,2023.0,9.0,Delta_Coastal
Earthquake,14.5457,97.0675,5.3,9725,8.0,2012.0,19.0,Delta_Coastal
Cyclone,17.3036,100.7443,5.3,10176,8.8,2019.0,21.0,Delta_Coastal
Flood,4.756,105.2058,6.6,15094,11.6,2010.0,30.0,Delta_Coastal
Landslide,9.9993,107.1827,5.8,9082,9.5,2012.0,22.0,Delta_Coastal
Landslide,18.6688,100.265,6.4,5004,11.3,2026.0,18.0,Inland_Plain
Landslide,21.7221,101.1459,6.9,33655,10.1,2006.0,46.0,Mountain_Highland
Flood,22.5762,96.418,5.3,22076,10.6,2010.0,11.0,Inland_Plain
Typhoon,17.554,105.6938,7.2,12008,12.1,2026.0,27.0,Inland_Plain
Landslide,18.4284,97.3196,7.6,45030,10.9,2024.0,21.0,Inland_Plain
Flood,3.6553,107.9077,6.3,35378,14.2,2025.0,7.0,Delta_Coastal
Landslide,-5.9393,132.4153,5.0,20443,10.6,2020.0,6.0,Delta_Coastal
Flood,9.2307,118.0424,6.2,6116,14.6,2023.0,27.0,Delta_Coastal
Flood,18.3682,96.5948,8.8,44853,13.4,2026.0,190.0,Inland_Plain
Cyclone,18.0659,100.2703,6.9,39469,12.5,2017.0,33.0,Inland_Plain
Typhoon,9.3795,120.8691,6.8,17119,11.7,2017.0,24.0,Delta_Coastal
Typhoon,7.4052,118.328,7.2,28683,13.6,2017.0,18.0,Delta_Coastal
Flood,12.0749,125.5236,8.5,42891,15.4,2018.0,74.0,Delta_Coastal
Earthquake,10.205,96.827,7.9,21020,12.5,2011.0,38.0,Delta_Coastal
Storm Surge,17.1547,104.5616,6.1,17799,8.9,2015.0,31.0,Delta_Coastal
Flash Flood,5.6811,105.1897,7.3,25477,12.4,2012.0,43.0,Delta_Coastal
Flood,15.9261,97.8546,8.9,16100,14.1,2023.0,174.0,Delta_Coastal
Landslide,12.9483,124.8932,5.5,21172,11.6,2015.0,21.0,Delta_Coastal
Flash Flood,16.3396,106.6073,7.6,2401,12.8,2015.0,14.0,Delta_Coastal
Landslide,5.2418,120.1281,7.5,26700,15.6,2012.0,39.0,Delta_Coastal
Landslide,17.3637,99.9608,6.1,34741,11.5,2009.0,9.0,Delta_Coastal
Flood,20.0732,98.1805,6.7,22954,12.0,2026.0,35.0,Mountain_Highland
Landslide,17.4882,104.4381,7.4,45381,11.9,2014.0,51.0,Delta_Coastal
Earthquake,16.3022,123.716,8.4,14187,16.3,2024.0,55.0,Delta_Coastal
Tropical Cyclone,8.7902,103.3148,7.2,15442,12.0,2011.0,9.0,Delta_Coastal
Volcanic Eruption,12.5831,123.8748,7.1,22103,14.0,2026.0,13.0,Delta_Coastal
Earthquake,-1.7118,136.6388,6.7,4409,11.6,2012.0,12.0,Delta_Coastal
Cyclone,12.8834,93.5082,5.5,11949,9.7,2026.0,16.0,Delta_Coastal
Drought,12.1767,106.1909,6.1,24471,12.1,2018.0,23.0,Delta_Coastal
Landslide,11.0062,92.553,6.6,27128,11.4,2016.0,8.0,Delta_Coastal
Cyclone,25.6751,96.4658,7.0,37249,12.6,2017.0,43.0,Inland_Plain
Typhoon,14.0837,123.1043,7.5,20784,15.0,2005.0,13.0,Delta_Coastal
Landslide,10.3557,124.0495,4.6,2687,11.9,2019.0,2.0,Delta_Coastal
Typhoon,18.0785,117.8838,8.6,38469,17.6,2023.0,148.0,Inland_Plain
Earthquake,-2.4812,111.7014,4.7,10382,8.8,2011.0,4.0,Delta_Coastal
Landslide,16.0976,108.0468,6.7,31755,10.5,2025.0,32.0,Delta_Coastal
Flood,26.7421,100.8348,6.2,15260,13.4,2018.0,35.0,Mountain_Highland
Earthquake,5.7319,126.3647,6.5,9943,14.7,2005.0,31.0,Delta_Coastal
Drought,14.0072,104.3004,7.3,42239,12.9,2010.0,42.0,Delta_Coastal
Landslide,15.5331,99.2668,5.0,31034,8.3,2021.0,6.0,Delta_Coastal
Flood,-5.5098,137.3866,5.8,37560,12.8,2012.0,29.0,Delta_Coastal
Flood,17.8918,106.8616,5.8,1610,12.0,2025.0,24.0,Inland_Plain
Flood,14.0519,102.6665,6.4,16980,10.5,2008.0,28.0,Delta_Coastal
Flood,21.7139,105.4997,5.6,5475,9.3,2012.0,18.0,Mountain_Highland
Earthquake,12.9351,98.6703,8.2,9038,11.2,2021.0,94.0,Delta_Coastal
Volcanic Eruption,1.1324,119.9706,6.9,31152,13.0,2023.0,46.0,Delta_Coastal
Landslide,3.4254,114.8649,6.0,11541,10.6,2016.0,16.0,Delta_Coastal
Landslide,17.9958,100.3999,8.0,27364,13.3,2021.0,57.0,Inland_Plain
Flood,4.4312,112.5829,6.8,22446,12.4,2024.0,30.0,Delta_Coastal
Landslide,22.3779,96.4194,7.4,27676,14.8,2023.0,23.0,Inland_Plain
Flood,1.7665,101.5582,7.1,3398,11.5,2008.0,37.0,Delta_Coastal
Earthquake,22.4578,100.9196,7.1,20114,15.1,2009.0,54.0,Mountain_Highland
Earthquake,15.3666,98.9425,6.9,28939,11.3,2009.0,15.0,Delta_Coastal
Flood,9.2072,123.9766,6.8,10258,12.8,2023.0,48.0,Delta_Coastal
Flood,20.3382,101.3506,7.1,5221,11.5,2021.0,36.0,Mountain_Highland
Earthquake,26.7651,100.6944,8.6,49976,15.7,2006.0,75.0,Mountain_Highland
Landslide,18.2346,101.027,5.4,19343,10.5,2015.0,13.0,Inland_Plain
Volcanic Eruption,2.4703,133.9549,5.2,7353,11.9,2007.0,14.0,Delta_Coastal
Flood,26.6895,98.9188,5.4,15003,10.0,2016.0,9.0,Mountain_Highland
Landslide,7.0201,121.4302,8.5,20782,15.4,2021.0,68.0,Delta_Coastal
Volcanic Eruption,-3.6658,131.7063,4.8,1507,10.3,2014.0,8.0,Delta_Coastal
Landslide,19.011,98.4421,4.2,18575,7.8,2015.0,2.0,Mountain_Highland
Landslide,23.667,100.9489,7.4,45154,12.7,2026.0,23.0,Mountain_Highland
Volcanic Eruption,12.8866,125.9296,6.3,42086,13.5,2020.0,32.0,Delta_Coastal
Earthquake,24.5333,94.8127,7.7,50170,16.1,2019.0,64.0,Inland_Plain
Flash Flood,10.5178,104.0791,5.8,21272,10.5,2005.0,26.0,Delta_Coastal
Flood,15.5363,99.5901,6.3,21697,9.8,2007.0,18.0,Delta_Coastal
Landslide,16.8585,98.8421,8.0,48348,13.8,2026.0,60.0,Delta_Coastal
Flood,20.1594,109.2114,9.0,18945,14.6,2017.0,183.0,Mountain_Highland
Landslide,14.599,99.0006,8.8,16260,12.7,2011.0,133.0,Delta_Coastal
Earthquake,17.9504,93.819,6.5,36405,11.8,2019.0,10.0,Mountain_Highland
Drought,18.3435,98.6209,7.7,6842,11.5,2011.0,14.0,Inland_Plain
Flash Flood,4.2159,114.7195,6.6,2304,11.5,2026.0,23.0,Delta_Coastal
Landslide,21.5203,100.6115,6.2,9740,9.2,2015.0,17.0,Mountain_Highland
Flash Flood,1.4212,103.7232,8.6,2734,14.0,2009.0,150.0,Delta_Coastal
Earthquake,14.5495,126.2864,5.4,11638,11.3,2008.0,7.0,Delta_Coastal
Landslide,24.5486,98.856,7.5,10918,15.3,2015.0,57.0,Mountain_Highland
Landslide,14.9671,103.0041,5.1,460,11.5,2006.0,7.0,Delta_Coastal
Earthquake,16.2529,98.0413,5.3,6950,8.8,2024.0,7.0,Delta_Coastal
Earthquake,26.0851,97.0169,7.3,41996,12.1,2009.0,46.0,Mountain_Highland
Cyclone,26.464,97.6442,7.4,43186,13.9,2019.0,30.0,Mountain_Highland
Landslide,-5.8397,112.8972,6.5,44042,12.3,2009.0,8.0,Delta_Coastal
Flood,15.0829,95.0887,7.3,34600,11.8,2022.0,23.0,Delta_Coastal
Tropical Cyclone,18.1762,101.8475,6.8,37141,11.1,2015.0,19.0,Inland_Plain
Flood,20.179,93.8152,6.6,13040,10.9,2016.0,9.0,Mountain_Highland
Earthquake,20.2746,100.4513,5.3,16473,9.0,2019.0,14.0,Mountain_Highland
Volcanic Eruption,7.2602,122.6452,4.9,9948,10.2,2018.0,13.0,Delta_Coastal
Tsunami,-9.1977,97.0065,8.1,7213,14.3,2024.0,130.0,Delta_Coastal
Earthquake,15.5081,100.2866,6.7,40250,11.9,2014.0,39.0,Delta_Coastal
Landslide,26.7203,97.1485,4.4,16067,11.8,2007.0,4.0,Mountain_Highland
Tropical Cyclone,14.4328,102.8693,7.0,2227,12.6,2024.0,10.0,Delta_Coastal
Drought,8.4785,101.139,5.9,24743,10.8,2026.0,20.0,Delta_Coastal
Flood,26.5966,101.1373,8.7,15285,16.8,2015.0,186.0,Mountain_Highland
Landslide,22.4333,94.0753,5.4,15499,11.3,2012.0,9.0,Mountain_Highland
Earthquake,6.8442,117.8383,5.1,18290,8.7,2014.0,11.0,Delta_Coastal
Tsunami,-5.0655,111.2186,6.9,21125,13.7,2026.0,44.0,Delta_Coastal
Landslide,20.1175,97.6557,7.1,28570,10.2,2021.0,12.0,Mountain_Highland
Flood,6.7517,118.2384,4.9,2165,8.7,2015.0,8.0,Delta_Coastal
Landslide,10.9449,121.3143,7.4,13981,14.7,2024.0,21.0,Delta_Coastal
Cyclone,17.3673,99.4667,8.4,45801,11.8,2024.0,163.0,Delta_Coastal
Flood,20.7091,93.2759,6.1,39490,10.4,2015.0,26.0,Mountain_Highland
Flood,11.0116,102.4401,4.9,22834,8.5,2006.0,14.0,Delta_Coastal
Landslide,19.8085,96.9108,7.6,13497,10.8,2016.0,56.0,Mountain_Highland
Flash Flood,1.6613,118.9214,4.5,30882,8.8,2022.0,5.0,Delta_Coastal
Flood,1.4654,95.9903,4.9,23725,9.8,2018.0,3.0,Delta_Coastal
Flood,19.0357,122.4192,8.1,5757,15.0,2010.0,142.0,Mountain_Highland
Flood,3.9782,116.243,4.9,26546,9.1,2019.0,3.0,Delta_Coastal
Volcanic Eruption,17.3716,125.7954,6.4,4046,12.3,2014.0,12.0,Delta_Coastal
Tsunami,1.9754,102.7638,4.8,19762,12.2,2025.0,12.0,Delta_Coastal
Tsunami,-0.3938,122.7514,7.6,10589,13.5,2007.0,31.0,Delta_Coastal
Flash Flood,2.6167,116.6305,6.3,7421,9.1,2009.0,7.0,Delta_Coastal
Flood,12.6696,121.8574,6.9,15825,14.0,2008.0,9.0,Delta_Coastal
Flood,17.5202,102.0784,7.4,27890,13.6,2009.0,54.0,Inland_Plain
Flood,17.6403,97.5789,8.9,33375,13.8,2007.0,101.0,Inland_Plain
Volcanic Eruption,7.1269,125.9809,7.4,22393,13.1,2017.0,36.0,Delta_Coastal
Landslide,16.8592,103.6253,4.7,19732,10.4,2021.0,7.0,Delta_Coastal
Cyclone,20.6849,99.2652,8.2,26367,11.9,2015.0,79.0,Mountain_Highland
Landslide,15.5482,95.6392,8.3,31408,13.8,2017.0,183.0,Delta_Coastal
Volcanic Eruption,5.0698,117.8856,6.4,20729,12.5,2019.0,21.0,Delta_Coastal
Flood,11.8942,107.0937,5.3,17449,9.6,2011.0,7.0,Delta_Coastal
Typhoon,8.874,106.0543,6.2,27678,10.2,2016.0,32.0,Delta_Coastal
Flood,23.0545,93.6469,8.3,26458,14.8,2005.0,184.0,Mountain_Highland
Flood,22.4436,103.408,5.6,5491,10.8,2017.0,20.0,Mountain_Highland
Flood,26.463,99.5557,6.3,43413,12.5,2007.0,30.0,Mountain_Highland
Flood,18.544,94.9564,6.7,35488,10.2,2019.0,45.0,Inland_Plain
Volcanic Eruption,-7.0759,103.4123,7.8,6286,13.6,2022.0,19.0,Delta_Coastal
Landslide,23.558,96.5224,5.1,20172,12.9,2015.0,10.0,Mountain_Highland
Flood,-7.7991,132.0259,6.4,40779,12.6,2024.0,39.0,Delta_Coastal
Flood,0.009,108.3409,6.1,21321,12.6,2013.0,8.0,Delta_Coastal
Flood,19.6328,106.102,7.9,19941,12.7,2022.0,61.0,Mountain_Highland
Cyclone,11.9123,97.6535,7.6,15735,13.1,2005.0,64.0,Delta_Coastal
Cyclone,14.6077,96.6855,5.8,21576,9.8,2026.0,14.0,Delta_Coastal
Cyclone,25.6772,96.7896,7.3,7561,14.7,2005.0,45.0,Mountain_Highland
Tropical Cyclone,13.7232,100.1561,6.8,38675,12.9,2016.0,32.0,Delta_Coastal
Flash Flood,6.0307,101.7975,7.5,13510,12.0,2016.0,20.0,Delta_Coastal
Flood,13.9099,100.2901,6.9,45998,12.7,2008.0,15.0,Delta_Coastal
Landslide,18.6003,93.7376,5.7,3547,12.0,2012.0,24.0,Mountain_Highland
Earthquake,17.7458,94.8639,5.5,16721,8.2,2021.0,4.0,Inland_Plain
Flood,14.9332,108.9232,6.6,24130,9.6,2024.0,20.0,Delta_Coastal
Flood,9.0138,109.3573,5.0,17875,9.9,2025.0,11.0,Delta_Coastal
Flood,14.271,101.6251,5.7,35477,8.8,2014.0,12.0,Delta_Coastal
Landslide,18.5866,95.657,6.8,44719,11.7,2015.0,45.0,Inland_Plain
Landslide,6.9733,101.529,6.3,37061,9.9,2013.0,37.0,Delta_Coastal
Cyclone,24.3874,100.9422,7.2,13963,14.0,2008.0,9.0,Mountain_Highland
Volcanic Eruption,14.8516,119.8272,5.0,10581,10.4,2012.0,15.0,Delta_Coastal
Landslide,13.4762,99.4389,6.9,12653,12.8,2008.0,15.0,Delta_Coastal
Earthquake,-3.7487,101.0582,4.3,7651,11.2,2005.0,1.0,Delta_Coastal
Flash Flood,6.3573,106.5627,5.4,20655,9.5,2026.0,23.0,Delta_Coastal
Cyclone,10.3952,95.5877,5.3,12477,9.7,2015.0,14.0,Delta_Coastal
Flood,20.4701,95.1996,4.4,25664,10.1,2011.0,4.0,Inland_Plain
Earthquake,22.4081,99.5701,7.6,31936,15.8,2024.0,23.0,Mountain_Highland
Landslide,18.533,104.0048,5.2,14680,10.9,2009.0,21.0,Inland_Plain
Drought,11.6258,106.2388,5.4,5436,10.1,2019.0,18.0,Delta_Coastal
Landslide,5.8994,103.724,5.2,28869,10.2,2008.0,19.0,Delta_Coastal
Flood,10.1935,93.4117,7.4,27630,12.0,2019.0,30.0,Delta_Coastal
Cyclone,16.582,93.7927,7.1,17326,10.4,2017.0,40.0,Delta_Coastal
Tsunami,1.3264,119.7373,6.1,8631,13.3,2020.0,15.0,Delta_Coastal
Drought,10.6074,101.5191,6.2,5033,10.2,2026.0,33.0,Delta_Coastal
Landslide,16.7153,94.7379,6.0,34962,9.0,2005.0,10.0,Delta_Coastal
Volcanic Eruption,16.1861,122.7958,5.8,20303,13.9,2015.0,28.0,Delta_Coastal
Earthquake,-2.4359,123.429,7.1,43298,12.5,2007.0,54.0,Delta_Coastal
Cyclone,19.7599,94.2271,8.8,12795,14.7,2019.0,173.0,Mountain_Highland
Tsunami,-5.2617,128.4156,5.5,18764,12.8,2022.0,22.0,Delta_Coastal
Cyclone,27.418,93.1888,5.2,23259,9.5,2005.0,4.0,Mountain_Highland
Landslide,14.8478,106.8375,6.9,4591,11.6,2023.0,11.0,Delta_Coastal
Earthquake,0.4896,126.1,4.8,6652,11.9,2026.0,10.0,Delta_Coastal
Tropical Cyclone,10.8789,99.0394,5.7,1629,8.2,2016.0,28.0,Delta_Coastal
Flash Flood,20.3547,102.2548,4.5,4085,11.4,2023.0,2.0,Mountain_Highland
Landslide,13.0254,101.3593,8.6,23443,14.3,2025.0,120.0,Delta_Coastal
Flood,12.1205,117.1248,6.9,3138,14.8,2025.0,19.0,Delta_Coastal
Flood,7.2158,102.2351,6.4,1765,9.7,2019.0,24.0,Delta_Coastal
Cyclone,26.947,97.9037,6.3,43158,10.9,2022.0,19.0,Mountain_Highland
Flood,1.9466,99.6528,5.5,16252,10.1,2012.0,6.0,Delta_Coastal
Typhoon,14.6516,109.0974,6.8,13886,11.0,2024.0,17.0,Delta_Coastal
Flash Flood,13.623,105.0401,7.2,10487,11.9,2007.0,36.0,Delta_Coastal
Cyclone,24.0983,98.113,5.7,6156,9.9,2011.0,7.0,Mountain_Highland
Flash Flood,13.8649,107.0697,7.5,6714,9.9,2014.0,13.0,Delta_Coastal
Flood,22.4567,95.0672,8.6,19019,17.1,2019.0,74.0,Inland_Plain
Volcanic Eruption,12.1547,124.6744,5.9,40660,13.2,2018.0,29.0,Delta_Coastal
Flood,7.5814,100.3703,6.9,39232,10.7,2015.0,44.0,Delta_Coastal
Earthquake,15.7854,118.2867,7.1,33372,15.2,2023.0,14.0,Delta_Coastal
Earthquake,14.1458,100.3863,8.8,27255,13.8,2010.0,133.0,Delta_Coastal
Tropical Cyclone,13.2321,103.1873,6.0,4716,9.7,2007.0,15.0,Delta_Coastal
Flood,12.3434,107.368,8.6,47490,12.7,2013.0,112.0,Delta_Coastal
Flood,12.5903,105.4527,7.1,19828,12.8,2016.0,24.0,Delta_Coastal
Landslide,17.0742,95.8936,6.7,44478,11.0,2014.0,39.0,Delta_Coastal
Drought,8.8656,98.9196,5.1,34176,7.6,2025.0,14.0,Delta_Coastal
Flash Flood,1.3115,103.925,6.6,6358,10.1,2025.0,34.0,Delta_Coastal
Earthquake,9.6851,125.3262,4.4,17142,8.8,2011.0,3.0,Delta_Coastal
Flood,12.3449,121.1363,5.6,33806,9.9,2007.0,28.0,Delta_Coastal
Landslide,4.9104,114.3249,7.3,4453,10.9,2011.0,29.0,Delta_Coastal
Flood,1.6132,112.4703,7.1,47494,11.1,2008.0,49.0,Delta_Coastal
Typhoon,13.9674,123.542,7.5,14170,12.1,2011.0,32.0,Delta_Coastal
Cyclone,24.603,93.2014,5.8,8542,11.1,2026.0,12.0,Mountain_Highland
Landslide,-2.0019,138.0574,6.3,6848,10.7,2014.0,11.0,Delta_Coastal
Landslide,13.3037,93.1265,7.8,50189,11.5,2026.0,17.0,Delta_Coastal
Cyclone,22.6143,99.7368,6.8,35306,14.0,2005.0,15.0,Mountain_Highland
Landslide,14.1604,124.2644,6.8,2233,15.7,2021.0,42.0,Delta_Coastal
Tsunami,0.0811,120.5793,5.7,5926,13.5,2007.0,16.0,Delta_Coastal
Flood,8.5899,121.2186,7.5,31254,15.0,2018.0,39.0,Delta_Coastal
Landslide,0.3086,130.2876,8.5,29950,13.3,2023.0,166.0,Delta_Coastal
Landslide,7.2576,103.0606,8.5,20245,11.7,2011.0,103.0,Delta_Coastal
Landslide,15.0006,92.5736,5.3,10363,10.0,2017.0,4.0,Delta_Coastal
Landslide,14.6626,98.8005,8.1,2012,12.5,2007.0,65.0,Delta_Coastal
Typhoon,10.4004,118.3285,4.6,3714,9.9,2011.0,3.0,Delta_Coastal
Drought,11.5983,102.8314,4.7,14484,8.0,2005.0,7.0,Delta_Coastal
Cyclone,19.5266,97.9581,5.7,7969,9.1,2015.0,30.0,Mountain_Highland
Drought,9.6679,104.7483,4.9,2842,9.3,2020.0,5.0,Delta_Coastal
Landslide,10.3322,93.0182,6.0,33820,10.1,2007.0,29.0,Delta_Coastal
Landslide,0.0171,130.4381,7.4,5363,13.3,2015.0,36.0,Delta_Coastal
Tsunami,-5.3013,113.502,5.1,6832,9.9,2012.0,7.0,Delta_Coastal
Flood,22.0106,98.2448,6.6,32332,15.0,2010.0,19.0,Mountain_Highland
Earthquake,6.0679,124.868,9.0,6085,17.6,2012.0,113.0,Delta_Coastal
Landslide,6.0208,118.881,8.5,41932,11.7,2025.0,162.0,Delta_Coastal
Typhoon,8.6965,108.6709,4.7,18982,8.8,2017.0,7.0,Delta_Coastal
Landslide,13.6217,104.8904,6.8,14138,9.5,2022.0,19.0,Delta_Coastal
Cyclone,10.8261,95.2265,5.7,5057,9.9,2010.0,18.0,Delta_Coastal
Volcanic Eruption,-9.063,122.2128,5.5,8521,11.9,2005.0,23.0,Delta_Coastal
Landslide,14.9146,98.3515,8.8,41147,12.6,2020.0,120.0,Delta_Coastal
Flood,18.7957,93.4921,6.9,20604,11.1,2013.0,51.0,Mountain_Highland
Typhoon,6.592,126.0226,7.1,44446,13.7,2012.0,40.0,Delta_Coastal
Flash Flood,4.2752,114.2039,6.1,6070,9.5,2006.0,36.0,Delta_Coastal
Landslide,9.9548,104.3756,5.8,40218,8.1,2005.0,17.0,Delta_Coastal
Drought,15.3671,99.491,7.2,39034,10.7,2005.0,37.0,Delta_Coastal
Landslide,21.3801,93.764,5.3,34977,10.0,2026.0,6.0,Mountain_Highland
Flood,12.3618,97.8959,7.7,30943,13.5,2016.0,16.0,Delta_Coastal
Volcanic Eruption,-6.9139,129.3396,6.6,12963,12.8,2024.0,41.0,Delta_Coastal
Flash Flood,14.3892,107.0076,4.5,11822,8.1,2018.0,4.0,Delta_Coastal
Landslide,8.8477,103.8291,7.1,33624,12.3,2008.0,21.0,Delta_Coastal
Cyclone,23.805,100.2554,8.7,18454,16.7,2020.0,105.0,Mountain_Highland
Earthquake,18.7288,97.6247,7.1,2554,12.3,2012.0,43.0,Inland_Plain
Flood,16.5897,101.3443,7.2,17314,12.2,2006.0,15.0,Delta_Coastal
Flood,4.5105,139.0072,6.7,36541,13.5,2021.0,21.0,Delta_Coastal
Tsunami,2.6327,96.3891,6.6,5035,12.6,2014.0,24.0,Delta_Coastal
Flood,8.5183,100.0333,4.8,22554,8.0,2021.0,11.0,Delta_Coastal
Landslide,3.2693,115.42,6.8,42720,9.5,2015.0,17.0,Delta_Coastal
Landslide,3.6149,128.8611,7.6,33952,12.1,2018.0,29.0,Delta_Coastal
Landslide,14.9995,98.2035,5.3,35311,7.8,2012.0,3.0,Delta_Coastal
Flash Flood,20.6841,101.4764,8.3,4921,15.3,2017.0,129.0,Mountain_Highland
Landslide,13.2837,124.8527,6.4,31164,11.1,2018.0,9.0,Delta_Coastal
Landslide,19.4252,95.6061,6.8,34979,10.8,2023.0,24.0,Inland_Plain
Tropical Cyclone,8.9578,100.6709,7.1,21054,12.8,2008.0,34.0,Delta_Coastal
Typhoon,11.4515,122.5788,4.2,18005,10.2,2013.0,2.0,Delta_Coastal
Cyclone,18.4265,96.8093,5.8,13417,8.7,2023.0,9.0,Inland_Plain
Cyclone,18.2161,101.2228,6.2,33540,12.2,2017.0,38.0,Inland_Plain
Landslide,3.4422,114.4861,6.2,13718,9.0,2022.0,36.0,Delta_Coastal
Landslide,15.7202,100.1378,5.4,22953,10.6,2026.0,4.0,Delta_Coastal
Cyclone,10.5125,92.9305,4.4,6943,8.6,2007.0,2.0,Delta_Coastal
Flood,3.3401,95.3051,5.9,15093,13.2,2009.0,24.0,Delta_Coastal
Volcanic Eruption,13.8828,118.2047,6.6,23625,12.3,2018.0,21.0,Delta_Coastal
Cyclone,10.0816,95.9628,4.6,23519,8.3,2010.0,6.0,Delta_Coastal
Coastal Surge,1.3456,103.6159,5.3,4894,11.2,2008.0,11.0,Delta_Coastal
Flood,-9.366,109.504,6.4,37475,13.6,2014.0,19.0,Delta_Coastal
Landslide,4.659,114.2173,6.6,456,9.8,2007.0,18.0,Delta_Coastal
Flood,20.4518,93.8883,5.6,13269,10.0,2019.0,19.0,Mountain_Highland
Landslide,22.348,102.5397,6.3,21157,11.2,2013.0,34.0,Mountain_Highland
Cyclone,10.6836,96.3176,5.6,36879,8.7,2008.0,15.0,Delta_Coastal
Cyclone,26.5937,94.0066,8.5,2516,15.0,2026.0,75.0,Mountain_Highland
Tsunami,-3.6604,119.6418,7.2,33330,13.3,2005.0,44.0,Delta_Coastal
Earthquake,-7.6262,114.3368,6.3,4829,11.1,2016.0,18.0,Delta_Coastal
Flash Flood,21.3222,103.3875,7.3,2060,14.3,2019.0,52.0,Mountain_Highland
Flood,17.48,99.8939,6.8,41632,12.8,2021.0,20.0,Delta_Coastal
Cyclone,10.281,98.0869,8.4,18159,12.9,2007.0,80.0,Delta_Coastal
Landslide,19.3399,108.1608,4.9,31158,8.3,2019.0,8.0,Mountain_Highland
Landslide,16.0376,97.2926,7.5,41217,12.5,2016.0,35.0,Delta_Coastal
Flood,-0.8179,112.0614,6.3,9054,14.9,2012.0,7.0,Delta_Coastal
Earthquake,16.4674,92.941,6.1,14830,9.7,2025.0,21.0,Delta_Coastal
Tropical Cyclone,6.242,105.2459,6.3,25435,11.5,2022.0,29.0,Delta_Coastal
Flood,-7.0887,126.9534,6.7,13958,13.4,2015.0,20.0,Delta_Coastal
Drought,6.1378,97.5354,5.0,20496,10.6,2009.0,15.0,Delta_Coastal
Tsunami,-2.986,104.4796,6.2,41572,14.9,2007.0,11.0,Delta_Coastal
Flood,7.8952,105.341,4.3,8902,8.3,2008.0,2.0,Delta_Coastal
Earthquake,-1.4994,137.8616,7.5,27568,15.1,2026.0,14.0,Delta_Coastal
Flash Flood,10.5328,102.9953,6.6,7675,10.2,2015.0,22.0,Delta_Coastal
Flash Flood,6.6358,108.1547,8.2,42451,13.1,2020.0,94.0,Delta_Coastal
Landslide,13.5847,125.7736,4.3,25471,11.7,2020.0,3.0,Delta_Coastal
Landslide,7.2434,100.8516,4.2,7023,7.3,2020.0,1.0,Delta_Coastal
Typhoon,15.3942,108.9629,7.3,26066,12.3,2006.0,12.0,Delta_Coastal
Flood,4.3265,102.113,7.1,42781,11.8,2025.0,23.0,Delta_Coastal
Flood,14.2171,107.9427,7.1,43014,11.6,2012.0,18.0,Delta_Coastal
Earthquake,-7.24,113.8222,8.2,36760,16.8,2015.0,156.0,Delta_Coastal
Earthquake,12.4023,98.0411,6.9,23306,10.1,2008.0,26.0,Delta_Coastal
Volcanic Eruption,1.6537,110.5832,7.3,13792,14.6,2015.0,20.0,Delta_Coastal
Earthquake,2.7585,117.5356,6.0,34494,11.5,2014.0,6.0,Delta_Coastal
Flood,14.8011,106.0877,6.8,8109,12.2,2007.0,30.0,Delta_Coastal
Volcanic Eruption,2.1095,124.9841,6.7,14867,11.6,2010.0,39.0,Delta_Coastal
Landslide,14.25,94.33,7.1,43277,11.5,2013.0,26.0,Delta_Coastal
Flood,11.6393,103.6807,6.7,43779,12.0,2026.0,36.0,Delta_Coastal
Flood,9.6366,120.8644,7.8,45740,14.5,2008.0,56.0,Delta_Coastal
Landslide,-9.3218,106.205,6.5,29104,10.6,2026.0,25.0,Delta_Coastal
Landslide,7.2749,117.429,6.8,33294,13.3,2006.0,12.0,Delta_Coastal
Drought,14.5033,100.7515,7.2,4289,13.7,2023.0,42.0,Delta_Coastal
Cyclone,10.4612,99.5364,5.7,29483,9.3,2017.0,22.0,Delta_Coastal
Drought,12.7204,99.5641,5.9,5097,11.3,2013.0,25.0,Delta_Coastal
Volcanic Eruption,18.0214,125.5937,5.2,13457,10.2,2017.0,7.0,Inland_Plain
Landslide,9.167,106.1218,8.4,3838,13.4,2019.0,170.0,Delta_Coastal
Earthquake,18.8479,94.5271,7.0,32216,11.5,2012.0,36.0,Inland_Plain
Drought,12.1171,103.0921,8.2,19196,13.1,2014.0,129.0,Delta_Coastal
Flood,15.7726,95.9186,7.8,52606,12.5,2020.0,66.0,Delta_Coastal
Typhoon,12.4772,118.0532,7.9,12303,13.1,2012.0,20.0,Delta_Coastal
Flash Flood,4.9742,115.0082,6.2,2353,11.0,2016.0,7.0,Delta_Coastal
Landslide,24.9028,96.631,5.8,24129,11.0,2021.0,32.0,Mountain_Highland
Earthquake,21.8688,97.8382,6.8,28848,10.5,2014.0,48.0,Mountain_Highland
Drought,14.4354,101.9626,6.1,41989,10.1,2022.0,12.0,Delta_Coastal
Cyclone,27.4763,93.88,7.7,34859,14.5,2009.0,53.0,Mountain_Highland
Flood,17.4649,94.6129,5.1,22010,9.8,2023.0,15.0,Delta_Coastal
Flash Flood,6.4048,109.9127,5.7,32255,10.1,2025.0,8.0,Delta_Coastal
Cyclone,15.8995,100.9076,6.9,19251,12.1,2019.0,20.0,Delta_Coastal
Flood,13.1038,92.5835,6.7,13653,10.6,2026.0,19.0,Delta_Coastal
Landslide,13.8008,96.2822,7.6,51166,12.5,2009.0,13.0,Delta_Coastal
Cyclone,12.9991,92.8162,5.6,31973,8.5,2008.0,15.0,Delta_Coastal
Flood,14.8423,119.2806,5.5,16069,11.1,2026.0,13.0,Delta_Coastal
Cyclone,15.439,97.8105,5.7,30138,10.0,2009.0,18.0,Delta_Coastal
Landslide,-6.1385,125.6057,5.2,1342,9.6,2012.0,9.0,Delta_Coastal
Flash Flood,4.9231,114.6439,8.2,4114,12.1,2009.0,50.0,Delta_Coastal
Storm Surge,19.3551,109.452,7.1,40096,13.4,2024.0,24.0,Mountain_Highland
Typhoon,15.3392,105.6332,5.9,1943,9.9,2021.0,25.0,Delta_Coastal
Flood,19.2527,105.9695,7.3,6371,11.4,2025.0,49.0,Mountain_Highland
Earthquake,24.0694,97.174,5.5,38262,11.0,2024.0,21.0,Mountain_Highland
Landslide,23.7691,97.495,6.9,31320,15.5,2023.0,50.0,Mountain_Highland
Flood,-3.352,123.395,7.6,38934,16.5,2020.0,18.0,Delta_Coastal
Flood,16.2904,121.1404,8.0,43888,14.1,2006.0,45.0,Delta_Coastal
Landslide,18.9457,120.9214,8.9,49993,16.3,2016.0,119.0,Inland_Plain
Flood,15.7655,103.1539,7.8,15132,12.1,2014.0,23.0,Delta_Coastal
Tsunami,-6.1657,108.2173,5.5,6685,12.7,2023.0,11.0,Delta_Coastal
Earthquake,14.1761,93.522,6.6,19468,11.4,2021.0,34.0,Delta_Coastal
Landslide,21.1908,99.3091,5.7,37406,11.5,2010.0,13.0,Mountain_Highland
Volcanic Eruption,11.0884,121.5155,4.6,9981,10.2,2014.0,7.0,Delta_Coastal
Flood,19.7849,107.9008,8.8,55401,13.2,2019.0,132.0,Mountain_Highland
Flood,20.557,106.4635,6.1,789,13.8,2010.0,16.0,Mountain_Highland
Cyclone,10.2262,98.9179,6.7,44806,11.5,2020.0,30.0,Delta_Coastal
Flood,20.3094,101.354,7.1,5979,13.5,2021.0,28.0,Mountain_Highland
Flood,-5.4855,98.2876,7.8,23554,13.2,2016.0,55.0,Delta_Coastal
Earthquake,-0.2588,96.2634,4.4,6788,10.0,2006.0,3.0,Delta_Coastal
Earthquake,24.9251,98.7207,7.7,23950,13.1,2021.0,30.0,Mountain_Highland
Cyclone,12.7197,93.9794,6.6,36486,11.6,2019.0,18.0,Delta_Coastal
Flood,12.2581,104.4271,4.9,32120,8.9,2014.0,12.0,Delta_Coastal
Volcanic Eruption,19.3602,124.0137,7.0,44142,12.7,2020.0,17.0,Mountain_Highland
Tsunami,-8.065,130.2824,8.5,43635,13.5,2008.0,170.0,Delta_Coastal
Drought,12.2046,103.4793,8.5,26482,12.5,2005.0,101.0,Delta_Coastal
Flood,15.6121,93.0701,8.6,45397,13.2,2014.0,138.0,Delta_Coastal
Landslide,6.1445,102.0795,5.8,14346,9.8,2009.0,28.0,Delta_Coastal
Cyclone,13.5406,96.8238,6.9,41564,10.8,2022.0,38.0,Delta_Coastal
Landslide,10.8689,100.1844,7.5,22567,12.0,2018.0,37.0,Delta_Coastal
Flood,20.6184,96.1015,7.0,8864,12.5,2026.0,47.0,Inland_Plain
Typhoon,11.2257,119.0046,7.0,42102,15.9,2019.0,24.0,Delta_Coastal
Earthquake,10.3409,98.8391,5.7,20260,10.2,2015.0,19.0,Delta_Coastal
Landslide,6.1197,108.7142,6.6,9234,9.6,2017.0,21.0,Delta_Coastal
Earthquake,14.6668,100.7202,8.2,10753,14.5,2005.0,180.0,Delta_Coastal
Flash Flood,1.6848,100.6438,4.2,18699,8.4,2012.0,0.0,Delta_Coastal
Landslide,22.5415,95.7697,6.6,9748,13.1,2014.0,29.0,Inland_Plain
Cyclone,22.9682,94.7034,7.7,2340,13.9,2007.0,23.0,Inland_Plain
Earthquake,12.5929,100.458,5.9,39486,10.6,2005.0,23.0,Delta_Coastal
Flood,25.9107,93.3736,4.8,24926,12.1,2016.0,13.0,Mountain_Highland
Landslide,26.7492,99.4414,7.4,35289,14.9,2025.0,29.0,Mountain_Highland
Cyclone,17.4461,94.7907,7.5,9739,11.1,2005.0,40.0,Delta_Coastal
Landslide,12.5262,93.1499,8.4,28304,12.5,2011.0,37.0,Delta_Coastal
Flood,15.3862,98.628,8.4,22718,12.3,2014.0,61.0,Delta_Coastal
Flood,23.4545,93.9494,8.5,59221,15.7,2019.0,129.0,Mountain_Highland
Landslide,22.7371,97.8673,6.2,12112,11.5,2017.0,7.0,Mountain_Highland
Earthquake,12.5625,93.0583,7.6,21840,12.1,2026.0,50.0,Delta_Coastal
Volcanic Eruption,3.3363,104.9071,6.6,7933,13.2,2023.0,16.0,Delta_Coastal
Landslide,17.4171,98.973,7.5,27067,13.5,2009.0,58.0,Delta_Coastal
Cyclone,19.0172,93.9308,6.1,41739,10.7,2010.0,12.0,Mountain_Highland
Storm Surge,20.2484,109.139,6.5,15206,10.9,2020.0,20.0,Mountain_Highland
Storm Surge,15.4126,104.0825,6.5,14744,10.2,2016.0,21.0,Delta_Coastal
Flood,11.1562,98.0701,6.6,32870,12.6,2017.0,35.0,Delta_Coastal
Tsunami,-7.6754,139.4886,6.1,14327,14.3,2012.0,29.0,Delta_Coastal
Typhoon,15.3588,119.6993,7.1,13046,12.7,2006.0,43.0,Delta_Coastal
Cyclone,13.7349,93.2014,6.9,41630,13.1,2018.0,38.0,Delta_Coastal
Coastal Surge,1.362,103.7223,5.0,3148,8.7,2024.0,8.0,Delta_Coastal
Flood,18.1381,94.8062,6.3,10717,10.4,2014.0,26.0,Inland_Plain
Earthquake,14.8263,96.558,5.8,21658,10.5,2026.0,24.0,Delta_Coastal
Flood,23.2604,98.516,6.8,17665,12.4,2015.0,40.0,Mountain_Highland
Landslide,-4.8136,135.2778,6.8,23672,14.4,2026.0,24.0,Delta_Coastal
Earthquake,3.8494,99.9365,5.3,36370,11.1,2015.0,10.0,Delta_Coastal
Flood,23.2629,100.2993,5.8,19635,11.4,2015.0,16.0,Mountain_Highland
Landslide,-2.3538,107.514,6.9,4531,14.1,2017.0,16.0,Delta_Coastal
Landslide,19.6202,93.5189,5.3,26544,10.1,2011.0,23.0,Mountain_Highland
Landslide,6.8177,105.9243,7.5,51891,10.3,2006.0,13.0,Delta_Coastal
Earthquake,16.105,98.2764,6.6,16067,10.8,2011.0,46.0,Delta_Coastal
Flood,13.8296,94.4919,6.2,8980,8.5,2018.0,34.0,Delta_Coastal
Flood,11.0031,97.064,7.8,7141,12.4,2007.0,30.0,Delta_Coastal
Landslide,13.6629,92.524,5.8,17613,8.6,2005.0,14.0,Delta_Coastal
Volcanic Eruption,18.1386,124.6582,6.2,5392,12.8,2026.0,18.0,Inland_Plain
Earthquake,18.8312,95.1992,7.2,31010,11.9,2022.0,18.0,Inland_Plain
Typhoon,17.1659,123.1932,7.6,50631,13.1,2015.0,14.0,Delta_Coastal
Storm Surge,14.32,103.8584,7.0,5126,11.5,2022.0,9.0,Delta_Coastal
Earthquake,18.5026,95.4551,7.1,15601,11.0,2005.0,23.0,Inland_Plain
Cyclone,15.497,96.7199,6.7,42377,9.4,2012.0,23.0,Delta_Coastal
Typhoon,21.1309,108.2946,6.7,9278,12.6,2011.0,43.0,Mountain_Highland
Drought,9.3156,103.7304,5.4,33872,9.4,2012.0,17.0,Delta_Coastal
Storm Surge,12.5008,108.4665,7.2,45823,11.1,2024.0,56.0,Delta_Coastal
Earthquake,19.9571,96.6738,8.6,20597,12.4,2006.0,183.0,Mountain_Highland
Earthquake,25.1206,97.7521,6.5,39618,13.4,2015.0,26.0,Mountain_Highland
Cyclone,25.2866,100.0185,6.5,42920,13.3,2007.0,29.0,Mountain_Highland
Landslide,21.6962,97.1793,6.9,25502,11.5,2023.0,40.0,Mountain_Highland
Tropical Cyclone,11.869,98.3631,7.7,6748,11.5,2017.0,23.0,Delta_Coastal
Flood,16.1303,103.8101,7.1,6497,10.9,2018.0,42.0,Delta_Coastal
Flood,26.065,100.8391,5.6,7842,10.1,2007.0,14.0,Mountain_Highland
Flood,-3.1641,97.571,6.9,12322,13.1,2010.0,12.0,Delta_Coastal
Cyclone,13.6226,96.6506,5.9,35488,11.4,2008.0,28.0,Delta_Coastal
Flood,7.4551,123.0934,5.3,20785,11.5,2011.0,10.0,Delta_Coastal
Flood,21.4632,102.1331,7.9,53056,12.4,2016.0,62.0,Mountain_Highland
Landslide,18.0043,97.8038,6.7,45145,11.1,2023.0,27.0,Inland_Plain
Typhoon,8.7554,125.3027,6.6,5025,13.1,2012.0,7.0,Delta_Coastal
Earthquake,3.7801,107.7167,8.4,4210,15.0,2007.0,99.0,Delta_Coastal
Landslide,8.9918,106.8054,6.9,13147,12.4,2026.0,10.0,Delta_Coastal
Landslide,12.4983,117.1771,8.7,33467,16.4,2018.0,167.0,Delta_Coastal
Landslide,22.5195,93.4296,5.0,17423,11.5,2005.0,16.0,Mountain_Highland
Landslide,18.2788,123.4786,7.5,41439,15.2,2008.0,21.0,Inland_Plain
Landslide,22.5888,95.134,6.5,1842,15.0,2016.0,18.0,Inland_Plain
Earthquake,13.7096,96.7485,8.1,12316,12.3,2008.0,39.0,Delta_Coastal
Cyclone,16.6763,100.5201,5.3,33468,10.8,2020.0,18.0,Delta_Coastal
Cyclone,25.9972,94.4691,6.3,38619,13.0,2013.0,21.0,Mountain_Highland
Landslide,4.6288,128.7926,6.3,10555,15.0,2005.0,40.0,Delta_Coastal
Earthquake,13.6532,99.1011,6.9,7421,11.1,2012.0,25.0,Delta_Coastal
Tsunami,5.289,106.2757,7.2,7032,14.3,2005.0,47.0,Delta_Coastal
Landslide,16.4603,105.2012,6.0,23637,9.4,2025.0,22.0,Delta_Coastal
Flood,16.9898,92.6256,7.6,18730,10.4,2020.0,18.0,Delta_Coastal
Flood,7.3378,125.2484,5.2,9507,10.8,2018.0,10.0,Delta_Coastal
Flood,13.365,97.0578,7.0,40406,11.7,2017.0,44.0,Delta_Coastal
Landslide,-10.3076,117.0318,7.2,17850,15.2,2009.0,45.0,Delta_Coastal
Cyclone,14.2518,94.094,5.0,16528,7.1,2015.0,16.0,Delta_Coastal
Flood,6.1917,124.4221,6.9,10428,13.0,2009.0,33.0,Delta_Coastal
Volcanic Eruption,16.6967,122.748,8.5,33270,14.4,2017.0,88.0,Delta_Coastal
Landslide,11.5425,94.8678,6.3,4377,10.7,2014.0,31.0,Delta_Coastal
Flood,14.9415,106.4567,8.3,19586,12.7,2020.0,137.0,Delta_Coastal
Tsunami,-4.1619,99.3353,7.1,46159,14.6,2013.0,19.0,Delta_Coastal
Landslide,2.959,103.7591,8.4,3549,14.6,2021.0,106.0,Delta_Coastal
Flood,21.3324,92.6894,5.5,13911,8.3,2018.0,10.0,Mountain_Highland
Flood,10.9104,106.5365,4.5,25222,9.4,2024.0,6.0,Delta_Coastal
Cyclone,18.1444,93.9375,7.2,30787,12.5,2012.0,20.0,Mountain_Highland
Earthquake,11.6993,119.8519,4.8,5594,11.5,2009.0,6.0,Delta_Coastal
Tsunami,-2.5027,99.0725,6.0,3346,13.2,2015.0,14.0,Delta_Coastal
Earthquake,17.8457,96.4261,5.5,14955,10.0,2026.0,12.0,Inland_Plain
Flood,17.0266,93.0802,6.2,40757,9.5,2022.0,11.0,Delta_Coastal
Landslide,20.4464,97.307,6.2,3424,11.0,2015.0,23.0,Mountain_Highland
Cyclone,22.3708,94.795,7.0,1533,11.9,2009.0,34.0,Inland_Plain
Cyclone,17.2744,93.4692,6.2,16643,10.2,2012.0,13.0,Delta_Coastal
Volcanic Eruption,0.3125,115.4457,6.4,32471,12.7,2006.0,39.0,Delta_Coastal
Typhoon,9.3485,120.2632,7.1,10187,14.2,2019.0,37.0,Delta_Coastal
Flash Flood,2.4777,115.8303,6.6,2416,11.3,2024.0,7.0,Delta_Coastal
Flood,24.5378,93.28,8.0,27169,14.8,2020.0,63.0,Mountain_Highland
Earthquake,13.1315,122.591,8.0,44468,15.3,2012.0,19.0,Delta_Coastal
Volcanic Eruption,-7.8328,131.9893,7.1,29270,12.3,2008.0,51.0,Delta_Coastal
Landslide,5.5451,99.9543,6.5,14695,10.8,2011.0,21.0,Delta_Coastal
Landslide,12.0321,94.6132,6.8,35999,12.7,2018.0,33.0,Delta_Coastal
Flood,13.5962,98.6717,4.4,25152,8.2,2009.0,3.0,Delta_Coastal
Drought,13.7522,104.6288,6.7,2757,11.1,2025.0,20.0,Delta_Coastal
Landslide,16.4828,95.2022,6.7,18049,11.4,2019.0,21.0,Delta_Coastal
Landslide,-0.3016,124.7909,7.3,35758,15.6,2006.0,19.0,Delta_Coastal
Flood,0.12,108.921,8.4,43960,16.2,2015.0,90.0,Delta_Coastal
Flood,11.4513,122.6961,8.7,11804,15.3,2022.0,139.0,Delta_Coastal
Flash Flood,17.8747,102.9432,6.5,3239,12.0,2019.0,27.0,Inland_Plain
Drought,15.9416,101.1075,5.7,33551,8.8,2021.0,29.0,Delta_Coastal
Landslide,10.3586,96.4266,6.5,37434,10.0,2013.0,25.0,Delta_Coastal
Flood,1.9376,118.3716,8.3,2011,11.3,2016.0,91.0,Delta_Coastal
Volcanic Eruption,-10.0198,132.1088,5.9,40079,13.6,2014.0,27.0,Delta_Coastal
Earthquake,17.2213,96.0987,6.9,28428,12.1,2007.0,42.0,Delta_Coastal
Landslide,25.0493,93.2802,5.2,9433,12.7,2009.0,8.0,Mountain_Highland
Flood,-5.412,125.6567,5.6,9771,12.5,2008.0,20.0,Delta_Coastal
Flood,1.5944,104.508,6.4,17707,12.0,2025.0,42.0,Delta_Coastal
Cyclone,14.2262,97.4705,6.2,8841,9.0,2018.0,22.0,Delta_Coastal
Earthquake,27.4113,94.6286,5.7,19826,13.0,2019.0,23.0,Inland_Plain
Flood,19.8068,104.2763,5.7,2982,13.7,2026.0,29.0,Mountain_Highland
Tropical Cyclone,14.0761,98.38,7.5,31783,13.0,2017.0,11.0,Delta_Coastal
Earthquake,8.1675,119.0964,5.3,8345,11.6,2005.0,6.0,Delta_Coastal
Landslide,-10.235,139.4646,7.0,28539,13.2,2009.0,13.0,Delta_Coastal
Tropical Cyclone,19.4106,97.7601,6.4,28550,10.9,2022.0,18.0,Mountain_Highland
Landslide,27.3188,94.318,7.3,5651,15.3,2022.0,58.0,Mountain_Highland
Cyclone,15.428,96.4374,8.4,27953,12.7,2024.0,121.0,Delta_Coastal
Cyclone,18.4641,98.6979,8.3,32902,12.4,2024.0,71.0,Inland_Plain
Tropical Cyclone,19.2031,99.166,6.8,37089,10.1,2021.0,26.0,Mountain_Highland
Cyclone,23.4763,95.0366,6.2,34055,12.5,2025.0,23.0,Inland_Plain
Drought,12.9557,102.4913,8.1,43795,12.6,2015.0,91.0,Delta_Coastal
Earthquake,22.3023,96.5863,7.2,26405,15.1,2018.0,15.0,Mountain_Highland
Landslide,21.071,99.4538,8.1,49826,12.2,2020.0,93.0,Mountain_Highland
Landslide,25.5737,98.7541,5.4,32570,12.3,2022.0,4.0,Mountain_Highland
Tsunami,2.6697,100.0155,9.1,30350,14.2,2009.0,100.0,Delta_Coastal
Landslide,4.437,114.2934,6.7,15799,11.5,2022.0,47.0,Delta_Coastal
Earthquake,24.6157,93.967,5.7,8130,12.8,2023.0,24.0,Mountain_Highland
Flood,5.9344,110.1185,8.6,49708,13.1,2019.0,117.0,Delta_Coastal
Flood,18.7901,97.8116,7.9,47170,10.5,2025.0,68.0,Inland_Plain
Earthquake,15.6798,101.0179,8.0,29286,12.5,2006.0,49.0,Delta_Coastal
Typhoon,17.0307,106.5104,8.1,18997,12.6,2024.0,102.0,Delta_Coastal
Earthquake,18.704,93.3104,6.4,39635,9.5,2020.0,28.0,Mountain_Highland
Flood,20.189,93.2095,4.8,20556,9.9,2022.0,13.0,Mountain_Highland
Landslide,20.7629,105.2705,7.6,42926,13.6,2020.0,62.0,Mountain_Highland
Landslide,-10.376,95.5451,6.5,6994,12.0,2026.0,36.0,Delta_Coastal
Typhoon,16.7965,104.4598,8.6,47533,13.4,2011.0,177.0,Delta_Coastal
Drought,10.6035,105.6649,6.4,37041,8.8,2010.0,38.0,Delta_Coastal
Flood,4.108,114.7891,6.5,30647,9.9,2022.0,21.0,Delta_Coastal
Landslide,22.0102,92.6043,7.1,38802,13.8,2008.0,37.0,Mountain_Highland
Flood,2.0764,130.3068,8.3,3109,16.6,2022.0,166.0,Delta_Coastal
Flood,14.1901,101.7358,5.4,816,10.4,2024.0,7.0,Delta_Coastal
Typhoon,15.498,126.3434,5.3,21231,11.1,2014.0,4.0,Delta_Coastal
Cyclone,17.4497,96.0489,7.7,11429,11.4,2018.0,63.0,Delta_Coastal
Cyclone,23.5152,100.486,6.9,18965,12.6,2012.0,21.0,Mountain_Highland
Landslide,9.918,107.2627,7.0,23241,10.5,2020.0,21.0,Delta_Coastal
Landslide,-5.6332,116.9189,7.4,50700,13.9,2018.0,57.0,Delta_Coastal
Landslide,13.6385,96.1917,7.9,49213,11.5,2025.0,67.0,Delta_Coastal
Flash Flood,13.1734,104.6142,7.4,1704,11.4,2021.0,24.0,Delta_Coastal
Flood,7.8195,123.8674,7.0,16146,12.3,2020.0,47.0,Delta_Coastal
Landslide,-3.4971,125.0444,7.1,36929,12.8,2007.0,51.0,Delta_Coastal
Drought,12.436,106.6406,6.6,7607,12.2,2021.0,32.0,Delta_Coastal
Landslide,14.8845,94.8782,5.5,19483,10.0,2015.0,17.0,Delta_Coastal
Volcanic Eruption,-10.1332,131.7896,6.2,16144,12.9,2021.0,22.0,Delta_Coastal
Landslide,20.2282,95.2518,7.0,38399,11.2,2023.0,15.0,Inland_Plain
Earthquake,-9.4417,116.3424,7.3,27596,11.5,2006.0,42.0,Delta_Coastal
Landslide,5.5383,123.1115,8.2,4191,13.4,2006.0,110.0,Delta_Coastal
Flood,9.9503,121.5279,6.6,38848,12.6,2022.0,40.0,Delta_Coastal
Drought,6.0153,103.2378,5.9,12557,8.6,2007.0,15.0,Delta_Coastal
Typhoon,5.8,121.1591,5.9,28833,11.3,2006.0,17.0,Delta_Coastal
Flood,18.4611,102.337,6.9,25581,12.2,2023.0,40.0,Inland_Plain
Flood,2.511,122.6056,4.9,21070,13.1,2011.0,9.0,Delta_Coastal
Flood,6.9039,108.0899,6.4,15080,10.4,2023.0,10.0,Delta_Coastal
Tropical Cyclone,17.574,104.9332,5.5,29769,9.4,2021.0,21.0,Inland_Plain
Landslide,14.0951,94.6525,8.5,53952,13.7,2019.0,100.0,Delta_Coastal
Earthquake,22.1573,100.3959,6.6,43538,14.4,2019.0,32.0,Mountain_Highland
Drought,9.5742,101.948,7.6,52690,13.0,2005.0,37.0,Delta_Coastal
Volcanic Eruption,-6.5687,138.1442,6.5,29040,11.6,2013.0,40.0,Delta_Coastal
Earthquake,20.9164,98.4789,6.1,24267,9.8,2023.0,10.0,Mountain_Highland
Flood,18.6556,106.8461,5.0,24146,9.5,2016.0,8.0,Inland_Plain
Landslide,5.3103,97.3542,7.0,22771,14.1,2009.0,36.0,Delta_Coastal
Flood,12.8424,98.2177,6.9,38666,11.8,2012.0,31.0,Delta_Coastal
Landslide,23.992,95.0568,4.3,3673,10.5,2014.0,3.0,Inland_Plain
Flood,18.1238,101.4077,5.3,3221,9.5,2011.0,12.0,Inland_Plain
Flood,16.3442,95.0974,6.4,39057,12.4,2008.0,11.0,Delta_Coastal
Landslide,13.2003,99.3784,6.7,36280,10.6,2020.0,46.0,Delta_Coastal
Drought,16.7537,98.9739,7.9,14510,12.0,2026.0,28.0,Delta_Coastal
Volcanic Eruption,1.3424,140.3927,4.6,31256,13.3,2012.0,8.0,Delta_Coastal
Volcanic Eruption,2.8027,102.5984,5.5,19692,10.8,2008.0,12.0,Delta_Coastal
Volcanic Eruption,11.235,122.3217,7.1,25153,15.1,2010.0,24.0,Delta_Coastal
Cyclone,19.6644,93.3389,8.9,15014,14.4,2014.0,106.0,Mountain_Highland
Tropical Cyclone,11.0625,97.792,8.6,13988,14.4,2009.0,82.0,Delta_Coastal
Landslide,5.1456,107.59,5.9,5037,10.7,2016.0,19.0,Delta_Coastal
Landslide,5.0093,114.3782,8.8,16753,12.7,2024.0,104.0,Delta_Coastal
Tropical Cyclone,9.616,101.0144,8.2,18776,11.6,2009.0,70.0,Delta_Coastal
Earthquake,10.953,95.8553,6.6,44699,11.9,2022.0,42.0,Delta_Coastal
Tsunami,4.8645,125.5576,6.3,31400,13.6,2022.0,19.0,Delta_Coastal
Earthquake,-4.0701,132.2551,6.1,36413,13.8,2019.0,29.0,Delta_Coastal
Flash Flood,21.085,105.2165,8.6,7253,13.9,2026.0,123.0,Mountain_Highland
Landslide,14.0584,93.0463,4.5,19529,9.8,2008.0,5.0,Delta_Coastal
Volcanic Eruption,4.573,126.3804,5.4,27052,14.0,2021.0,17.0,Delta_Coastal
Flood,16.8608,104.3422,8.5,59418,13.4,2009.0,139.0,Delta_Coastal
Flood,6.0088,97.8674,6.2,32962,11.5,2024.0,18.0,Delta_Coastal
Landslide,4.5199,131.6368,6.0,31760,12.6,2008.0,25.0,Delta_Coastal
Flood,14.7614,106.2213,6.0,2941,13.1,2018.0,24.0,Delta_Coastal
Flood,18.1943,117.1792,6.2,12462,11.7,2005.0,19.0,Inland_Plain
Storm Surge,9.9884,106.6885,8.2,53467,13.1,2024.0,100.0,Delta_Coastal
Flood,10.6792,98.6918,7.0,22934,11.2,2014.0,46.0,Delta_Coastal
Landslide,16.3726,106.8788,6.2,2095,11.7,2018.0,22.0,Delta_Coastal
Typhoon,17.9106,102.4521,6.5,2086,10.3,2007.0,39.0,Inland_Plain
Flood,12.3499,93.1457,4.5,29606,7.1,2018.0,7.0,Delta_Coastal
Volcanic Eruption,-1.6609,128.6631,6.0,14672,11.0,2011.0,27.0,Delta_Coastal
Landslide,12.2809,103.5868,4.4,21580,7.7,2009.0,3.0,Delta_Coastal
Tropical Cyclone,11.5373,98.1081,5.8,37773,9.0,2013.0,18.0,Delta_Coastal
Flood,21.1109,100.2305,5.8,12718,9.3,2006.0,31.0,Mountain_Highland
Coastal Surge,1.2581,103.6447,8.1,1472,14.3,2020.0,90.0,Delta_Coastal
Landslide,18.6908,101.3996,5.0,2477,10.3,2011.0,14.0,Inland_Plain
Flood,22.4407,107.8342,9.1,13413,14.1,2009.0,117.0,Mountain_Highland
Landslide,-5.4282,120.8523,7.3,28471,14.4,2025.0,21.0,Delta_Coastal
Flood,5.7838,117.7851,5.1,30068,9.5,2013.0,7.0,Delta_Coastal
Earthquake,11.9331,97.2088,5.0,9504,7.7,2006.0,11.0,Delta_Coastal
Flood,14.1979,105.0103,5.5,17163,9.8,2023.0,14.0,Delta_Coastal
Flood,17.2598,97.6931,5.7,29725,11.6,2012.0,18.0,Delta_Coastal
Flash Flood,19.7127,101.9857,5.9,946,12.9,2012.0,15.0,Mountain_Highland
Landslide,15.6035,98.4993,7.7,19688,11.4,2007.0,53.0,Delta_Coastal
Earthquake,16.2205,97.7701,7.5,3099,10.6,2017.0,12.0,Delta_Coastal
Cyclone,18.2684,101.4551,7.1,46581,11.0,2018.0,17.0,Inland_Plain
Landslide,19.2651,99.4016,9.1,20859,13.8,2006.0,121.0,Mountain_Highland
Typhoon,18.3839,125.083,5.6,38321,10.2,2006.0,21.0,Inland_Plain
Landslide,13.9639,107.1611,7.9,17187,12.7,2015.0,38.0,Delta_Coastal
Tropical Cyclone,13.1916,99.0933,7.4,3409,10.7,2010.0,46.0,Delta_Coastal
Landslide,10.0276,93.1286,7.3,41344,10.7,2009.0,19.0,Delta_Coastal
Flood,19.1628,125.1008,6.1,28904,13.1,2019.0,14.0,Mountain_Highland
Typhoon,17.3221,119.0663,5.4,21881,12.3,2017.0,20.0,Delta_Coastal
Earthquake,18.7391,99.6646,6.4,23782,11.5,2011.0,20.0,Inland_Plain
Landslide,21.6068,98.5121,6.2,22601,11.9,2009.0,9.0,Mountain_Highland
Landslide,23.7953,100.5474,7.5,6015,13.1,2010.0,33.0,Mountain_Highland
Cyclone,21.8718,100.2174,6.3,4953,9.5,2021.0,9.0,Mountain_Highland
Earthquake,-8.8155,137.5377,5.7,8105,10.6,2007.0,25.0,Delta_Coastal
Flood,3.9103,104.6149,6.3,39038,10.7,2023.0,13.0,Delta_Coastal
Flood,6.6366,98.8048,5.9,17957,11.7,2023.0,27.0,Delta_Coastal
Flood,15.4207,102.0332,6.8,15596,10.7,2011.0,40.0,Delta_Coastal
Landslide,14.1735,93.8497,4.6,19642,8.9,2006.0,3.0,Delta_Coastal
Earthquake,14.7505,98.7817,6.3,30295,10.5,2020.0,21.0,Delta_Coastal
Cyclone,14.4705,93.041,5.7,21406,8.6,2013.0,22.0,Delta_Coastal
Earthquake,10.7683,92.7672,5.7,14149,9.9,2012.0,9.0,Delta_Coastal
Landslide,-6.3994,101.3551,4.4,10092,10.4,2015.0,3.0,Delta_Coastal
Tropical Cyclone,9.8486,103.1515,7.1,42054,10.5,2015.0,11.0,Delta_Coastal
Flood,16.2721,94.6516,9.1,3718,15.0,2023.0,95.0,Delta_Coastal
Cyclone,18.6051,100.8573,7.0,17771,11.4,2024.0,37.0,Inland_Plain
Cyclone,17.5356,101.4559,5.6,22682,9.9,2024.0,22.0,Inland_Plain
Flood,18.0126,93.7194,4.3,23161,8.9,2015.0,2.0,Mountain_Highland
Drought,10.0126,102.3715,7.5,50001,13.0,2009.0,51.0,Delta_Coastal
Volcanic Eruption,-8.7316,100.5491,6.2,28378,11.0,2020.0,31.0,Delta_Coastal
Cyclone,17.1311,94.6037,8.0,29822,12.1,2025.0,59.0,Delta_Coastal
Earthquake,2.0724,128.5711,6.0,23670,13.6,2018.0,13.0,Delta_Coastal
Volcanic Eruption,5.4494,124.6032,5.9,27541,11.4,2015.0,32.0,Delta_Coastal
Volcanic Eruption,-8.1743,115.0824,6.9,10167,15.8,2021.0,24.0,Delta_Coastal
Flood,6.4372,102.5482,5.7,28959,10.2,2014.0,29.0,Delta_Coastal
Earthquake,27.1583,99.2538,5.9,16030,11.2,2014.0,29.0,Mountain_Highland
Cyclone,22.2775,97.1464,6.9,46174,13.1,2025.0,22.0,Mountain_Highland
Typhoon,9.4301,106.1783,7.8,4885,10.9,2012.0,63.0,Delta_Coastal
Landslide,18.3959,118.1881,7.3,2222,13.5,2010.0,56.0,Inland_Plain
Flood,0.8635,104.3189,7.9,6509,12.6,2017.0,14.0,Delta_Coastal
Earthquake,23.8758,94.0561,7.7,11163,15.2,2007.0,54.0,Mountain_Highland
Landslide,4.4254,102.4906,6.5,41120,10.7,2025.0,18.0,Delta_Coastal
Storm Surge,16.1721,102.7477,7.0,21770,9.8,2011.0,49.0,Delta_Coastal
Landslide,6.6393,109.4939,6.3,27602,11.2,2024.0,35.0,Delta_Coastal
Landslide,13.1677,109.0749,6.7,19294,9.4,2021.0,9.0,Delta_Coastal
Cyclone,24.0273,95.0466,7.6,8563,12.2,2012.0,62.0,Inland_Plain
Flood,25.3095,92.9985,8.0,39486,13.9,2005.0,35.0,Mountain_Highland
Volcanic Eruption,13.205,124.379,5.5,36932,10.9,2014.0,17.0,Delta_Coastal
Flood,23.1977,94.5305,7.2,38943,13.8,2005.0,22.0,Inland_Plain
Volcanic Eruption,18.8887,121.3987,6.5,10110,12.9,2011.0,15.0,Inland_Plain
Flood,19.0679,105.6369,6.9,891,12.3,2008.0,40.0,Mountain_Highland
Landslide,21.3734,96.5839,5.3,35717,9.4,2007.0,5.0,Mountain_Highland
Landslide,-0.6504,98.5226,7.7,5901,14.6,2016.0,36.0,Delta_Coastal
Flood,22.5856,98.4934,8.4,15232,15.4,2015.0,163.0,Mountain_Highland
Flood,21.7773,94.8012,4.7,5781,7.9,2021.0,5.0,Inland_Plain
Cyclone,12.3956,93.3488,8.4,2120,12.6,2022.0,60.0,Delta_Coastal
Landslide,26.4516,100.3318,6.8,22124,12.3,2020.0,46.0,Mountain_Highland
Flash Flood,13.2245,105.7448,7.4,25987,11.1,2017.0,31.0,Delta_Coastal
Landslide,16.8728,105.056,8.0,26576,13.5,2023.0,25.0,Delta_Coastal
Landslide,13.1161,95.8614,6.6,18115,9.5,2023.0,10.0,Delta_Coastal
Earthquake,-9.3859,113.7398,7.2,25940,14.7,2021.0,39.0,Delta_Coastal
Landslide,3.6958,118.416,6.8,34081,11.5,2020.0,45.0,Delta_Coastal
Flood,15.9044,100.7656,6.5,6451,10.1,2018.0,24.0,Delta_Coastal
Cyclone,17.9463,95.4537,5.7,8811,10.9,2023.0,8.0,Inland_Plain
Flood,11.5014,119.9087,5.5,18571,12.0,2018.0,19.0,Delta_Coastal
Landslide,21.1306,102.068,8.8,45624,14.3,2018.0,92.0,Mountain_Highland
Flash Flood,12.2287,104.3068,7.1,28631,11.1,2019.0,44.0,Delta_Coastal
Landslide,24.3625,97.4013,6.3,31917,12.3,2018.0,12.0,Mountain_Highland
Landslide,11.8206,123.0697,7.0,8479,13.4,2007.0,13.0,Delta_Coastal
Cyclone,14.2469,98.3391,4.5,3846,7.9,2023.0,1.0,Delta_Coastal
Landslide,23.3664,101.2511,4.7,28168,12.1,2012.0,7.0,Mountain_Highland
Landslide,-0.2608,132.5781,6.4,15371,14.8,2013.0,29.0,Delta_Coastal
Typhoon,12.3818,121.5478,7.9,14550,15.9,2012.0,36.0,Delta_Coastal
Landslide,17.2169,108.4486,4.5,18228,7.0,2023.0,4.0,Delta_Coastal
Earthquake,0.974,125.3869,7.0,4230,12.7,2011.0,38.0,Delta_Coastal
Landslide,11.2492,96.7313,5.7,19823,9.6,2012.0,14.0,Delta_Coastal
Flood,12.4419,107.5941,7.2,47975,12.8,2019.0,45.0,Delta_Coastal
Flood,3.8425,95.3837,8.7,55135,14.7,2026.0,60.0,Delta_Coastal
Earthquake,20.048,95.3354,7.2,7646,11.3,2006.0,48.0,Inland_Plain
Cyclone,17.3259,92.8018,6.5,37273,12.2,2020.0,22.0,Delta_Coastal
Flood,21.0808,108.3416,6.4,43182,10.4,2015.0,42.0,Mountain_Highland
Landslide,4.3026,100.1665,5.6,15806,8.3,2021.0,12.0,Delta_Coastal
Landslide,26.2553,95.1935,6.9,36574,13.4,2007.0,30.0,Inland_Plain
Flood,21.1759,105.5617,5.4,6693,10.3,2016.0,5.0,Mountain_Highland
Flood,12.7514,119.9956,6.0,3464,12.3,2010.0,14.0,Delta_Coastal
Cyclone,12.6416,93.5146,7.1,47946,11.5,2011.0,55.0,Delta_Coastal
Drought,7.8897,103.8083,4.5,30857,9.7,2016.0,3.0,Delta_Coastal
Flood,14.7339,92.8757,4.7,32210,9.4,2012.0,2.0,Delta_Coastal
Flood,-4.4538,113.9348,8.5,15653,17.2,2023.0,135.0,Delta_Coastal
Flood,19.685,100.1215,6.3,8198,11.8,2025.0,8.0,Mountain_Highland
Typhoon,8.6865,119.6453,5.9,2638,11.3,2005.0,25.0,Delta_Coastal
Landslide,22.2011,97.4897,5.7,29465,12.0,2022.0,26.0,Mountain_Highland
Flood,13.332,121.6444,6.5,16472,13.3,2009.0,11.0,Delta_Coastal
Flood,26.8994,100.5784,5.6,14327,10.3,2023.0,9.0,Mountain_Highland
Volcanic Eruption,6.3519,119.1154,7.2,7961,11.8,2025.0,10.0,Delta_Coastal
Earthquake,18.2821,97.2783,6.5,29481,9.9,2011.0,19.0,Inland_Plain
Typhoon,13.1997,121.7153,8.7,56861,13.2,2009.0,108.0,Delta_Coastal
Flood,10.0505,97.7018,5.4,27066,10.8,2006.0,5.0,Delta_Coastal
Landslide,10.2952,124.5456,7.6,33459,12.1,2008.0,58.0,Delta_Coastal
Earthquake,-1.2457,125.8229,6.1,30040,13.1,2023.0,7.0,Delta_Coastal
Landslide,18.3548,102.1474,7.3,15038,9.8,2019.0,48.0,Inland_Plain
Cyclone,27.1798,93.7487,6.9,42684,13.6,2026.0,20.0,Mountain_Highland
Drought,14.1325,104.0053,7.7,30287,12.0,2011.0,59.0,Delta_Coastal
Flood,6.3416,106.7888,4.4,15818,8.2,2014.0,5.0,Delta_Coastal
Typhoon,16.5218,103.0768,7.5,13066,12.4,2022.0,37.0,Delta_Coastal
Cyclone,20.0841,95.8838,8.8,38788,13.3,2005.0,94.0,Inland_Plain
Landslide,13.5382,95.2977,6.8,20363,9.7,2006.0,14.0,Delta_Coastal
Flood,22.7717,96.4051,5.5,35631,11.4,2011.0,17.0,Inland_Plain
Cyclone,20.5167,98.7904,6.3,34619,9.9,2014.0,37.0,Mountain_Highland
Flood,12.6634,104.9953,8.7,48751,13.7,2021.0,82.0,Delta_Coastal
Landslide,11.5429,119.2726,8.4,33418,15.2,2007.0,183.0,Delta_Coastal
Landslide,15.2971,105.1316,4.8,24676,8.4,2026.0,9.0,Delta_Coastal
Flood,11.5053,92.7182,8.5,12416,13.8,2018.0,80.0,Delta_Coastal
Coastal Surge,1.3298,103.6821,4.9,2316,7.5,2005.0,12.0,Delta_Coastal
Drought,14.2364,102.7392,6.6,44271,10.0,2005.0,40.0,Delta_Coastal
Landslide,11.2395,95.9476,7.4,11413,11.2,2009.0,42.0,Delta_Coastal
Cyclone,27.1685,98.4124,6.1,35392,12.8,2019.0,7.0,Mountain_Highland
Cyclone,11.0311,95.6629,6.9,6715,12.7,2019.0,47.0,Delta_Coastal
Landslide,16.9415,98.9351,5.1,17253,10.4,2008.0,16.0,Delta_Coastal
Earthquake,17.9356,99.1197,7.2,8431,12.6,2021.0,24.0,Inland_Plain
Earthquake,18.5138,100.4669,6.5,17440,11.6,2020.0,22.0,Inland_Plain
Earthquake,21.0514,95.5472,6.1,35519,10.2,2016.0,31.0,Inland_Plain
Flood,13.9585,92.7,6.7,30156,13.3,2006.0,46.0,Delta_Coastal
Landslide,18.1276,96.2357,8.1,48378,12.6,2020.0,119.0,Inland_Plain
Cyclone,15.3251,94.9232,6.0,28804,10.7,2005.0,7.0,Delta_Coastal
Flood,5.4071,103.353,7.2,39860,13.5,2020.0,40.0,Delta_Coastal
Landslide,6.0132,115.0184,7.7,25759,11.9,2026.0,46.0,Delta_Coastal
Flood,14.3367,100.5753,8.3,14315,12.8,2006.0,114.0,Delta_Coastal
Flood,19.1803,122.5686,4.5,4898,9.2,2010.0,5.0,Mountain_Highland
Landslide,2.1359,109.004,7.3,11339,13.1,2010.0,27.0,Delta_Coastal
Flood,15.7632,103.7625,7.2,8549,11.5,2005.0,28.0,Delta_Coastal
Landslide,16.3579,99.7099,7.2,4377,11.4,2007.0,20.0,Delta_Coastal
Landslide,14.39,99.5666,6.6,24611,11.1,2009.0,19.0,Delta_Coastal
Landslide,16.2756,119.4453,8.0,16120,14.6,2026.0,34.0,Delta_Coastal
Tropical Cyclone,10.9465,105.4544,6.3,31413,8.9,2019.0,14.0,Delta_Coastal
Earthquake,13.563,98.2081,6.0,39619,9.5,2013.0,7.0,Delta_Coastal
Tsunami,-5.0533,112.6704,4.5,949,10.7,2018.0,6.0,Delta_Coastal
Earthquake,-2.0395,138.4193,6.2,11141,12.1,2005.0,11.0,Delta_Coastal
Landslide,12.3051,99.4705,7.1,37326,10.9,2016.0,46.0,Delta_Coastal
Drought,16.2151,105.1675,7.8,50252,11.4,2008.0,46.0,Delta_Coastal
Volcanic Eruption,6.2835,124.318,6.4,3353,10.8,2025.0,22.0,Delta_Coastal
Landslide,13.0622,98.8366,4.6,27152,8.6,2018.0,8.0,Delta_Coastal
Flood,6.1417,115.1363,5.8,35545,9.8,2017.0,17.0,Delta_Coastal
Cyclone,10.2414,94.4417,8.2,44412,12.6,2017.0,105.0,Delta_Coastal
Storm Surge,9.7953,106.8593,4.5,17148,6.6,2014.0,4.0,Delta_Coastal
Landslide,25.4393,94.0821,8.2,44307,16.4,2014.0,88.0,Mountain_Highland
Tsunami,-1.0871,109.7046,7.4,27372,15.5,2019.0,51.0,Delta_Coastal
Landslide,3.352,112.0836,4.5,24621,7.9,2010.0,8.0,Delta_Coastal
Tsunami,3.6903,103.8706,6.6,25828,13.3,2025.0,44.0,Delta_Coastal
Flood,22.4422,105.8658,7.4,22738,13.2,2015.0,55.0,Mountain_Highland
Earthquake,24.6534,93.9315,6.2,8817,13.2,2005.0,26.0,Mountain_Highland
Flash Flood,21.1405,103.3293,6.5,587,14.8,2010.0,34.0,Mountain_Highland
Tropical Cyclone,14.4686,101.2474,6.0,2824,9.8,2018.0,20.0,Delta_Coastal
Landslide,-7.1199,108.5205,8.4,51201,14.6,2017.0,83.0,Delta_Coastal
Cyclone,16.4511,99.4822,8.9,53885,14.3,2008.0,161.0,Delta_Coastal
Flood,3.3947,116.7422,6.4,43575,11.0,2023.0,8.0,Delta_Coastal
Flood,3.394,138.5794,8.9,24960,14.7,2022.0,108.0,Delta_Coastal
Cyclone,10.0365,94.0982,5.4,27038,10.5,2007.0,5.0,Delta_Coastal
Flood,12.6549,100.5746,7.1,9589,12.8,2026.0,19.0,Delta_Coastal
Landslide,-4.1157,95.3584,5.7,10663,13.5,2025.0,30.0,Delta_Coastal
Cyclone,24.4132,92.8777,5.2,9086,9.9,2019.0,17.0,Mountain_Highland
Flash Flood,1.4404,103.8351,5.3,1910,9.7,2013.0,4.0,Delta_Coastal
Cyclone,13.7084,92.5988,8.1,21550,11.0,2023.0,139.0,Delta_Coastal
Flood,22.1068,94.0629,7.7,11990,15.6,2017.0,34.0,Mountain_Highland
Volcanic Eruption,4.0404,124.1507,5.0,3029,12.3,2013.0,13.0,Delta_Coastal
Landslide,17.1725,102.6527,7.6,25289,12.3,2009.0,48.0,Delta_Coastal
Earthquake,10.3089,100.7089,6.6,45526,12.2,2012.0,8.0,Delta_Coastal
Landslide,-5.5049,124.8016,5.9,3811,10.8,2011.0,25.0,Delta_Coastal
Landslide,18.5501,99.3235,7.2,47759,11.0,2012.0,24.0,Inland_Plain
Landslide,10.0614,108.5028,7.5,5701,11.4,2026.0,62.0,Delta_Coastal
Tsunami,3.3157,127.3257,7.5,23289,14.2,2021.0,50.0,Delta_Coastal
Landslide,13.0883,108.9093,5.9,27043,10.3,2022.0,7.0,Delta_Coastal
Flood,21.6087,94.0346,6.3,37404,11.0,2015.0,13.0,Mountain_Highland
Flash Flood,12.2596,105.7305,5.1,7543,10.2,2012.0,5.0,Delta_Coastal
Volcanic Eruption,-5.6756,122.2841,6.3,30652,13.6,2021.0,24.0,Delta_Coastal
Flash Flood,5.8312,108.6811,6.8,28559,11.9,2016.0,25.0,Delta_Coastal
Landslide,15.6574,97.5903,5.6,13670,9.1,2006.0,10.0,Delta_Coastal
Volcanic Eruption,4.6268,95.5426,7.6,9249,12.9,2005.0,34.0,Delta_Coastal
Landslide,15.9624,101.1895,5.9,38123,10.4,2026.0,7.0,Delta_Coastal
Flood,22.9562,101.0201,6.9,41001,13.5,2016.0,36.0,Mountain_Highland
Flood,-2.5636,118.7578,6.3,14017,10.8,2007.0,30.0,Delta_Coastal
Earthquake,15.5956,99.0439,7.6,10188,11.2,2019.0,60.0,Delta_Coastal
Landslide,15.7296,98.3049,4.9,14955,10.4,2005.0,12.0,Delta_Coastal
Volcanic Eruption,-1.4127,111.42,6.9,7882,11.4,2024.0,11.0,Delta_Coastal
Flood,11.7923,93.891,5.8,15483,11.5,2022.0,24.0,Delta_Coastal
Volcanic Eruption,8.1586,121.3748,7.5,12697,14.6,2020.0,10.0,Delta_Coastal
Flood,2.9014,103.9878,7.2,37967,10.9,2016.0,22.0,Delta_Coastal
Landslide,18.3467,100.3193,4.7,10871,9.1,2012.0,11.0,Inland_Plain
Landslide,9.4441,104.9819,6.6,36656,10.5,2020.0,13.0,Delta_Coastal
Flood,14.5336,98.6799,7.3,13550,12.0,2025.0,58.0,Delta_Coastal
Landslide,12.3234,121.1387,8.5,30620,15.0,2016.0,79.0,Delta_Coastal
Storm Surge,9.5877,108.7158,7.0,48192,10.7,2023.0,35.0,Delta_Coastal
Drought,11.1541,105.3743,8.3,22433,11.2,2026.0,131.0,Delta_Coastal
Cyclone,23.303,98.4497,6.8,45228,13.8,2013.0,31.0,Mountain_Highland
Cyclone,20.8826,97.8129,8.9,44382,13.0,2005.0,91.0,Mountain_Highland
Flood,14.6575,97.1824,6.8,30776,12.5,2023.0,17.0,Delta_Coastal
Cyclone,26.7667,94.7776,6.4,30828,13.7,2010.0,20.0,Inland_Plain
Landslide,16.9701,101.4616,7.3,27693,13.3,2020.0,59.0,Delta_Coastal
Tsunami,-5.6698,137.8067,8.1,31753,17.0,2012.0,85.0,Delta_Coastal
Tropical Cyclone,18.0717,102.6012,6.2,31570,9.1,2010.0,35.0,Inland_Plain
Earthquake,15.9323,122.5622,6.7,10397,13.3,2015.0,40.0,Delta_Coastal
Landslide,6.2204,106.705,6.8,25090,10.1,2007.0,36.0,Delta_Coastal
Volcanic Eruption,18.8296,122.5403,5.5,24323,12.0,2024.0,25.0,Inland_Plain
Cyclone,20.3937,92.9316,5.3,2430,8.7,2013.0,13.0,Mountain_Highland
Volcanic Eruption,18.9978,117.8264,7.2,28913,15.9,2018.0,30.0,Inland_Plain
Typhoon,10.3821,122.2013,7.2,2629,13.5,2016.0,55.0,Delta_Coastal
Typhoon,10.0575,126.3493,7.5,31294,16.2,2005.0,56.0,Delta_Coastal
Volcanic Eruption,2.8736,125.8191,5.1,29186,13.7,2023.0,7.0,Delta_Coastal
Volcanic Eruption,14.6569,124.575,5.0,32257,9.9,2006.0,10.0,Delta_Coastal
Landslide,26.8237,97.4964,4.8,30192,10.9,2006.0,13.0,Mountain_Highland
Earthquake,3.0907,130.4709,6.4,27744,12.7,2007.0,40.0,Delta_Coastal
Volcanic Eruption,10.0469,124.5558,7.3,12455,14.3,2008.0,49.0,Delta_Coastal
Earthquake,18.4217,98.8277,7.8,12258,11.2,2006.0,57.0,Inland_Plain
Volcanic Eruption,-3.0002,115.0364,5.4,10710,13.1,2014.0,8.0,Delta_Coastal
Typhoon,6.1367,123.3228,8.2,38613,15.8,2006.0,143.0,Delta_Coastal
Volcanic Eruption,5.3486,122.9774,6.6,38307,12.2,2008.0,28.0,Delta_Coastal
Landslide,21.2279,105.4938,5.4,3933,11.4,2026.0,23.0,Mountain_Highland
Landslide,22.9622,96.4212,7.5,14731,15.0,2021.0,14.0,Inland_Plain
Earthquake,24.0626,92.9437,5.3,10421,10.4,2020.0,23.0,Mountain_Highland
Volcanic Eruption,-5.8543,113.6798,7.0,21854,15.8,2025.0,10.0,Delta_Coastal
Coastal Surge,1.2059,103.7809,5.7,1112,10.3,2023.0,21.0,Delta_Coastal
Tropical Cyclone,11.5025,105.1956,7.0,19509,10.4,2018.0,21.0,Delta_Coastal
Volcanic Eruption,8.5008,123.5117,4.7,2587,11.0,2008.0,3.0,Delta_Coastal
Volcanic Eruption,4.3492,134.5902,7.7,35253,12.8,2020.0,58.0,Delta_Coastal
Landslide,10.6561,107.2493,8.2,37685,12.2,2013.0,188.0,Delta_Coastal
Flash Flood,13.51,104.01,6.2,31091,10.6,2016.0,25.0,Delta_Coastal
Earthquake,25.4151,100.4134,6.3,14285,13.0,2025.0,25.0,Mountain_Highland
Landslide,19.5036,102.0046,6.0,2600,12.1,2008.0,13.0,Mountain_Highland
Flash Flood,3.6867,105.4126,4.8,32394,9.6,2020.0,11.0,Delta_Coastal
Flood,-4.9382,133.7852,7.6,28317,13.8,2017.0,30.0,Delta_Coastal
Flash Flood,15.9269,106.5586,7.1,827,14.5,2011.0,18.0,Delta_Coastal
Cyclone,14.2339,96.8991,6.5,41732,10.8,2007.0,18.0,Delta_Coastal
Cyclone,21.4404,100.224,7.5,10690,12.2,2010.0,14.0,Mountain_Highland
Landslide,18.3706,93.0498,7.9,52986,12.4,2005.0,33.0,Mountain_Highland
Storm Surge,11.6211,105.107,8.2,25803,13.9,2015.0,168.0,Delta_Coastal
Landslide,13.7069,101.0464,5.7,2846,10.3,2009.0,11.0,Delta_Coastal
Flood,21.906,97.8623,7.6,46022,12.4,2022.0,59.0,Mountain_Highland
Cyclone,23.7807,99.2362,7.0,15140,14.6,2021.0,38.0,Mountain_Highland
Drought,7.6842,99.8501,7.0,20785,10.0,2017.0,49.0,Delta_Coastal
Landslide,-2.0844,109.1124,6.8,15291,14.8,2006.0,22.0,Delta_Coastal
Flood,20.4817,105.3641,5.7,5381,10.5,2005.0,17.0,Mountain_Highland
Flood,15.1043,100.1582,8.2,43873,11.9,2007.0,109.0,Delta_Coastal
Cyclone,21.7016,96.7285,6.1,23589,11.7,2005.0,30.0,Mountain_Highland
Flood,20.9068,103.0563,5.2,438,12.2,2007.0,18.0,Mountain_Highland
Landslide,15.9696,97.5772,8.1,55577,11.9,2010.0,95.0,Delta_Coastal
Earthquake,13.6442,98.7465,6.5,38390,10.7,2026.0,10.0,Delta_Coastal
Flood,21.7326,108.6007,8.1,49184,11.0,2026.0,120.0,Mountain_Highland
Earthquake,23.9919,100.4923,6.3,13587,14.6,2010.0,26.0,Mountain_Highland
Volcanic Eruption,0.8484,107.2674,8.6,30824,16.6,2013.0,196.0,Delta_Coastal
Cyclone,19.2053,97.6371,6.5,7845,9.5,2014.0,33.0,Mountain_Highland
Drought,19.0613,97.5395,7.6,21612,12.0,2021.0,52.0,Mountain_Highland
Volcanic Eruption,7.2731,120.1998,6.6,29633,11.3,2009.0,16.0,Delta_Coastal
Drought,17.3861,99.4256,7.4,49624,12.1,2018.0,12.0,Delta_Coastal
Flood,20.1077,98.7623,6.5,18876,12.3,2013.0,40.0,Mountain_Highland
Earthquake,17.0858,94.8466,7.2,32381,13.1,2010.0,53.0,Delta_Coastal
Cyclone,10.647,95.5104,7.3,13515,11.1,2014.0,35.0,Delta_Coastal
Cyclone,15.8078,99.1601,5.8,20823,11.8,2026.0,5.0,Delta_Coastal
Landslide,15.899,109.4671,6.0,39144,10.9,2019.0,35.0,Delta_Coastal
Drought,19.8936,97.8405,5.6,9742,10.5,2025.0,26.0,Mountain_Highland
Earthquake,13.2315,119.585,6.9,8732,14.4,2026.0,26.0,Delta_Coastal
Flood,8.8794,102.3904,7.8,41549,12.6,2025.0,64.0,Delta_Coastal
Earthquake,10.2996,98.4812,6.3,29229,12.6,2007.0,11.0,Delta_Coastal
Cyclone,12.3066,95.7242,7.6,33771,11.0,2008.0,51.0,Delta_Coastal
Earthquake,-3.6876,128.5054,6.9,11710,14.9,2012.0,41.0,Delta_Coastal
Typhoon,17.6456,125.396,5.0,15585,10.0,2005.0,7.0,Inland_Plain
Storm Surge,9.0673,107.0738,5.2,1204,8.7,2019.0,4.0,Delta_Coastal
Tropical Cyclone,17.1081,104.2063,5.4,16663,9.3,2011.0,19.0,Delta_Coastal
Earthquake,6.3733,120.8754,7.7,18510,13.5,2010.0,52.0,Delta_Coastal
Landslide,4.7595,108.6571,7.0,8974,13.0,2023.0,21.0,Delta_Coastal
Earthquake,5.0159,122.7241,4.4,5662,10.1,2009.0,2.0,Delta_Coastal
Drought,11.5413,100.9718,4.3,3340,9.1,2018.0,2.0,Delta_Coastal
Landslide,20.1254,101.4914,8.3,53566,11.4,2008.0,60.0,Mountain_Highland
Cyclone,16.445,96.3531,7.3,8349,11.9,2013.0,10.0,Delta_Coastal
Volcanic Eruption,17.0864,126.4394,5.1,7824,11.3,2013.0,9.0,Delta_Coastal
Landslide,10.8205,95.5997,7.1,36890,10.6,2017.0,17.0,Delta_Coastal
Flood,25.0123,93.8086,7.5,48457,13.7,2018.0,54.0,Mountain_Highland
Cyclone,12.7343,98.1351,7.9,49289,13.1,2006.0,52.0,Delta_Coastal
Landslide,18.2908,97.7307,7.1,4825,10.9,2011.0,23.0,Inland_Plain
Landslide,2.4701,109.5058,7.4,51632,12.8,2021.0,18.0,Delta_Coastal
Flood,6.2472,117.2288,7.5,29005,15.1,2025.0,21.0,Delta_Coastal
Flood,11.2853,102.7575,6.7,34187,12.6,2012.0,21.0,Delta_Coastal
Flood,22.5101,94.2614,8.2,2087,15.5,2018.0,186.0,Mountain_Highland
Flood,20.9131,93.2318,6.7,24700,10.9,2009.0,22.0,Mountain_Highland
Storm Surge,8.6221,109.1094,6.7,19886,10.5,2006.0,44.0,Delta_Coastal
Flood,14.8557,95.2892,6.7,19183,10.9,2025.0,35.0,Delta_Coastal
Landslide,14.9726,99.0136,7.1,15412,10.4,2025.0,41.0,Delta_Coastal
Earthquake,16.0055,95.8742,6.1,39473,11.9,2020.0,16.0,Delta_Coastal
Landslide,26.3561,99.0395,4.9,13866,10.3,2014.0,14.0,Mountain_Highland
Flood,-4.9809,132.6001,6.7,31790,14.2,2009.0,17.0,Delta_Coastal
Landslide,26.2726,93.257,6.7,35914,14.0,2013.0,20.0,Mountain_Highland
Flood,16.6874,107.5952,6.7,29618,11.8,2020.0,27.0,Delta_Coastal
Earthquake,9.7365,124.7791,6.7,9223,13.2,2023.0,46.0,Delta_Coastal
Landslide,1.5242,136.3039,7.0,40678,14.2,2013.0,39.0,Delta_Coastal
Tsunami,-9.5194,135.2286,6.8,18260,12.9,2024.0,17.0,Delta_Coastal
Earthquake,12.5639,95.7521,5.0,4887,9.4,2005.0,8.0,Delta_Coastal
Flood,15.703,95.0227,7.6,37879,12.4,2026.0,52.0,Delta_Coastal
Cyclone,16.9754,94.1761,7.0,23188,12.7,2016.0,43.0,Delta_Coastal
Landslide,10.3675,99.5705,6.7,21600,13.3,2008.0,31.0,Delta_Coastal
Flood,15.6659,94.2271,6.4,15688,10.8,2020.0,30.0,Delta_Coastal
Tropical Cyclone,16.1657,102.6056,5.7,38703,10.7,2023.0,11.0,Delta_Coastal
Landslide,24.7928,94.293,6.4,41813,11.9,2014.0,7.0,Mountain_Highland
Flash Flood,15.4665,107.1745,9.0,7952,16.0,2007.0,107.0,Delta_Coastal
Landslide,16.113,94.3953,7.4,37580,11.3,2006.0,50.0,Delta_Coastal
Flood,19.4107,98.8247,8.7,51370,13.2,2019.0,88.0,Mountain_Highland
Flood,13.2439,101.0329,8.2,51186,12.3,2013.0,105.0,Delta_Coastal
Flood,2.2916,113.9886,6.6,17450,11.7,2007.0,26.0,Delta_Coastal
Tropical Cyclone,6.8055,100.1769,6.3,20690,9.5,2024.0,33.0,Delta_Coastal
Earthquake,-9.1377,137.9545,4.8,16369,10.1,2021.0,8.0,Delta_Coastal
Typhoon,18.3054,104.3214,5.5,19311,9.1,2008.0,12.0,Inland_Plain
Earthquake,13.4612,97.9589,6.0,11307,8.9,2020.0,17.0,Delta_Coastal
Typhoon,13.2791,119.6388,4.7,26137,10.4,2014.0,9.0,Delta_Coastal
Storm Surge,19.4225,105.2669,6.5,35878,10.8,2011.0,21.0,Mountain_Highland
Landslide,26.0148,93.9904,7.2,12219,15.3,2016.0,50.0,Mountain_Highland
Flash Flood,18.3414,101.5169,7.8,4684,13.3,2021.0,25.0,Inland_Plain
Flood,4.4927,111.6276,7.2,44962,9.9,2024.0,51.0,Delta_Coastal
Flood,23.2132,99.6523,6.8,29257,13.1,2022.0,44.0,Mountain_Highland
Landslide,17.8972,100.6529,5.5,31863,8.7,2022.0,26.0,Inland_Plain
Landslide,11.609,94.4908,5.8,26390,11.5,2020.0,32.0,Delta_Coastal
Typhoon,22.2239,106.0749,7.8,6211,15.0,2015.0,37.0,Mountain_Highland
Cyclone,18.217,93.3247,4.8,29844,9.9,2008.0,11.0,Mountain_Highland
Cyclone,16.898,97.813,8.4,37301,14.1,2019.0,108.0,Delta_Coastal
Landslide,16.3623,95.4341,6.4,18552,11.9,2026.0,35.0,Delta_Coastal
Flood,3.3196,135.3125,6.0,6471,14.4,2008.0,34.0,Delta_Coastal
Landslide,6.7953,112.3077,7.6,42146,12.1,2023.0,47.0,Delta_Coastal
Cyclone,25.204,95.426,6.4,24353,12.7,2016.0,13.0,Inland_Plain
Cyclone,25.627,98.5018,5.6,24148,12.3,2005.0,8.0,Mountain_Highland
Tsunami,-10.4222,120.1418,6.2,42354,12.6,2009.0,29.0,Delta_Coastal
Earthquake,22.2867,92.912,5.5,11224,11.0,2011.0,8.0,Mountain_Highland
Flash Flood,12.4295,106.267,7.2,36727,10.8,2010.0,56.0,Delta_Coastal
Volcanic Eruption,0.0984,137.2725,7.0,19859,12.6,2017.0,29.0,Delta_Coastal
Storm Surge,9.0492,103.0586,8.2,20403,14.0,2024.0,83.0,Delta_Coastal
Cyclone,19.202,99.7485,5.6,8889,8.2,2009.0,25.0,Mountain_Highland
Typhoon,18.4487,104.1925,9.0,7268,14.3,2005.0,88.0,Inland_Plain
Earthquake,18.3629,101.2378,7.1,39877,10.4,2017.0,9.0,Inland_Plain
Flood,16.9732,95.0074,5.0,19292,10.4,2015.0,17.0,Delta_Coastal
Tsunami,-2.7265,134.117,6.9,33270,12.1,2015.0,49.0,Delta_Coastal
Flood,16.9088,101.2599,7.8,14827,13.5,2017.0,25.0,Delta_Coastal
Landslide,3.8953,100.4381,7.5,27406,12.7,2008.0,51.0,Delta_Coastal
Cyclone,12.206,93.8018,6.7,25462,12.3,2021.0,31.0,Delta_Coastal
Cyclone,14.6595,96.3706,7.2,9894,10.7,2016.0,38.0,Delta_Coastal
Landslide,13.2791,93.5516,7.6,32228,10.8,2020.0,58.0,Delta_Coastal
Drought,19.2808,102.0536,6.4,17145,12.8,2024.0,30.0,Mountain_Highland
Cyclone,10.7722,93.0346,5.3,36778,10.8,2018.0,14.0,Delta_Coastal
Cyclone,13.6823,97.8414,5.2,8888,7.9,2011.0,6.0,Delta_Coastal
Landslide,10.7638,99.2023,7.3,37936,13.5,2020.0,57.0,Delta_Coastal
Earthquake,-2.03,110.2603,5.6,32474,10.6,2009.0,9.0,Delta_Coastal
Cyclone,13.7657,95.8449,5.5,23767,8.2,2019.0,17.0,Delta_Coastal
Flood,16.2913,105.3683,5.4,2867,10.9,2009.0,7.0,Delta_Coastal
Volcanic Eruption,5.5931,125.46,6.7,24815,13.2,2020.0,13.0,Delta_Coastal
Volcanic Eruption,15.7241,125.4875,4.2,20838,9.3,2023.0,2.0,Delta_Coastal
Volcanic Eruption,-0.3589,114.1512,8.4,23251,16.1,2018.0,113.0,Delta_Coastal
Cyclone,12.2084,98.1189,6.9,30789,10.8,2018.0,13.0,Delta_Coastal
Drought,18.5999,98.1498,4.4,17906,7.0,2016.0,2.0,Inland_Plain
Earthquake,24.7269,97.2078,6.1,5034,12.5,2018.0,9.0,Mountain_Highland
Volcanic Eruption,1.438,114.6212,7.4,21578,16.0,2010.0,24.0,Delta_Coastal
Flood,1.3732,134.7931,6.8,37885,12.0,2024.0,26.0,Delta_Coastal
Earthquake,13.6657,117.9337,6.4,23668,11.3,2024.0,40.0,Delta_Coastal
Landslide,10.779,95.4934,6.4,6547,12.7,2024.0,27.0,Delta_Coastal
Flood,6.0744,102.8888,7.9,52767,11.8,2012.0,57.0,Delta_Coastal
Landslide,15.6838,108.7613,5.3,30205,10.5,2008.0,8.0,Delta_Coastal
Cyclone,13.2188,99.2209,7.3,9044,10.2,2013.0,59.0,Delta_Coastal
Storm Surge,17.6361,102.1433,5.0,17701,8.7,2013.0,3.0,Inland_Plain
Flood,20.148,104.6139,5.7,723,13.9,2026.0,30.0,Mountain_Highland
Flood,5.1222,114.9897,6.9,17804,12.1,2019.0,24.0,Delta_Coastal
Flood,5.9602,122.9347,7.4,35764,13.1,2007.0,11.0,Delta_Coastal
Flood,15.0664,121.5957,5.6,27931,10.8,2015.0,11.0,Delta_Coastal
Tropical Cyclone,19.4965,99.973,7.8,28086,12.1,2018.0,41.0,Mountain_Highland
Landslide,21.2585,92.7804,9.1,49722,14.2,2007.0,77.0,Mountain_Highland
Landslide,13.5308,98.219,8.6,10209,11.8,2023.0,89.0,Delta_Coastal
Volcanic Eruption,8.4872,124.5059,5.8,26704,11.2,2015.0,6.0,Delta_Coastal
Landslide,20.9068,96.5895,6.5,39642,9.7,2020.0,39.0,Mountain_Highland
Earthquake,24.7443,97.5726,7.7,4402,14.7,2011.0,53.0,Mountain_Highland
Earthquake,0.0624,102.0662,5.9,27700,13.5,2019.0,29.0,Delta_Coastal
Volcanic Eruption,-5.2895,116.9472,7.1,46323,12.8,2009.0,40.0,Delta_Coastal
Landslide,26.1345,100.045,8.0,47401,14.9,2009.0,53.0,Mountain_Highland
Landslide,5.4117,99.769,7.9,29384,11.6,2016.0,39.0,Delta_Coastal
Flood,20.6024,95.2279,6.9,19594,11.2,2017.0,25.0,Inland_Plain
Landslide,6.6016,99.6358,7.4,12352,11.7,2008.0,57.0,Delta_Coastal
Landslide,4.7139,110.7702,7.1,29680,11.7,2011.0,29.0,Delta_Coastal
Landslide,18.8009,96.2679,5.5,15495,9.5,2016.0,16.0,Inland_Plain
Typhoon,16.7283,121.9639,7.3,8729,13.7,2016.0,49.0,Delta_Coastal
Landslide,15.0756,98.5078,8.5,56620,13.4,2019.0,115.0,Delta_Coastal
Volcanic Eruption,-10.4579,106.8053,6.2,24904,11.6,2021.0,14.0,Delta_Coastal
Earthquake,5.6099,123.072,5.2,28528,9.9,2019.0,13.0,Delta_Coastal
Landslide,6.7444,99.6404,7.4,21334,11.0,2011.0,28.0,Delta_Coastal
Cyclone,13.685,96.0734,5.2,33290,9.7,2007.0,5.0,Delta_Coastal
Flood,23.3728,95.105,5.3,35611,11.6,2021.0,14.0,Inland_Plain
Landslide,18.0852,100.9555,5.5,4968,9.5,2005.0,22.0,Inland_Plain
Flood,11.9444,96.6898,6.5,30570,10.6,2024.0,41.0,Delta_Coastal
Earthquake,-3.8037,101.6223,6.6,30019,15.3,2026.0,17.0,Delta_Coastal
Earthquake,0.58,122.3003,7.4,12230,13.2,2018.0,57.0,Delta_Coastal
Flood,1.3867,110.66,6.9,27749,10.6,2007.0,25.0,Delta_Coastal
Flash Flood,16.9697,102.2355,8.8,1661,14.1,2017.0,101.0,Delta_Coastal
Volcanic Eruption,-7.5368,101.672,6.6,15929,13.0,2026.0,25.0,Delta_Coastal
Flood,18.3176,101.4948,6.7,6119,14.4,2009.0,43.0,Inland_Plain
Earthquake,-10.2564,112.6399,6.0,23703,13.4,2014.0,16.0,Delta_Coastal
Cyclone,15.836,93.3766,6.1,39714,9.7,2021.0,29.0,Delta_Coastal
Flood,19.3474,94.7033,6.6,24672,11.5,2006.0,16.0,Inland_Plain
Earthquake,8.5977,124.5824,6.7,20775,11.9,2025.0,44.0,Delta_Coastal
Storm Surge,15.1147,104.7158,7.2,5960,12.5,2016.0,18.0,Delta_Coastal
Cyclone,18.0567,95.5521,6.9,44351,11.0,2011.0,49.0,Inland_Plain
Volcanic Eruption,-6.8348,112.5139,8.2,38238,15.9,2006.0,89.0,Delta_Coastal
Earthquake,0.2554,115.4423,8.5,17212,15.6,2010.0,168.0,Delta_Coastal
Earthquake,26.3565,99.2799,6.8,16003,12.7,2013.0,16.0,Mountain_Highland
Flood,18.3308,94.2757,8.8,23219,14.4,2019.0,47.0,Mountain_Highland
Volcanic Eruption,12.384,126.0793,6.5,16637,13.5,2008.0,40.0,Delta_Coastal
Flash Flood,12.9058,106.29,8.7,35682,13.2,2025.0,96.0,Delta_Coastal
Landslide,20.1407,100.5264,6.9,14851,10.2,2020.0,40.0,Mountain_Highland
Drought,9.6668,104.3369,8.9,42331,13.2,2019.0,93.0,Delta_Coastal
Earthquake,25.5396,93.4987,6.3,4634,12.0,2011.0,11.0,Mountain_Highland
Flood,6.6719,122.2948,7.5,41185,12.9,2017.0,25.0,Delta_Coastal
Cyclone,23.7576,98.2427,5.9,34094,10.3,2009.0,25.0,Mountain_Highland
Landslide,16.2145,105.6158,4.8,5338,9.5,2013.0,2.0,Delta_Coastal
Volcanic Eruption,-1.3001,134.9861,5.3,19535,10.9,2013.0,23.0,Delta_Coastal
Earthquake,20.9901,100.0562,8.5,49633,12.7,2007.0,97.0,Mountain_Highland
Storm Surge,20.6186,104.2844,8.7,32793,14.1,2019.0,133.0,Mountain_Highland
Earthquake,3.4333,132.7121,6.9,40138,13.1,2005.0,18.0,Delta_Coastal
Earthquake,17.6668,97.1582,5.3,16668,9.9,2005.0,5.0,Inland_Plain
Cyclone,19.5733,100.5831,5.2,33941,10.1,2018.0,6.0,Mountain_Highland
Earthquake,11.2117,92.5501,6.2,3985,10.9,2026.0,9.0,Delta_Coastal
Flash Flood,17.6216,103.5306,7.0,3098,12.5,2005.0,31.0,Inland_Plain
Cyclone,14.4762,96.7624,7.6,11281,14.0,2026.0,37.0,Delta_Coastal
Flood,17.3366,98.2839,7.6,26338,13.8,2016.0,36.0,Delta_Coastal
Flood,26.4198,93.63,5.6,16120,12.3,2011.0,10.0,Mountain_Highland
Landslide,9.4122,102.6554,7.6,46021,12.4,2021.0,24.0,Delta_Coastal
Landslide,7.0394,118.289,5.4,3723,13.2,2010.0,18.0,Delta_Coastal
Earthquake,17.0128,118.4776,6.5,11213,12.0,2015.0,41.0,Delta_Coastal
Flood,12.8465,93.1634,7.8,31710,11.0,2017.0,20.0,Delta_Coastal
Tropical Cyclone,15.3489,101.5696,8.2,28709,10.9,2024.0,116.0,Delta_Coastal
Cyclone,21.8507,94.8415,8.9,5404,13.8,2008.0,85.0,Inland_Plain
Flood,10.8007,103.9027,5.9,10405,10.1,2026.0,24.0,Delta_Coastal
Earthquake,20.6717,93.9981,7.0,9745,12.3,2017.0,33.0,Mountain_Highland
Typhoon,20.1194,108.4127,8.6,51591,13.2,2017.0,107.0,Mountain_Highland
Landslide,18.5979,106.0623,8.1,3367,14.0,2011.0,94.0,Inland_Plain
Landslide,10.9472,97.2195,6.2,13394,10.1,2017.0,38.0,Delta_Coastal
Flood,17.2634,94.1162,7.0,41042,10.8,2017.0,40.0,Delta_Coastal
Landslide,3.1936,121.4083,6.1,21689,13.0,2018.0,33.0,Delta_Coastal
Flood,-6.3172,130.9652,7.0,19525,13.9,2023.0,53.0,Delta_Coastal
Volcanic Eruption,15.5646,119.2446,6.2,4709,12.9,2025.0,8.0,Delta_Coastal
Drought,18.3844,102.7407,6.7,17641,11.2,2013.0,38.0,Inland_Plain
Flash Flood,6.9591,101.0658,7.6,33398,11.4,2019.0,21.0,Delta_Coastal
Landslide,12.7469,100.3601,6.4,1559,10.0,2008.0,21.0,Delta_Coastal
Earthquake,17.3583,100.4816,6.3,25540,9.8,2023.0,39.0,Delta_Coastal
Tsunami,-3.0406,118.8282,8.1,20113,13.7,2012.0,178.0,Delta_Coastal
Cyclone,17.9698,100.4752,6.9,36106,10.7,2008.0,42.0,Inland_Plain
Earthquake,16.7207,95.2703,8.8,9975,14.3,2023.0,143.0,Delta_Coastal
Landslide,5.2451,128.4316,5.9,11682,13.5,2006.0,10.0,Delta_Coastal
Flood,25.4947,98.3943,7.8,43283,14.4,2019.0,65.0,Mountain_Highland
Earthquake,17.006,97.5081,6.1,4982,11.0,2008.0,32.0,Delta_Coastal
Flood,19.8505,97.2751,4.8,23776,9.6,2010.0,3.0,Mountain_Highland
Flood,11.6909,100.7573,8.8,56631,13.7,2016.0,168.0,Delta_Coastal
Landslide,14.9116,103.7849,6.3,17122,11.5,2018.0,31.0,Delta_Coastal
Landslide,15.7198,99.3511,6.3,36070,9.6,2016.0,14.0,Delta_Coastal
Flood,14.4883,118.8119,6.5,34678,11.5,2015.0,16.0,Delta_Coastal
Landslide,-2.2842,118.686,6.4,26218,10.9,2024.0,11.0,Delta_Coastal
Landslide,12.2567,98.8795,5.1,26199,8.8,2026.0,18.0,Delta_Coastal
Flash Flood,6.0691,107.3734,6.8,16855,12.3,2023.0,24.0,Delta_Coastal
Volcanic Eruption,-6.9791,132.0382,6.8,27900,13.9,2024.0,33.0,Delta_Coastal
Landslide,11.4798,103.5243,6.2,36051,11.3,2011.0,35.0,Delta_Coastal
Earthquake,18.3208,117.7254,7.2,2256,13.4,2018.0,46.0,Inland_Plain
Earthquake,13.1259,93.9321,7.5,40930,12.1,2013.0,27.0,Delta_Coastal
Landslide,16.1019,95.0352,7.1,24499,11.8,2014.0,43.0,Delta_Coastal
Flood,5.7807,117.6172,5.3,32163,11.1,2012.0,22.0,Delta_Coastal
Earthquake,22.2932,94.7007,6.9,19756,11.8,2025.0,28.0,Inland_Plain
Flood,18.267,124.4504,6.9,29060,13.6,2005.0,44.0,Inland_Plain
Landslide,17.5213,106.0105,5.7,35794,11.3,2026.0,19.0,Inland_Plain
Landslide,21.2387,105.5477,8.0,43097,13.6,2009.0,25.0,Mountain_Highland
Tsunami,4.0476,106.305,6.4,43267,14.0,2005.0,24.0,Delta_Coastal
Flood,24.6582,99.2749,6.5,33944,12.8,2016.0,9.0,Mountain_Highland
Tropical Cyclone,14.7315,97.86,6.0,34903,10.4,2022.0,19.0,Delta_Coastal
Flash Flood,6.6971,109.036,4.8,5920,8.4,2015.0,10.0,Delta_Coastal
Typhoon,18.1251,102.0594,7.3,35238,10.3,2010.0,33.0,Inland_Plain
Landslide,22.0471,93.8949,7.5,25950,15.3,2025.0,13.0,Mountain_Highland
Landslide,18.0694,98.5776,5.9,16253,11.1,2005.0,24.0,Inland_Plain
Cyclone,21.5981,93.1639,7.8,17730,10.4,2023.0,58.0,Mountain_Highland
Earthquake,24.2663,94.9059,6.4,32573,12.3,2014.0,31.0,Inland_Plain
Landslide,23.5419,93.6734,5.4,15101,10.9,2021.0,9.0,Mountain_Highland
Landslide,6.2419,116.1571,5.4,35825,9.4,2005.0,23.0,Delta_Coastal
Flood,12.2009,93.0464,7.6,13713,13.0,2021.0,50.0,Delta_Coastal
Typhoon,17.5103,105.5751,7.7,3829,13.0,2022.0,16.0,Inland_Plain
Flood,5.7655,112.1018,6.7,25391,10.8,2018.0,31.0,Delta_Coastal
Landslide,15.8766,108.2686,7.8,26442,10.4,2015.0,22.0,Delta_Coastal
Flood,1.8816,104.9011,6.3,20345,13.2,2026.0,28.0,Delta_Coastal
Volcanic Eruption,11.4791,125.6894,6.7,13799,12.9,2016.0,35.0,Delta_Coastal
Volcanic Eruption,7.0111,125.8421,7.9,32702,14.7,2026.0,16.0,Delta_Coastal
Flash Flood,10.6789,104.5118,7.7,40805,11.4,2012.0,36.0,Delta_Coastal
Typhoon,19.0661,103.712,7.5,25771,13.4,2017.0,55.0,Mountain_Highland
Cyclone,21.0155,95.0207,5.4,37053,8.1,2020.0,20.0,Inland_Plain
Drought,16.8485,101.7838,6.7,21247,10.5,2005.0,15.0,Delta_Coastal
Flood,5.2803,118.4974,5.7,25930,9.9,2023.0,6.0,Delta_Coastal
Flash Flood,1.9077,109.5972,6.6,33852,11.8,2011.0,31.0,Delta_Coastal
Earthquake,15.9462,124.77,6.9,7941,15.4,2024.0,15.0,Delta_Coastal
Flood,4.4154,132.1472,7.3,38284,14.5,2016.0,16.0,Delta_Coastal
Earthquake,22.0872,93.2757,6.7,16557,11.6,2020.0,20.0,Mountain_Highland
Flood,6.3638,122.8589,8.0,25667,14.6,2012.0,38.0,Delta_Coastal
Flood,-9.9978,97.3151,6.0,7438,14.9,2014.0,11.0,Delta_Coastal
Landslide,11.2719,100.9628,5.8,14502,8.8,2018.0,19.0,Delta_Coastal
Storm Surge,16.3593,105.7912,6.1,2483,9.6,2025.0,28.0,Delta_Coastal
Earthquake,18.8609,95.6667,7.0,31380,10.6,2025.0,28.0,Inland_Plain
Earthquake,16.5717,97.319,8.2,14036,12.1,2022.0,106.0,Delta_Coastal
Coastal Surge,1.3728,103.647,6.0,3499,9.8,2017.0,8.0,Delta_Coastal
Earthquake,19.6596,93.3222,5.7,5896,8.9,2012.0,20.0,Mountain_Highland
Earthquake,17.3678,101.1452,7.6,30328,12.0,2023.0,24.0,Delta_Coastal
Tropical Cyclone,18.7906,101.4421,6.6,20207,12.0,2006.0,45.0,Inland_Plain
Flash Flood,1.9822,109.7936,7.7,45999,12.8,2008.0,29.0,Delta_Coastal
Flood,18.4541,120.82,7.1,36878,12.4,2021.0,18.0,Inland_Plain
Earthquake,16.6616,97.3029,6.3,22857,11.2,2020.0,33.0,Delta_Coastal
Landslide,26.7927,95.0063,5.1,9545,10.6,2018.0,13.0,Inland_Plain
Earthquake,0.6645,104.352,5.7,21211,11.4,2015.0,21.0,Delta_Coastal
Landslide,18.3518,98.197,6.3,43994,11.1,2020.0,38.0,Inland_Plain
Landslide,10.3828,123.0947,6.2,24322,11.6,2017.0,22.0,Delta_Coastal
Cyclone,18.2967,93.6908,5.6,1740,11.4,2025.0,11.0,Mountain_Highland
Earthquake,13.4007,94.1322,7.6,6937,13.3,2022.0,14.0,Delta_Coastal
Tropical Cyclone,9.0844,101.1352,5.5,27102,8.2,2026.0,11.0,Delta_Coastal
Earthquake,24.0293,94.8188,7.7,24108,15.7,2009.0,62.0,Inland_Plain
Typhoon,7.4665,120.004,6.4,34548,10.2,2011.0,17.0,Delta_Coastal
Earthquake,21.1799,94.3886,5.7,22549,9.1,2009.0,9.0,Mountain_Highland
Landslide,21.1972,103.4498,7.3,7364,11.5,2008.0,36.0,Mountain_Highland
Flash Flood,4.0637,114.4273,7.1,2428,12.7,2016.0,52.0,Delta_Coastal
Landslide,-2.5724,136.5448,6.0,5018,10.8,2005.0,29.0,Delta_Coastal
Flood,7.4812,123.469,6.9,24247,12.8,2006.0,29.0,Delta_Coastal
Landslide,12.7089,95.1704,8.6,8589,13.4,2021.0,109.0,Delta_Coastal
Landslide,2.7678,104.8062,4.1,5181,8.3,2017.0,1.0,Delta_Coastal
Earthquake,13.8326,94.2112,5.9,11756,10.2,2019.0,6.0,Delta_Coastal
Cyclone,10.6364,100.787,6.7,16987,10.3,2011.0,12.0,Delta_Coastal
Landslide,19.1242,103.3209,7.4,1712,13.5,2005.0,10.0,Mountain_Highland
Flood,19.1785,104.022,6.5,35360,10.9,2016.0,20.0,Mountain_Highland
Flood,13.3017,100.1938,7.0,15044,11.3,2009.0,28.0,Delta_Coastal
Landslide,19.8519,107.0062,6.0,7549,11.1,2025.0,27.0,Mountain_Highland
Flash Flood,3.7702,100.5746,7.9,17094,12.2,2011.0,31.0,Delta_Coastal
Earthquake,17.3378,100.472,7.3,30578,12.0,2021.0,40.0,Delta_Coastal
Landslide,13.3728,99.8906,8.2,51514,12.8,2014.0,95.0,Delta_Coastal
Typhoon,8.226,125.1496,8.3,30545,16.2,2019.0,62.0,Delta_Coastal
Landslide,19.9391,92.5131,5.7,9243,10.2,2013.0,20.0,Mountain_Highland
Earthquake,17.0877,118.8139,7.1,11007,13.4,2016.0,32.0,Delta_Coastal
Flash Flood,10.9775,102.5518,5.7,31776,10.2,2005.0,20.0,Delta_Coastal
Typhoon,11.8398,118.6008,6.7,11115,13.0,2009.0,30.0,Delta_Coastal
Volcanic Eruption,14.3136,123.1911,4.2,24391,10.1,2007.0,1.0,Delta_Coastal
Volcanic Eruption,2.7713,115.3763,7.1,3768,15.1,2022.0,54.0,Delta_Coastal
Typhoon,12.5999,103.5711,5.3,27093,8.2,2007.0,9.0,Delta_Coastal
Landslide,15.5181,123.8279,5.9,19704,12.1,2015.0,21.0,Delta_Coastal
Landslide,4.0483,108.8846,7.0,23567,11.8,2010.0,40.0,Delta_Coastal
Tropical Cyclone,17.5507,103.5766,6.1,11753,9.9,2015.0,12.0,Inland_Plain
Flood,10.0538,94.3007,6.1,7794,11.5,2025.0,30.0,Delta_Coastal
Earthquake,-0.0934,102.2815,6.9,25828,13.1,2011.0,44.0,Delta_Coastal
Storm Surge,10.7806,107.4053,8.2,33249,12.6,2018.0,78.0,Delta_Coastal
Earthquake,22.9347,94.086,8.0,54603,16.1,2026.0,41.0,Mountain_Highland
Flood,14.1966,102.485,5.9,37623,9.9,2006.0,28.0,Delta_Coastal
Flood,2.4427,102.7782,6.8,1508,12.7,2021.0,47.0,Delta_Coastal
Cyclone,20.0875,95.4398,5.4,21373,9.9,2016.0,25.0,Inland_Plain
Cyclone,12.9398,97.665,7.7,41404,11.7,2010.0,26.0,Delta_Coastal
Storm Surge,8.9992,106.9864,6.7,32976,11.1,2020.0,40.0,Delta_Coastal
Storm Surge,19.8776,107.5126,7.4,33209,11.9,2025.0,44.0,Mountain_Highland
Typhoon,17.7471,123.6127,5.7,18657,12.0,2024.0,23.0,Inland_Plain
Flood,11.4525,105.4106,7.4,1571,12.1,2020.0,32.0,Delta_Coastal
Flood,12.0883,99.5664,6.0,22897,9.6,2011.0,34.0,Delta_Coastal
Storm Surge,14.8844,104.1566,7.2,5577,10.6,2020.0,51.0,Delta_Coastal
Volcanic Eruption,-6.1125,114.1627,5.8,15133,12.2,2026.0,16.0,Delta_Coastal
Landslide,18.3004,104.4072,6.6,14372,12.5,2008.0,46.0,Inland_Plain
Storm Surge,16.847,107.2997,7.2,11121,11.8,2014.0,18.0,Delta_Coastal
Flash Flood,2.1465,99.5382,8.0,50755,12.2,2016.0,45.0,Delta_Coastal
Flood,-3.2418,126.3111,5.7,14604,13.2,2012.0,24.0,Delta_Coastal
Flood,16.1309,95.0608,7.6,15462,11.1,2023.0,21.0,Delta_Coastal
Flood,15.2576,97.9289,7.2,46644,12.4,2025.0,33.0,Delta_Coastal
Landslide,20.1314,93.2698,4.9,3121,10.2,2006.0,15.0,Mountain_Highland
Tsunami,-3.2973,121.434,7.7,42986,16.0,2017.0,54.0,Delta_Coastal
Earthquake,21.6896,96.912,7.1,34653,11.8,2014.0,28.0,Mountain_Highland
Landslide,2.1334,102.3403,5.8,28955,8.2,2018.0,16.0,Delta_Coastal
Volcanic Eruption,5.2718,120.0984,7.3,26655,13.9,2018.0,36.0,Delta_Coastal
Earthquake,17.1611,92.592,7.7,39601,13.0,2024.0,11.0,Delta_Coastal
Tsunami,2.6558,120.9521,6.6,10961,12.4,2023.0,18.0,Delta_Coastal
Cyclone,23.0889,99.6979,7.1,19835,14.7,2012.0,16.0,Mountain_Highland
Landslide,24.1496,94.1183,4.4,11183,11.1,2015.0,7.0,Mountain_Highland
Landslide,17.5395,99.3793,5.4,29125,10.1,2015.0,9.0,Inland_Plain
Flood,20.8193,98.6273,6.4,34480,10.6,2013.0,39.0,Mountain_Highland
Landslide,-6.5733,115.3976,8.4,24815,15.5,2007.0,117.0,Delta_Coastal
Typhoon,10.4316,119.8075,5.8,31323,12.0,2013.0,18.0,Delta_Coastal
Storm Surge,17.0848,104.1736,7.4,44651,12.7,2023.0,36.0,Delta_Coastal
Earthquake,26.6512,97.6952,5.2,32457,11.4,2010.0,8.0,Mountain_Highland
Drought,8.8002,100.845,5.1,22903,11.0,2015.0,6.0,Delta_Coastal
Flash Flood,10.554,105.995,4.0,18215,8.2,2021.0,0.0,Delta_Coastal
Landslide,-7.1099,135.4661,6.0,40486,13.9,2006.0,17.0,Delta_Coastal
Landslide,18.3284,100.1892,6.7,35709,11.2,2014.0,21.0,Inland_Plain
Flash Flood,1.8588,103.1674,7.2,5947,11.3,2024.0,35.0,Delta_Coastal
Volcanic Eruption,-10.4299,108.2954,5.7,11601,12.5,2021.0,8.0,Delta_Coastal
Landslide,1.5508,106.3652,5.4,10697,11.1,2018.0,25.0,Delta_Coastal
Drought,17.8659,103.9103,5.1,18757,9.8,2010.0,3.0,Inland_Plain
Flood,12.9791,98.633,5.6,25500,8.6,2015.0,5.0,Delta_Coastal
Landslide,10.9588,97.9966,6.5,9974,10.2,2008.0,30.0,Delta_Coastal
Cyclone,25.6118,100.1463,7.1,39121,11.5,2022.0,31.0,Mountain_Highland
Volcanic Eruption,-5.9711,129.097,6.5,22694,12.4,2024.0,7.0,Delta_Coastal
Earthquake,11.1093,124.2415,6.2,10527,11.4,2006.0,8.0,Delta_Coastal
Cyclone,27.3126,95.534,5.7,5859,13.7,2010.0,23.0,Inland_Plain
Storm Surge,12.9434,105.7373,5.9,18416,10.8,2012.0,18.0,Delta_Coastal
Tropical Cyclone,12.3329,101.4841,6.2,15094,9.5,2017.0,18.0,Delta_Coastal
Drought,6.0587,105.0677,6.7,10163,10.2,2006.0,16.0,Delta_Coastal
Tsunami,-0.1743,114.6467,7.2,4714,12.2,2018.0,19.0,Delta_Coastal
Landslide,10.354,102.7521,6.0,15865,10.0,2024.0,28.0,Delta_Coastal
Landslide,14.7828,94.758,7.2,34603,12.1,2010.0,45.0,Delta_Coastal
Landslide,15.4301,124.1315,7.1,22773,13.4,2024.0,30.0,Delta_Coastal
Landslide,8.9525,120.0218,6.6,5892,14.5,2024.0,25.0,Delta_Coastal
Earthquake,23.9928,101.0587,5.1,17726,10.7,2013.0,9.0,Mountain_Highland
Typhoon,17.7946,120.2379,5.7,11558,12.0,2017.0,25.0,Inland_Plain
Drought,19.8238,97.6926,7.8,34546,12.8,2009.0,58.0,Mountain_Highland
Earthquake,25.7509,100.9323,6.2,30257,12.6,2012.0,32.0,Mountain_Highland
Flood,12.6974,97.4981,7.5,1986,12.3,2011.0,58.0,Delta_Coastal
Flood,4.6372,100.2319,6.3,3699,13.9,2022.0,8.0,Delta_Coastal
Landslide,10.436,96.5831,8.1,23057,12.5,2010.0,91.0,Delta_Coastal
Earthquake,-5.3828,140.4579,7.4,30282,12.9,2018.0,59.0,Delta_Coastal
Earthquake,17.5359,98.0581,5.3,16627,10.8,2022.0,9.0,Inland_Plain
Flood,16.4674,101.2339,5.0,30299,10.7,2015.0,12.0,Delta_Coastal
Cyclone,16.1777,100.0199,5.9,17101,9.7,2026.0,11.0,Delta_Coastal
Cyclone,11.4636,93.9843,7.4,9341,12.2,2022.0,43.0,Delta_Coastal
Typhoon,17.1063,122.8271,6.9,21853,11.2,2014.0,29.0,Delta_Coastal
Flood,19.1354,107.2988,5.3,4526,11.3,2021.0,9.0,Mountain_Highland
Landslide,10.4184,97.3739,7.1,2311,12.7,2014.0,14.0,Delta_Coastal
Flash Flood,3.1712,100.2203,6.4,18030,9.7,2023.0,25.0,Delta_Coastal
Landslide,-6.1478,134.658,8.5,53327,13.9,2023.0,139.0,Delta_Coastal
Flood,19.3898,99.6224,6.3,5134,10.5,2017.0,18.0,Mountain_Highland
Cyclone,21.3161,101.2505,6.5,25669,11.7,2015.0,9.0,Mountain_Highland
Volcanic Eruption,10.8974,117.3866,7.0,36047,12.2,2005.0,36.0,Delta_Coastal
Tropical Cyclone,10.6867,104.4775,7.1,29301,13.7,2006.0,18.0,Delta_Coastal
Earthquake,17.8076,124.8417,4.6,3874,10.9,2013.0,2.0,Inland_Plain
Cyclone,18.0841,94.5627,5.1,4214,11.4,2020.0,8.0,Inland_Plain
Landslide,14.062,100.9352,8.4,36272,13.1,2017.0,109.0,Delta_Coastal
Flood,-0.9141,110.7726,4.8,19913,12.1,2012.0,7.0,Delta_Coastal
Landslide,16.2909,102.6428,8.0,36712,12.9,2019.0,34.0,Delta_Coastal
Tropical Cyclone,9.2979,101.1813,5.5,35252,10.0,2009.0,24.0,Delta_Coastal
Landslide,13.5998,105.9627,5.4,23938,11.1,2005.0,14.0,Delta_Coastal
Earthquake,26.8135,94.7666,6.6,4847,14.5,2016.0,44.0,Inland_Plain
Tropical Cyclone,16.0444,102.3403,7.0,11741,11.8,2018.0,52.0,Delta_Coastal
Flash Flood,5.7942,107.084,7.6,34608,12.5,2010.0,19.0,Delta_Coastal
Volcanic Eruption,12.2093,118.9266,6.6,44905,14.2,2014.0,13.0,Delta_Coastal
Landslide,5.725,108.1572,7.7,10204,10.8,2025.0,15.0,Delta_Coastal
Landslide,20.4118,92.9457,6.3,31494,11.8,2006.0,7.0,Mountain_Highland
Landslide,22.0519,98.7976,8.4,56780,16.1,2015.0,76.0,Mountain_Highland
Flood,22.7671,94.1709,6.9,3197,12.1,2007.0,46.0,Mountain_Highland
Flood,2.0583,98.8505,7.2,45241,13.3,2008.0,36.0,Delta_Coastal
Volcanic Eruption,2.728,113.7483,6.7,19750,13.3,2013.0,36.0,Delta_Coastal
Flash Flood,12.3408,105.6378,7.2,49086,11.4,2009.0,17.0,Delta_Coastal
Earthquake,10.8811,94.5044,7.1,38949,11.6,2007.0,49.0,Delta_Coastal
Storm Surge,14.5717,104.1725,6.9,6020,11.0,2021.0,11.0,Delta_Coastal
Earthquake,16.4651,92.8853,5.7,28128,10.1,2025.0,13.0,Delta_Coastal
Flood,24.5209,94.2991,4.7,1811,9.8,2022.0,4.0,Mountain_Highland
Drought,14.4688,97.7402,5.2,17629,8.7,2019.0,7.0,Delta_Coastal
Flood,11.4494,100.0066,5.3,31860,8.7,2011.0,16.0,Delta_Coastal
Earthquake,25.207,94.6979,8.0,35033,13.8,2024.0,41.0,Inland_Plain
Tropical Cyclone,13.9091,98.2098,6.9,28899,10.0,2007.0,25.0,Delta_Coastal
Landslide,19.2216,99.4893,7.7,23675,12.0,2005.0,31.0,Mountain_Highland
Cyclone,26.1553,99.4843,7.9,42149,15.2,2005.0,43.0,Mountain_Highland
Earthquake,3.8422,121.4665,5.7,9228,10.1,2026.0,11.0,Delta_Coastal
Earthquake,-0.0497,138.6852,7.6,39658,15.5,2019.0,38.0,Delta_Coastal
Cyclone,11.6139,100.904,7.3,29585,12.0,2016.0,41.0,Delta_Coastal
Earthquake,10.1847,97.2098,7.5,14898,11.6,2020.0,26.0,Delta_Coastal
Earthquake,16.31,122.0411,8.3,7330,12.8,2013.0,124.0,Delta_Coastal
Earthquake,11.4729,117.6809,7.9,34049,13.2,2014.0,21.0,Delta_Coastal
Flood,-6.1683,98.4296,7.4,6775,14.0,2018.0,24.0,Delta_Coastal
Cyclone,14.0062,98.5687,7.9,3727,10.9,2010.0,39.0,Delta_Coastal
Cyclone,18.08,97.0062,6.4,1982,12.6,2005.0,28.0,Inland_Plain
Volcanic Eruption,-2.3671,98.54,5.0,9788,11.8,2019.0,12.0,Delta_Coastal
Drought,7.9703,101.747,6.7,7489,12.1,2016.0,33.0,Delta_Coastal
Flood,12.637,95.3484,5.9,11276,11.0,2021.0,26.0,Delta_Coastal
Flood,10.5086,103.2696,8.4,53272,13.2,2024.0,98.0,Delta_Coastal
Flood,2.9888,113.2134,7.9,52724,13.3,2022.0,30.0,Delta_Coastal
Landslide,27.0218,94.5061,6.4,30223,13.2,2009.0,23.0,Inland_Plain
Flood,8.5404,126.3403,7.6,43622,12.4,2026.0,17.0,Delta_Coastal
Landslide,8.3204,100.8599,6.6,45987,11.3,2017.0,23.0,Delta_Coastal
Coastal Surge,1.264,103.8508,5.4,1172,8.7,2021.0,14.0,Delta_Coastal
Typhoon,16.4654,118.1021,8.0,11849,14.8,2009.0,30.0,Delta_Coastal
Flood,15.3408,100.2213,8.4,46436,12.5,2012.0,116.0,Delta_Coastal
Flood,21.0187,102.5424,7.9,1834,15.3,2009.0,63.0,Mountain_Highland
Volcanic Eruption,-3.8548,103.5485,5.4,27370,11.5,2007.0,16.0,Delta_Coastal
Cyclone,14.1947,100.3349,6.0,24154,11.7,2020.0,18.0,Delta_Coastal
Cyclone,22.0119,97.5899,6.5,10847,12.6,2007.0,34.0,Mountain_Highland
Volcanic Eruption,-4.1874,137.8915,6.6,8384,12.8,2015.0,17.0,Delta_Coastal
Earthquake,16.0888,99.8543,6.5,11568,11.5,2005.0,31.0,Delta_Coastal
Flash Flood,16.8931,100.1485,7.1,854,13.3,2011.0,11.0,Delta_Coastal
Earthquake,-10.2488,101.6644,7.6,48112,14.0,2010.0,29.0,Delta_Coastal
Flood,23.1623,97.7743,6.7,45636,11.5,2018.0,10.0,Mountain_Highland
Flood,10.1377,117.4316,7.2,35926,13.8,2007.0,33.0,Delta_Coastal
Tsunami,-6.9309,120.2975,8.0,27035,14.3,2021.0,70.0,Delta_Coastal
Tsunami,0.1316,118.3915,7.0,27034,15.1,2024.0,39.0,Delta_Coastal
Earthquake,-9.1088,140.0108,7.2,30280,12.9,2018.0,42.0,Delta_Coastal
Landslide,1.5771,114.8025,5.8,26436,14.3,2016.0,28.0,Delta_Coastal
Tropical Cyclone,6.3302,99.9114,5.2,30012,9.9,2012.0,4.0,Delta_Coastal
Earthquake,24.7134,93.8653,6.8,29588,14.6,2022.0,34.0,Mountain_Highland
Flood,17.0329,102.3439,7.1,38124,10.2,2005.0,21.0,Delta_Coastal
Cyclone,25.1602,96.6555,6.8,9995,13.6,2008.0,41.0,Mountain_Highland
Earthquake,5.0852,124.3731,6.3,21411,10.5,2014.0,28.0,Delta_Coastal
Landslide,4.0547,116.8837,6.3,7265,12.2,2008.0,22.0,Delta_Coastal
Cyclone,12.4215,94.5814,7.2,21630,11.6,2011.0,49.0,Delta_Coastal
Storm Surge,21.9348,102.3975,8.2,35289,11.9,2006.0,145.0,Mountain_Highland
Flood,2.1895,110.3476,7.1,17031,11.9,2017.0,45.0,Delta_Coastal
Cyclone,26.6702,92.7844,6.5,11449,12.4,2006.0,14.0,Mountain_Highland
Flood,18.5321,95.6934,5.9,22805,8.7,2011.0,8.0,Inland_Plain
Cyclone,10.0938,97.0409,6.4,34388,10.9,2010.0,16.0,Delta_Coastal
Flash Flood,1.2816,103.9647,6.8,4021,12.1,2022.0,10.0,Delta_Coastal
Landslide,-8.5725,97.8411,5.3,20119,11.8,2017.0,12.0,Delta_Coastal
Landslide,-5.3879,119.7257,7.0,18606,14.2,2020.0,49.0,Delta_Coastal
Flood,17.1941,107.9366,7.4,29200,11.2,2023.0,50.0,Delta_Coastal
Flash Flood,4.436,114.2155,6.9,2857,9.6,2011.0,29.0,Delta_Coastal
Flood,21.8304,103.1947,7.4,26801,10.9,2015.0,23.0,Mountain_Highland
Cyclone,18.7807,101.0734,7.6,32021,12.3,2022.0,46.0,Inland_Plain
Volcanic Eruption,15.2008,121.5801,5.9,16650,11.7,2010.0,29.0,Delta_Coastal
Earthquake,0.2814,115.2115,6.0,3307,11.5,2016.0,28.0,Delta_Coastal
Earthquake,23.6925,99.7923,7.0,12804,15.3,2019.0,29.0,Mountain_Highland
Flash Flood,13.5667,102.7647,8.4,30110,14.8,2005.0,156.0,Delta_Coastal
Landslide,15.5661,100.3593,6.5,31365,9.6,2014.0,17.0,Delta_Coastal
Volcanic Eruption,10.8026,118.3492,6.6,43013,13.7,2013.0,44.0,Delta_Coastal
Drought,10.826,105.6593,5.1,33139,10.2,2026.0,4.0,Delta_Coastal
Landslide,9.8702,103.1984,6.4,17853,9.4,2019.0,28.0,Delta_Coastal
Landslide,-6.7014,140.1025,7.3,2384,14.1,2023.0,41.0,Delta_Coastal
Landslide,4.3419,114.9103,7.0,4163,11.6,2016.0,28.0,Delta_Coastal
Earthquake,13.9067,97.8006,5.6,23639,8.1,2023.0,14.0,Delta_Coastal
Storm Surge,10.6039,108.9419,7.6,6879,11.4,2019.0,57.0,Delta_Coastal
Cyclone,11.1367,99.9254,6.7,24755,10.0,2021.0,24.0,Delta_Coastal
Flood,14.5812,100.1665,4.9,28525,9.6,2023.0,4.0,Delta_Coastal
Flood,10.6425,107.5436,6.3,35761,11.3,2014.0,40.0,Delta_Coastal
Earthquake,26.0577,96.1176,5.5,18846,13.6,2025.0,11.0,Inland_Plain
Typhoon,9.1135,120.8277,6.9,24183,14.9,2025.0,25.0,Delta_Coastal
Flood,1.1469,133.7838,7.0,29230,13.4,2015.0,9.0,Delta_Coastal
Cyclone,26.6299,92.6901,6.3,28780,13.2,2021.0,14.0,Mountain_Highland
Flood,-0.5323,126.6574,5.4,18771,12.0,2019.0,9.0,Delta_Coastal
Flood,21.5362,99.1887,7.3,28470,10.5,2026.0,24.0,Mountain_Highland
Landslide,17.7241,97.0476,7.4,16598,10.5,2007.0,48.0,Inland_Plain
Earthquake,-9.646,99.0399,5.6,37029,12.4,2024.0,12.0,Delta_Coastal
Cyclone,18.9412,99.4797,7.2,44244,10.2,2006.0,35.0,Inland_Plain
Flood,22.2552,96.5157,5.7,34172,12.8,2011.0,27.0,Mountain_Highland
Landslide,-7.4406,105.717,5.6,7076,10.1,2021.0,12.0,Delta_Coastal
Drought,11.0594,104.8839,5.7,8765,9.3,2022.0,28.0,Delta_Coastal
Earthquake,12.938,100.4679,5.1,23463,7.9,2013.0,16.0,Delta_Coastal
Earthquake,-0.5811,104.1144,7.1,15247,11.8,2024.0,38.0,Delta_Coastal
Landslide,12.6381,95.2998,7.2,46800,10.8,2026.0,34.0,Delta_Coastal
Flash Flood,4.1658,109.3981,6.2,42326,10.6,2020.0,11.0,Delta_Coastal
Flood,20.7523,102.5792,6.5,2229,14.7,2022.0,31.0,Mountain_Highland
Flood,23.4824,95.5286,6.1,9886,12.3,2006.0,6.0,Inland_Plain
Landslide,8.6036,104.47,6.1,17248,10.6,2015.0,25.0,Delta_Coastal
Earthquake,21.0298,98.4781,7.2,31428,10.8,2019.0,23.0,Mountain_Highland
Flood,21.9163,103.556,7.2,1198,12.5,2015.0,15.0,Mountain_Highland
Flood,10.1315,122.6972,4.2,25584,11.2,2014.0,2.0,Delta_Coastal
Landslide,8.3077,105.02,6.3,11667,10.8,2020.0,11.0,Delta_Coastal
Cyclone,20.629,101.1818,7.2,22680,10.5,2006.0,29.0,Mountain_Highland
Earthquake,13.0777,125.1785,7.2,44282,13.2,2017.0,18.0,Delta_Coastal
Cyclone,25.5484,93.1456,7.5,18655,15.3,2012.0,40.0,Mountain_Highland
Flood,17.7761,120.4395,7.2,34572,14.3,2009.0,17.0,Inland_Plain
Cyclone,26.1606,94.4497,6.9,39902,15.2,2021.0,22.0,Mountain_Highland
Earthquake,22.4233,98.9698,5.7,21108,12.8,2019.0,25.0,Mountain_Highland
Landslide,3.9467,109.6615,6.4,14242,12.0,2018.0,40.0,Delta_Coastal
Landslide,23.8712,95.3746,6.6,12868,14.8,2011.0,11.0,Inland_Plain
Landslide,11.9107,92.9488,5.9,9769,8.6,2007.0,20.0,Delta_Coastal
Landslide,25.6892,100.2582,6.6,23622,15.1,2012.0,39.0,Mountain_Highland
Earthquake,12.0249,119.9532,5.4,19785,11.4,2022.0,16.0,Delta_Coastal
Tropical Cyclone,14.5629,100.3312,7.7,15503,12.7,2010.0,30.0,Delta_Coastal
Cyclone,11.4393,96.9434,6.4,39610,11.9,2022.0,21.0,Delta_Coastal
Cyclone,20.2117,94.0346,7.0,36282,11.2,2008.0,17.0,Mountain_Highland
Storm Surge,13.2785,109.0007,7.4,47925,11.3,2005.0,32.0,Delta_Coastal
Tropical Cyclone,17.557,101.6693,7.0,18117,11.5,2010.0,45.0,Inland_Plain
Volcanic Eruption,-2.8776,100.0686,4.6,11863,9.9,2012.0,2.0,Delta_Coastal
Landslide,3.9393,136.8638,8.2,35989,14.6,2022.0,106.0,Delta_Coastal
Landslide,9.8738,107.5883,6.1,37407,9.9,2014.0,27.0,Delta_Coastal
Drought,16.119,101.5453,6.8,28218,10.9,2018.0,43.0,Delta_Coastal
Cyclone,22.4495,97.1432,5.3,6885,12.3,2018.0,5.0,Mountain_Highland
Flood,10.9874,102.9845,5.7,21999,10.5,2017.0,28.0,Delta_Coastal
Earthquake,14.5034,99.5266,6.0,6105,10.2,2013.0,11.0,Delta_Coastal
Drought,8.2509,103.3748,4.5,18336,10.3,2013.0,4.0,Delta_Coastal
Flash Flood,6.4357,118.8015,5.0,7403,8.2,2017.0,6.0,Delta_Coastal
Flood,6.0754,104.99,7.4,34133,11.8,2025.0,12.0,Delta_Coastal
Landslide,14.3999,125.4271,4.9,11685,10.8,2020.0,3.0,Delta_Coastal
Earthquake,10.8194,117.717,7.4,34674,13.4,2016.0,12.0,Delta_Coastal
Earthquake,21.3152,97.8814,6.7,36027,10.5,2007.0,16.0,Mountain_Highland
Typhoon,7.9524,123.1724,6.8,9702,15.3,2009.0,40.0,Delta_Coastal
Landslide,26.549,94.8161,7.0,20314,12.8,2017.0,16.0,Inland_Plain
Cyclone,10.2269,94.7621,7.0,42050,12.3,2023.0,33.0,Delta_Coastal
Storm Surge,13.5254,108.6362,5.5,30171,11.5,2005.0,24.0,Delta_Coastal
Flash Flood,5.5952,109.5918,4.7,7591,8.2,2014.0,7.0,Delta_Coastal
Flood,-5.3835,101.0711,6.1,13490,10.4,2024.0,20.0,Delta_Coastal
Landslide,15.1791,105.7075,6.9,13827,12.5,2016.0,21.0,Delta_Coastal
Flood,1.3942,100.645,5.1,5331,9.0,2023.0,12.0,Delta_Coastal
Landslide,2.6788,102.5364,6.9,9800,12.8,2026.0,15.0,Delta_Coastal
Landslide,13.6113,103.1846,6.5,13711,11.6,2021.0,16.0,Delta_Coastal
Cyclone,18.7933,96.0435,7.2,17935,11.3,2005.0,10.0,Inland_Plain
Landslide,11.8819,97.8403,7.0,7975,10.6,2013.0,16.0,Delta_Coastal
Landslide,15.7216,105.4001,6.6,6027,11.7,2025.0,44.0,Delta_Coastal
Volcanic Eruption,9.4808,120.7383,6.2,31639,11.4,2009.0,24.0,Delta_Coastal
Volcanic Eruption,-4.0577,134.9409,7.5,24681,16.5,2009.0,18.0,Delta_Coastal
Landslide,18.0729,95.9146,4.8,2834,9.6,2026.0,8.0,Inland_Plain
Flood,17.8734,104.0422,6.8,29215,12.0,2016.0,17.0,Inland_Plain
Flood,20.9277,106.985,6.8,9189,10.2,2023.0,24.0,Mountain_Highland
Landslide,12.5791,98.3983,5.8,30408,11.1,2008.0,11.0,Delta_Coastal
Cyclone,13.0814,94.8561,5.2,10393,9.4,2014.0,11.0,Delta_Coastal
Volcanic Eruption,15.6296,120.9103,7.2,37621,14.6,2009.0,27.0,Delta_Coastal
Flood,16.5228,109.4512,8.1,29558,13.2,2025.0,65.0,Delta_Coastal
Earthquake,13.3102,98.7619,6.4,19842,10.6,2011.0,17.0,Delta_Coastal
Storm Surge,14.2226,107.7771,5.5,26666,11.0,2020.0,10.0,Delta_Coastal
Cyclone,15.8216,98.5479,8.1,19584,13.8,2026.0,142.0,Delta_Coastal
Earthquake,0.8724,131.4336,7.0,46982,14.6,2020.0,42.0,Delta_Coastal
Flood,18.7118,102.4848,7.3,33543,12.6,2025.0,12.0,Inland_Plain
Landslide,24.6077,101.3222,5.9,12365,13.0,2007.0,13.0,Mountain_Highland
Flood,25.4248,92.7231,7.4,33699,15.0,2012.0,23.0,Mountain_Highland
Drought,15.7654,105.3996,5.7,20222,10.0,2023.0,20.0,Delta_Coastal
Volcanic Eruption,-1.2139,129.8813,6.3,2987,10.4,2024.0,28.0,Delta_Coastal
Flood,27.3202,101.4681,8.0,54382,14.0,2017.0,67.0,Mountain_Highland
Volcanic Eruption,5.2032,131.3244,6.3,13977,10.8,2012.0,23.0,Delta_Coastal
Flood,-9.683,112.4119,5.5,29618,13.7,2016.0,17.0,Delta_Coastal
Earthquake,21.5575,93.9135,5.6,6629,10.3,2006.0,10.0,Mountain_Highland
Tropical Cyclone,15.2008,102.6379,7.2,36501,13.3,2007.0,32.0,Delta_Coastal
Flood,-2.2444,116.7537,8.8,6341,15.3,2019.0,119.0,Delta_Coastal
Cyclone,25.9366,93.3879,8.4,26073,13.4,2025.0,78.0,Mountain_Highland
Flood,-10.4187,127.4527,6.2,35641,11.0,2011.0,34.0,Delta_Coastal
Landslide,17.4355,97.9985,7.6,29329,13.8,2005.0,21.0,Delta_Coastal
Landslide,25.2667,92.8231,5.0,19833,10.2,2025.0,13.0,Mountain_Highland
Landslide,23.6543,101.1717,5.0,31238,10.1,2024.0,11.0,Mountain_Highland
Landslide,15.0939,93.8034,5.8,16033,10.8,2026.0,26.0,Delta_Coastal
Flood,12.0903,98.8711,7.3,17134,12.5,2013.0,18.0,Delta_Coastal
Landslide,-6.3723,115.5623,6.1,6757,14.8,2009.0,29.0,Delta_Coastal
Landslide,1.0909,108.9961,6.0,39658,12.3,2024.0,21.0,Delta_Coastal
Tsunami,-2.3771,135.9255,8.1,9457,14.5,2013.0,98.0,Delta_Coastal
Landslide,-7.4736,111.815,7.2,21529,14.0,2006.0,25.0,Delta_Coastal
Cyclone,25.8713,97.827,7.1,9231,12.5,2017.0,24.0,Mountain_Highland
Cyclone,22.8499,95.1448,5.7,11835,13.5,2006.0,8.0,Inland_Plain
Landslide,26.5008,100.6795,6.8,7927,12.2,2012.0,50.0,Mountain_Highland
Landslide,10.2997,123.1057,8.4,58062,15.7,2012.0,156.0,Delta_Coastal
Flood,26.9499,93.1914,6.6,22863,14.9,2017.0,9.0,Mountain_Highland
Typhoon,10.6334,120.9936,5.9,36161,12.8,2015.0,9.0,Delta_Coastal
Landslide,9.1123,103.6128,5.9,7300,11.5,2013.0,25.0,Delta_Coastal
Cyclone,16.8329,96.7312,7.1,36158,12.0,2026.0,38.0,Delta_Coastal
Landslide,18.1134,100.5918,6.6,13610,12.9,2015.0,22.0,Inland_Plain
Earthquake,5.4248,123.2985,6.6,32887,13.3,2012.0,14.0,Delta_Coastal
Cyclone,12.9301,95.993,8.0,54988,12.2,2021.0,53.0,Delta_Coastal
Landslide,10.7994,95.3312,8.4,2612,14.1,2015.0,174.0,Delta_Coastal
Landslide,19.4319,93.5912,8.0,6992,12.2,2011.0,62.0,Mountain_Highland
Volcanic Eruption,-6.2754,96.8636,8.0,3044,12.8,2021.0,25.0,Delta_Coastal
Flood,4.5737,112.1105,7.4,33329,10.8,2024.0,28.0,Delta_Coastal
Storm Surge,20.3042,107.9125,5.9,18993,9.9,2026.0,29.0,Mountain_Highland
Cyclone,22.0507,93.9227,6.5,40868,12.7,2016.0,44.0,Mountain_Highland
Tsunami,-6.2143,114.1477,5.0,9861,11.1,2024.0,17.0,Delta_Coastal
Landslide,13.7728,99.921,5.7,26386,11.8,2023.0,8.0,Delta_Coastal
Cyclone,17.4341,99.3672,5.3,2365,7.7,2026.0,13.0,Delta_Coastal
Flood,16.8684,104.6093,6.1,7047,9.9,2010.0,18.0,Delta_Coastal
Landslide,18.3053,93.8063,7.9,2807,11.8,2021.0,51.0,Mountain_Highland
Cyclone,14.0077,99.0959,6.2,17965,10.5,2026.0,29.0,Delta_Coastal
Earthquake,22.3207,94.4311,7.0,46467,11.3,2019.0,53.0,Mountain_Highland
Cyclone,22.4068,98.8367,8.0,25171,14.0,2017.0,48.0,Mountain_Highland
Landslide,13.7733,93.9848,6.7,43832,11.7,2019.0,34.0,Delta_Coastal
Cyclone,11.4802,95.0727,8.3,2822,13.4,2020.0,152.0,Delta_Coastal
Flood,7.6692,101.1631,6.7,22038,11.9,2024.0,10.0,Delta_Coastal
Drought,8.6579,100.4429,9.0,20957,13.8,2013.0,115.0,Delta_Coastal
Cyclone,26.5357,92.6453,6.4,36513,13.2,2007.0,22.0,Mountain_Highland
Landslide,2.753,120.0524,5.5,13065,12.3,2026.0,13.0,Delta_Coastal
Landslide,15.4896,93.8629,7.2,40167,12.3,2006.0,43.0,Delta_Coastal
Typhoon,22.9093,104.9043,5.6,24620,13.9,2014.0,5.0,Mountain_Highland
Landslide,21.7862,97.4,6.8,21829,11.5,2008.0,9.0,Mountain_Highland
Flash Flood,14.3625,101.7496,6.1,4771,11.3,2012.0,27.0,Delta_Coastal
Earthquake,10.9397,96.4338,7.8,36380,13.5,2015.0,13.0,Delta_Coastal
Earthquake,-7.9173,100.0616,8.7,48250,16.5,2026.0,83.0,Delta_Coastal
Volcanic Eruption,5.5317,119.9929,5.9,12135,12.7,2011.0,29.0,Delta_Coastal
Storm Surge,18.5644,107.0827,6.3,33774,11.4,2024.0,31.0,Inland_Plain
Volcanic Eruption,3.095,113.1796,6.0,1452,12.9,2016.0,14.0,Delta_Coastal
Flood,23.1819,98.4377,5.1,30091,12.5,2017.0,15.0,Mountain_Highland
Flash Flood,4.1434,114.7135,7.0,4232,12.0,2014.0,16.0,Delta_Coastal
Landslide,16.3453,118.8228,7.2,23191,13.2,2009.0,23.0,Delta_Coastal
Landslide,20.8169,92.7726,8.0,31972,12.5,2017.0,29.0,Mountain_Highland
Cyclone,10.3711,92.9007,6.8,10500,11.2,2005.0,17.0,Delta_Coastal
Flood,24.6039,100.9042,7.5,46507,12.0,2019.0,20.0,Mountain_Highland
Flood,7.2721,103.2416,8.5,16450,12.6,2018.0,128.0,Delta_Coastal
Cyclone,17.6285,101.252,7.2,41271,12.5,2016.0,23.0,Inland_Plain
Earthquake,2.251,105.021,6.0,15152,11.7,2022.0,11.0,Delta_Coastal
Flood,-0.9979,124.6298,6.7,42997,12.5,2014.0,23.0,Delta_Coastal
Landslide,18.5655,97.6968,6.0,33775,11.6,2017.0,21.0,Inland_Plain
Flash Flood,6.5102,105.9039,6.6,45260,9.8,2017.0,14.0,Delta_Coastal
Flood,17.2157,100.1311,6.9,36389,13.2,2013.0,27.0,Delta_Coastal
Flood,25.5569,98.5004,6.3,20734,12.3,2012.0,9.0,Mountain_Highland
Earthquake,21.1854,97.777,8.0,9227,14.3,2008.0,59.0,Mountain_Highland
Tsunami,-0.1433,107.3652,6.4,41429,12.9,2025.0,27.0,Delta_Coastal
Landslide,19.0573,103.8606,6.8,19687,11.4,2016.0,29.0,Mountain_Highland
Flood,15.9996,121.4435,8.6,51558,15.7,2017.0,105.0,Delta_Coastal
Volcanic Eruption,2.9863,135.2027,7.7,19117,13.8,2011.0,54.0,Delta_Coastal
Earthquake,17.8477,123.3772,6.4,26224,11.8,2014.0,11.0,Inland_Plain
Drought,14.0682,106.2922,6.8,29917,10.8,2011.0,12.0,Delta_Coastal
Cyclone,23.073,97.9365,7.9,12589,13.1,2025.0,39.0,Mountain_Highland
Earthquake,4.8516,125.9425,6.5,34633,12.9,2008.0,33.0,Delta_Coastal
Flash Flood,1.3601,103.9318,8.1,1872,12.8,2011.0,115.0,Delta_Coastal
Cyclone,12.3971,99.7651,6.5,41485,10.1,2017.0,36.0,Delta_Coastal
Flood,1.7206,138.0072,6.2,37585,12.9,2015.0,21.0,Delta_Coastal
Landslide,10.122,101.0425,8.1,3585,12.9,2015.0,92.0,Delta_Coastal
Storm Surge,9.8701,102.3936,6.8,15278,11.6,2008.0,33.0,Delta_Coastal
Flood,21.0609,104.5445,6.3,42821,10.9,2010.0,30.0,Mountain_Highland
Landslide,19.3628,104.2913,6.6,19151,11.2,2024.0,13.0,Mountain_Highland
Flood,16.6223,118.1815,8.5,16189,15.2,2015.0,154.0,Delta_Coastal
Volcanic Eruption,6.2778,119.3699,6.2,30198,13.8,2006.0,12.0,Delta_Coastal
Tsunami,-7.4257,106.3517,7.1,9073,14.9,2025.0,33.0,Delta_Coastal
Typhoon,16.0797,106.8042,7.7,30553,13.2,2006.0,39.0,Delta_Coastal
Flood,17.7679,103.2085,6.5,3935,13.2,2015.0,25.0,Inland_Plain
Cyclone,20.6388,99.919,7.3,39173,12.1,2006.0,35.0,Mountain_Highland
Cyclone,15.281,97.6002,7.8,40563,12.7,2005.0,19.0,Delta_Coastal
Cyclone,18.4879,97.6392,5.9,14650,9.9,2021.0,24.0,Inland_Plain
Earthquake,-8.836,116.6888,6.9,7632,14.6,2017.0,46.0,Delta_Coastal
Storm Surge,12.3213,109.4704,4.7,20319,10.1,2016.0,11.0,Delta_Coastal
Flood,17.8503,122.559,7.3,31499,14.6,2009.0,11.0,Inland_Plain
Flood,22.9017,108.7001,8.7,57524,13.4,2011.0,153.0,Mountain_Highland
Earthquake,3.8829,122.6209,7.0,38301,15.7,2010.0,49.0,Delta_Coastal
Cyclone,14.387,94.2768,6.9,31301,10.2,2007.0,47.0,Delta_Coastal
Earthquake,11.6969,98.6486,5.5,28073,11.1,2010.0,15.0,Delta_Coastal
Flood,11.8221,107.4459,8.3,8122,12.3,2017.0,112.0,Delta_Coastal
Landslide,22.8308,92.6922,6.3,12384,13.5,2022.0,30.0,Mountain_Highland
Flood,25.3301,93.9924,6.5,27047,14.4,2018.0,35.0,Mountain_Highland
Landslide,16.6863,96.3818,5.7,17244,10.3,2018.0,25.0,Delta_Coastal
Flood,-0.1403,130.1673,7.0,38213,12.8,2015.0,52.0,Delta_Coastal
Flash Flood,14.125,102.7282,6.4,5221,9.1,2017.0,36.0,Delta_Coastal
Tsunami,0.6833,135.1524,6.3,7290,13.9,2020.0,40.0,Delta_Coastal
Tsunami,-0.855,120.1649,6.8,41821,11.5,2012.0,43.0,Delta_Coastal
Cyclone,11.1439,93.516,6.6,16094,11.2,2017.0,39.0,Delta_Coastal
Landslide,11.5608,100.1711,5.5,30108,9.4,2020.0,22.0,Delta_Coastal
Flood,13.0584,98.4381,6.9,38479,11.2,2010.0,11.0,Delta_Coastal
Flash Flood,13.1575,104.109,6.2,13173,11.1,2016.0,35.0,Delta_Coastal
Landslide,17.7713,122.7013,5.6,4831,13.8,2025.0,15.0,Inland_Plain
Tsunami,-1.724,120.6942,5.3,17471,9.5,2011.0,8.0,Delta_Coastal
Drought,16.8511,100.9921,5.8,11177,9.3,2009.0,8.0,Delta_Coastal
Landslide,17.884,96.4845,7.9,45982,13.2,2011.0,48.0,Inland_Plain
Flash Flood,2.0129,107.9056,7.2,35048,10.9,2020.0,41.0,Delta_Coastal
Flood,16.64,93.4067,6.3,22703,11.0,2015.0,19.0,Delta_Coastal
Cyclone,21.3054,96.3107,6.3,31201,10.8,2011.0,14.0,Inland_Plain
Landslide,16.0873,98.2983,6.6,25161,10.4,2019.0,43.0,Delta_Coastal
Earthquake,16.9533,124.1307,7.0,31732,13.4,2009.0,19.0,Delta_Coastal
Landslide,21.1241,100.7555,7.8,5346,13.2,2007.0,59.0,Mountain_Highland
Landslide,11.7803,108.5243,7.1,1623,11.9,2026.0,34.0,Delta_Coastal
Landslide,26.8677,96.7434,7.9,26702,14.7,2005.0,17.0,Mountain_Highland
Flood,20.5524,105.2415,7.9,19761,12.0,2007.0,52.0,Mountain_Highland
Cyclone,19.1309,94.6647,6.6,43717,11.0,2013.0,37.0,Inland_Plain
Earthquake,15.2655,100.9269,7.5,30736,13.3,2025.0,31.0,Delta_Coastal
Landslide,4.033,114.7348,6.4,5323,12.7,2021.0,9.0,Delta_Coastal
Tropical Cyclone,9.2695,104.1532,4.7,30785,9.2,2013.0,7.0,Delta_Coastal
Flash Flood,6.0848,117.0181,5.3,23947,8.4,2021.0,13.0,Delta_Coastal
Typhoon,13.0094,103.9615,7.5,28066,11.9,2011.0,25.0,Delta_Coastal
Flood,14.5,106.3769,6.5,1630,14.9,2005.0,20.0,Delta_Coastal
Earthquake,23.0424,98.8665,7.1,18539,15.0,2020.0,50.0,Mountain_Highland
Earthquake,19.5529,93.5604,6.0,41660,10.8,2020.0,29.0,Mountain_Highland
Earthquake,20.8946,100.7721,7.0,25715,12.2,2012.0,40.0,Mountain_Highland
Earthquake,-1.0978,98.0941,6.0,1473,11.3,2011.0,35.0,Delta_Coastal
Earthquake,11.875,96.9405,7.3,4095,12.0,2007.0,59.0,Delta_Coastal
Flood,11.6629,101.9145,7.1,28097,11.9,2013.0,40.0,Delta_Coastal
Flood,7.789,99.4384,5.4,7213,9.7,2009.0,16.0,Delta_Coastal
Cyclone,26.7975,97.3585,7.6,2182,13.2,2023.0,33.0,Mountain_Highland
Landslide,19.6543,94.0819,7.0,27146,11.1,2025.0,12.0,Mountain_Highland
Earthquake,13.2963,97.1556,5.9,5569,10.8,2026.0,9.0,Delta_Coastal
Earthquake,11.8661,99.5091,5.7,35615,10.1,2017.0,9.0,Delta_Coastal
Tropical Cyclone,11.1077,97.6864,6.0,13630,10.0,2019.0,26.0,Delta_Coastal
Flood,7.7009,123.8136,4.8,33154,10.2,2025.0,13.0,Delta_Coastal
Flood,24.0649,94.985,8.5,36347,16.1,2020.0,50.0,Inland_Plain
Storm Surge,12.2632,102.2299,6.9,30066,10.2,2019.0,32.0,Delta_Coastal
Landslide,11.6653,122.3376,7.6,52748,14.4,2026.0,50.0,Delta_Coastal
Volcanic Eruption,12.6244,123.9264,7.8,27326,13.8,2024.0,45.0,Delta_Coastal
Flood,19.567,108.5593,4.9,11004,9.6,2013.0,3.0,Mountain_Highland
Landslide,12.9757,102.6133,5.8,20257,10.6,2022.0,6.0,Delta_Coastal
Flood,22.4597,93.5713,8.1,37360,15.5,2016.0,142.0,Mountain_Highland
Flood,19.8423,105.3226,5.8,1076,9.5,2024.0,26.0,Mountain_Highland
Landslide,14.3992,98.0514,8.0,49115,13.0,2005.0,41.0,Delta_Coastal
Landslide,20.9217,103.0028,6.5,672,11.6,2021.0,41.0,Mountain_Highland
Volcanic Eruption,-2.4321,135.5696,7.7,49292,14.5,2009.0,44.0,Delta_Coastal
Cyclone,22.8798,98.383,5.9,3672,13.2,2008.0,27.0,Mountain_Highland
Flood,12.8412,108.481,5.9,2004,9.1,2019.0,32.0,Delta_Coastal
Typhoon,9.8138,107.0338,5.6,30847,8.4,2005.0,25.0,Delta_Coastal
Earthquake,10.2596,95.5155,8.8,13858,11.7,2025.0,111.0,Delta_Coastal
Flood,26.6336,98.2427,7.3,12938,13.9,2025.0,37.0,Mountain_Highland
Cyclone,14.3429,97.909,7.3,28721,13.0,2014.0,20.0,Delta_Coastal
Flood,3.4143,96.0333,6.2,24069,13.5,2026.0,26.0,Delta_Coastal
Flood,14.1937,123.6335,6.0,13177,13.9,2017.0,15.0,Delta_Coastal
Flash Flood,6.1253,100.7386,6.3,12462,10.0,2014.0,33.0,Delta_Coastal
Cyclone,17.9566,95.8179,4.4,19725,7.0,2022.0,3.0,Inland_Plain
Landslide,8.44,121.4178,5.4,27492,12.3,2025.0,12.0,Delta_Coastal
Earthquake,11.5336,93.716,5.7,2326,8.8,2009.0,21.0,Delta_Coastal
Earthquake,7.5373,118.4727,4.4,16896,10.4,2024.0,4.0,Delta_Coastal
Landslide,8.381,121.4014,7.4,19115,13.3,2020.0,47.0,Delta_Coastal
Flood,0.3741,99.6189,7.5,40908,16.0,2019.0,52.0,Delta_Coastal
Cyclone,27.3622,93.9606,6.2,17019,12.1,2017.0,32.0,Mountain_Highland
Landslide,13.898,94.353,7.2,45411,10.6,2010.0,31.0,Delta_Coastal
Volcanic Eruption,18.7803,124.7085,6.0,18865,11.6,2023.0,6.0,Inland_Plain
Flood,10.1104,101.1449,8.5,30880,12.6,2022.0,167.0,Delta_Coastal
Tropical Cyclone,19.7332,103.0919,6.9,45188,12.5,2024.0,43.0,Mountain_Highland
Cyclone,16.1181,94.3336,6.0,14434,10.8,2011.0,23.0,Delta_Coastal
Flood,18.0294,95.8581,6.8,15856,12.5,2018.0,35.0,Inland_Plain
Landslide,13.929,94.7344,8.2,36025,12.5,2006.0,109.0,Delta_Coastal
Earthquake,2.7553,128.9744,6.5,10783,13.8,2022.0,41.0,Delta_Coastal
Earthquake,-10.2718,121.7541,8.1,46528,14.6,2018.0,131.0,Delta_Coastal
Landslide,3.2277,129.8254,8.6,22542,16.7,2022.0,173.0,Delta_Coastal
Typhoon,7.6977,124.4805,6.1,40671,13.8,2026.0,29.0,Delta_Coastal
Storm Surge,11.812,102.879,6.2,15388,9.1,2019.0,28.0,Delta_Coastal
Flood,14.2498,103.1902,6.6,24458,11.2,2015.0,31.0,Delta_Coastal
Typhoon,14.1289,102.5547,6.5,41889,10.3,2020.0,32.0,Delta_Coastal
Typhoon,17.7426,123.0243,6.8,12578,11.9,2021.0,49.0,Inland_Plain
Flood,12.3597,100.7169,6.8,38313,12.6,2021.0,22.0,Delta_Coastal
Landslide,8.8483,103.6011,6.0,33530,11.7,2013.0,14.0,Delta_Coastal
Cyclone,24.3312,97.6054,8.9,28410,13.5,2014.0,135.0,Mountain_Highland
Landslide,16.5625,96.0247,7.3,45385,11.6,2017.0,50.0,Delta_Coastal
Landslide,2.7383,103.9095,6.6,18886,10.8,2011.0,31.0,Delta_Coastal
Drought,9.0571,98.7131,6.2,33926,11.6,2025.0,20.0,Delta_Coastal
Earthquake,24.0037,95.8572,4.2,27417,8.6,2026.0,2.0,Inland_Plain
Landslide,17.7862,103.4208,6.6,6202,12.5,2010.0,10.0,Inland_Plain
Landslide,6.0403,122.264,8.5,5878,14.7,2017.0,114.0,Delta_Coastal
Landslide,7.8414,102.2624,4.8,31407,9.6,2017.0,12.0,Delta_Coastal
Flood,16.4018,94.5098,7.5,30105,10.7,2005.0,45.0,Delta_Coastal
Earthquake,24.598,93.6067,7.6,36084,14.5,2019.0,47.0,Mountain_Highland
Flood,26.092,97.9992,8.0,30958,15.5,2021.0,22.0,Mountain_Highland
Flood,18.447,107.4922,6.1,5673,12.6,2015.0,37.0,Inland_Plain
Landslide,22.4083,103.9796,7.6,40398,15.0,2015.0,36.0,Mountain_Highland
Landslide,14.232,101.2614,5.7,30524,9.5,2025.0,15.0,Delta_Coastal
Flash Flood,1.4005,103.6091,6.7,1013,12.3,2023.0,39.0,Delta_Coastal
Cyclone,16.184,93.4541,8.4,54164,13.0,2011.0,61.0,Delta_Coastal
Flood,11.9122,97.7022,5.0,31444,10.9,2007.0,9.0,Delta_Coastal
Flood,21.3336,100.6757,7.7,8745,13.1,2014.0,35.0,Mountain_Highland
Typhoon,8.4263,118.7964,6.9,32134,13.1,2010.0,18.0,Delta_Coastal
Flash Flood,6.375,106.3304,5.3,11298,8.4,2006.0,17.0,Delta_Coastal
Flood,26.0584,95.0152,4.2,17822,11.5,2012.0,0.0,Inland_Plain
Cyclone,15.765,92.8946,7.0,42971,13.0,2023.0,14.0,Delta_Coastal
Earthquake,26.017,94.4923,5.0,31426,10.2,2006.0,7.0,Mountain_Highland
Tsunami,0.3317,123.686,8.2,11007,15.4,2026.0,93.0,Delta_Coastal
Storm Surge,20.1539,103.95,6.7,8310,12.4,2018.0,23.0,Mountain_Highland
Flood,5.4301,123.982,5.2,11523,13.4,2025.0,16.0,Delta_Coastal
Landslide,-9.5759,95.45,5.3,32437,11.0,2017.0,19.0,Delta_Coastal
Landslide,21.504,97.587,6.1,22068,9.6,2026.0,26.0,Mountain_Highland
Cyclone,15.921,95.7912,5.9,39131,10.7,2020.0,28.0,Delta_Coastal
Cyclone,15.4454,97.545,5.3,33449,9.7,2008.0,21.0,Delta_Coastal
Landslide,7.3959,99.2207,6.0,20089,9.2,2024.0,15.0,Delta_Coastal
Flood,13.9382,103.4686,5.0,28519,9.7,2009.0,16.0,Delta_Coastal
Drought,14.1315,105.1418,8.0,18851,10.7,2010.0,60.0,Delta_Coastal
Earthquake,6.7548,123.2402,7.3,2531,11.8,2010.0,46.0,Delta_Coastal
Flood,12.2447,109.1646,6.9,37947,10.7,2026.0,52.0,Delta_Coastal
Landslide,12.2953,95.1405,7.3,41345,13.0,2010.0,40.0,Delta_Coastal
Earthquake,25.4823,93.9773,6.5,27920,11.9,2026.0,28.0,Mountain_Highland
Flood,18.3848,103.5614,8.0,17913,13.2,2006.0,55.0,Inland_Plain
Flood,11.3839,95.5893,6.3,1913,12.6,2014.0,24.0,Delta_Coastal
Flood,7.4506,122.2278,7.1,1482,12.3,2022.0,14.0,Delta_Coastal
Storm Surge,20.7144,109.4734,6.4,35865,11.2,2007.0,23.0,Mountain_Highland
Earthquake,10.3945,99.892,6.1,21318,10.7,2014.0,8.0,Delta_Coastal
Cyclone,27.4189,99.7535,5.2,2159,12.0,2022.0,5.0,Mountain_Highland
Flood,6.6986,103.5821,6.9,23592,10.9,2014.0,45.0,Delta_Coastal
Flood,21.5638,107.4029,6.5,5925,13.3,2026.0,15.0,Mountain_Highland
Typhoon,9.2419,103.7418,6.4,3627,10.7,2011.0,18.0,Delta_Coastal
Flash Flood,14.3308,102.9829,6.8,4829,14.7,2009.0,15.0,Delta_Coastal
Landslide,15.7412,121.3896,7.0,40777,13.8,2026.0,31.0,Delta_Coastal
Flood,6.3077,110.7896,5.6,32822,9.2,2008.0,10.0,Delta_Coastal
Landslide,18.499,98.7523,7.8,13061,12.1,2014.0,40.0,Inland_Plain
Flood,11.6166,98.7578,4.9,6070,7.5,2018.0,6.0,Delta_Coastal
Landslide,24.4577,95.4111,5.9,17722,12.8,2019.0,18.0,Inland_Plain
Landslide,4.7033,120.6502,4.9,4847,9.7,2005.0,3.0,Delta_Coastal
Cyclone,17.0396,94.6091,5.8,5450,10.3,2023.0,14.0,Delta_Coastal
Flash Flood,1.2329,103.7552,7.6,7472,12.9,2005.0,14.0,Delta_Coastal
Coastal Surge,1.4105,103.7725,6.0,1353,11.3,2023.0,22.0,Delta_Coastal
Landslide,9.2377,98.3969,7.1,18790,11.9,2006.0,15.0,Delta_Coastal
Flood,7.8822,100.7102,8.9,26920,11.7,2018.0,77.0,Delta_Coastal
Flood,14.9418,104.0873,7.1,22945,12.2,2026.0,20.0,Delta_Coastal
Storm Surge,16.6222,106.8301,6.6,22418,11.4,2013.0,41.0,Delta_Coastal
Earthquake,3.3622,139.0349,5.2,3433,11.5,2012.0,4.0,Delta_Coastal
Flood,17.3468,101.1507,8.6,17767,15.1,2021.0,109.0,Delta_Coastal
Storm Surge,16.9101,105.4702,7.4,48172,14.0,2025.0,34.0,Delta_Coastal
Landslide,8.7182,103.6443,5.8,31207,10.7,2006.0,26.0,Delta_Coastal
Landslide,14.2375,104.2965,6.3,26740,10.7,2015.0,38.0,Delta_Coastal
Cyclone,19.1343,99.9608,8.4,29403,13.8,2015.0,128.0,Mountain_Highland
Volcanic Eruption,-8.7326,138.253,7.1,36770,13.5,2012.0,36.0,Delta_Coastal
Landslide,22.1717,108.6894,5.3,13206,12.7,2011.0,9.0,Mountain_Highland
Landslide,8.7322,102.8867,4.5,8068,7.9,2022.0,2.0,Delta_Coastal
Earthquake,14.5641,93.2654,7.7,49658,12.2,2014.0,38.0,Delta_Coastal
Tropical Cyclone,13.5042,99.8089,7.1,23881,9.7,2025.0,25.0,Delta_Coastal
Earthquake,18.0932,99.8275,8.3,7753,13.1,2022.0,107.0,Inland_Plain
Landslide,18.9562,103.9871,7.6,22050,12.2,2021.0,16.0,Inland_Plain
Flood,11.5369,94.8108,7.4,9686,11.6,2018.0,60.0,Delta_Coastal
Flash Flood,13.9796,104.6428,6.2,31337,11.6,2012.0,19.0,Delta_Coastal
Flood,20.0257,96.3382,6.1,27547,11.0,2026.0,31.0,Inland_Plain
Cyclone,20.0064,92.7276,7.4,45486,11.4,2012.0,25.0,Mountain_Highland
Landslide,3.6361,111.5099,4.8,2436,7.9,2010.0,7.0,Delta_Coastal
Typhoon,15.4315,125.216,6.2,18091,12.2,2016.0,20.0,Delta_Coastal
Typhoon,12.7712,105.3234,7.3,17284,12.7,2010.0,51.0,Delta_Coastal
Cyclone,27.0774,97.6837,5.4,16171,10.4,2009.0,20.0,Mountain_Highland
Landslide,14.2754,102.6684,7.8,21225,11.2,2011.0,22.0,Delta_Coastal
Landslide,21.8491,104.0855,6.9,26961,12.2,2010.0,19.0,Mountain_Highland
Flood,10.6475,118.0914,5.6,32519,12.1,2008.0,21.0,Delta_Coastal
Flash Flood,14.2515,107.4564,8.0,20536,11.2,2018.0,34.0,Delta_Coastal
Earthquake,10.0903,94.2515,5.1,2715,10.7,2012.0,6.0,Delta_Coastal
Flood,22.4287,98.9209,5.5,4147,10.0,2020.0,19.0,Mountain_Highland
Earthquake,-5.785,121.5663,8.3,12939,14.0,2010.0,93.0,Delta_Coastal
Cyclone,20.3872,95.8289,7.1,36724,11.7,2008.0,20.0,Inland_Plain
Flash Flood,4.49,114.6118,6.7,2156,12.9,2021.0,47.0,Delta_Coastal
Volcanic Eruption,-9.4618,105.7995,8.0,16526,14.7,2021.0,59.0,Delta_Coastal
Earthquake,20.0468,99.765,7.8,4243,11.9,2013.0,51.0,Mountain_Highland
Flood,15.577,107.4051,5.9,3927,13.0,2023.0,11.0,Delta_Coastal
Flood,2.5079,116.4151,5.6,15430,9.1,2006.0,9.0,Delta_Coastal
Earthquake,13.0054,94.8401,6.7,26643,10.7,2010.0,33.0,Delta_Coastal
Typhoon,10.436,104.8993,7.5,29640,11.1,2008.0,62.0,Delta_Coastal
Typhoon,13.0169,122.0781,5.2,1680,12.3,2015.0,10.0,Delta_Coastal
Cyclone,15.9127,99.6429,6.1,40525,11.1,2014.0,36.0,Delta_Coastal
Landslide,-5.5343,129.5716,5.0,9178,9.8,2026.0,10.0,Delta_Coastal
Earthquake,17.1337,93.9273,5.9,33642,11.5,2018.0,11.0,Delta_Coastal
Drought,17.6801,98.1383,8.4,38734,12.4,2026.0,185.0,Inland_Plain
Storm Surge,9.2911,106.2529,5.1,26938,9.8,2012.0,7.0,Delta_Coastal
Landslide,-1.366,122.8055,6.0,12340,13.2,2015.0,15.0,Delta_Coastal
Flood,5.7485,107.1887,7.9,36513,12.7,2014.0,18.0,Delta_Coastal
Flood,6.5496,112.0271,6.2,20840,11.9,2021.0,22.0,Delta_Coastal
Typhoon,16.9545,102.4772,7.0,32309,9.8,2025.0,26.0,Delta_Coastal
Drought,12.682,107.3605,7.9,35940,13.1,2018.0,45.0,Delta_Coastal
Flood,27.1132,98.5286,6.2,8978,12.8,2025.0,19.0,Mountain_Highland
Tsunami,1.48,120.6359,7.6,10773,15.9,2005.0,44.0,Delta_Coastal
Flood,6.2544,101.652,5.9,23736,10.3,2024.0,5.0,Delta_Coastal
Landslide,24.4167,93.7991,5.4,33475,12.2,2011.0,13.0,Mountain_Highland
Typhoon,10.4249,104.6981,8.7,44582,11.6,2009.0,81.0,Delta_Coastal
Flood,13.3854,124.4156,7.2,41473,12.6,2018.0,32.0,Delta_Coastal
Earthquake,10.089,121.791,5.6,9211,10.8,2015.0,18.0,Delta_Coastal
Flood,12.138,124.2206,6.8,41989,11.1,2025.0,36.0,Delta_Coastal
Flood,26.2867,97.2455,7.1,9234,14.9,2009.0,55.0,Mountain_Highland
Typhoon,14.388,102.1033,7.2,41842,10.9,2025.0,27.0,Delta_Coastal
Landslide,11.9416,94.9961,6.7,16310,11.6,2023.0,15.0,Delta_Coastal
Drought,16.5225,103.3387,7.4,16947,13.4,2012.0,10.0,Delta_Coastal
Flood,6.5347,124.6829,5.0,13075,10.2,2013.0,15.0,Delta_Coastal
Tropical Cyclone,6.7247,101.7267,6.3,5520,11.7,2007.0,17.0,Delta_Coastal
Flash Flood,4.4813,114.6061,6.2,887,10.7,2005.0,26.0,Delta_Coastal
Flood,22.0634,104.1803,7.7,4664,13.6,2005.0,35.0,Mountain_Highland
Flood,7.2089,125.8936,7.8,15709,14.5,2019.0,46.0,Delta_Coastal
Earthquake,26.0769,97.8115,7.2,30994,12.9,2021.0,28.0,Mountain_Highland
Earthquake,19.8255,97.844,6.0,9700,9.4,2013.0,13.0,Mountain_Highland
Storm Surge,10.582,109.1563,7.3,48096,12.1,2023.0,51.0,Delta_Coastal
Flood,1.3999,131.5329,6.4,20720,15.0,2015.0,37.0,Delta_Coastal
Typhoon,21.8764,105.8917,7.4,29931,12.6,2018.0,42.0,Mountain_Highland
Flood,10.9107,99.9685,6.5,1983,11.4,2012.0,30.0,Delta_Coastal
Landslide,3.5474,114.6868,7.4,38290,13.4,2007.0,43.0,Delta_Coastal
Landslide,27.0493,96.1926,7.1,22282,15.5,2018.0,53.0,Inland_Plain
Earthquake,15.4391,98.134,5.2,33753,11.1,2013.0,8.0,Delta_Coastal
Landslide,4.6095,108.7145,6.8,31018,12.4,2007.0,41.0,Delta_Coastal
Landslide,2.4598,104.0152,4.9,31026,12.5,2020.0,8.0,Delta_Coastal
Flood,19.8437,104.5282,6.8,4905,10.3,2023.0,11.0,Mountain_Highland
Landslide,21.37,103.9699,7.4,10345,10.6,2013.0,49.0,Mountain_Highland
Flood,20.299,105.1068,4.5,3823,12.2,2024.0,7.0,Mountain_Highland
Typhoon,9.5234,119.9109,6.6,9365,12.7,2005.0,18.0,Delta_Coastal
Tsunami,-1.9896,122.4411,4.7,18925,11.0,2021.0,12.0,Delta_Coastal
Landslide,22.6914,100.4917,5.4,9778,13.0,2016.0,13.0,Mountain_Highland
Flood,22.7255,93.6809,7.4,50425,13.5,2025.0,23.0,Mountain_Highland
Volcanic Eruption,14.3975,124.2168,5.0,2736,10.2,2015.0,10.0,Delta_Coastal
Drought,10.0821,104.271,5.4,32023,10.3,2021.0,23.0,Delta_Coastal
Landslide,10.7315,99.4041,5.4,16860,9.4,2007.0,8.0,Delta_Coastal
Earthquake,5.2585,106.4553,6.3,16674,10.5,2017.0,23.0,Delta_Coastal
Flash Flood,3.7068,105.4529,7.0,6903,11.2,2024.0,43.0,Delta_Coastal
Cyclone,23.9829,100.6446,5.5,25617,12.4,2009.0,21.0,Mountain_Highland
Landslide,12.9949,95.4419,6.4,3063,12.7,2019.0,17.0,Delta_Coastal
Storm Surge,21.8647,103.1487,5.0,18491,8.1,2011.0,14.0,Mountain_Highland
Landslide,15.9888,101.4592,7.0,43604,11.1,2010.0,52.0,Delta_Coastal
Cyclone,20.5738,94.5404,6.9,12541,11.7,2007.0,30.0,Inland_Plain
Storm Surge,12.3957,102.1339,7.0,16919,13.0,2006.0,35.0,Delta_Coastal
Flood,19.8155,101.4831,6.6,33917,11.7,2016.0,34.0,Mountain_Highland
Volcanic Eruption,-1.9606,107.1288,7.2,24887,14.2,2026.0,26.0,Delta_Coastal
Flood,8.9834,106.1945,7.2,48800,12.9,2008.0,29.0,Delta_Coastal
Landslide,5.5121,121.1304,6.8,38602,14.0,2008.0,11.0,Delta_Coastal
Flood,13.0615,104.5788,5.1,3341,9.5,2021.0,14.0,Delta_Coastal
Landslide,12.0479,102.0559,6.7,43478,11.6,2010.0,24.0,Delta_Coastal
Flood,16.5697,101.7663,6.3,34763,9.5,2018.0,13.0,Delta_Coastal
Earthquake,12.3347,95.6707,6.2,15467,11.7,2010.0,33.0,Delta_Coastal
Landslide,15.9731,100.0698,6.2,15943,10.7,2015.0,9.0,Delta_Coastal
Landslide,18.9662,92.7109,6.0,17137,10.3,2018.0,8.0,Mountain_Highland
Cyclone,23.3499,94.4189,6.7,29442,14.6,2011.0,31.0,Mountain_Highland
Flood,14.0091,95.3044,6.8,22021,12.0,2010.0,20.0,Delta_Coastal
Landslide,4.7305,115.2796,7.6,38934,13.5,2025.0,31.0,Delta_Coastal
Flood,11.9543,108.2697,5.7,2107,10.2,2025.0,9.0,Delta_Coastal
Landslide,12.9835,101.2276,6.2,21536,11.0,2020.0,16.0,Delta_Coastal
Cyclone,19.3415,96.9369,8.8,13073,12.0,2014.0,190.0,Mountain_Highland
Earthquake,27.008,99.3577,6.7,10683,13.8,2009.0,23.0,Mountain_Highland
Earthquake,20.445,94.0154,8.7,35109,15.2,2026.0,108.0,Mountain_Highland
Cyclone,10.7291,99.7417,7.4,21420,13.2,2026.0,21.0,Delta_Coastal
Flood,3.1388,114.5018,5.8,13618,11.5,2013.0,18.0,Delta_Coastal
Earthquake,-8.5595,114.843,7.9,3646,15.7,2012.0,37.0,Delta_Coastal
Landslide,18.099,93.6885,6.5,28896,9.2,2006.0,31.0,Mountain_Highland
Typhoon,7.9881,124.8425,7.1,10750,15.2,2021.0,23.0,Delta_Coastal
Landslide,21.2206,103.4606,7.3,46649,12.1,2023.0,29.0,Mountain_Highland
Landslide,14.2284,108.9968,7.2,38521,11.7,2014.0,28.0,Delta_Coastal
Earthquake,-2.9186,127.1922,6.1,19250,13.2,2018.0,29.0,Delta_Coastal
Earthquake,16.3376,101.0452,4.7,10391,9.1,2023.0,3.0,Delta_Coastal
Cyclone,15.6671,94.5234,7.7,26357,11.6,2012.0,24.0,Delta_Coastal
Volcanic Eruption,11.8026,125.7386,8.4,14446,13.9,2020.0,125.0,Delta_Coastal
Flood,9.499,100.5138,7.5,1575,11.0,2014.0,12.0,Delta_Coastal
Drought,12.8969,100.9514,7.1,19871,12.4,2022.0,29.0,Delta_Coastal
Typhoon,7.7904,123.0966,6.3,43952,13.0,2024.0,15.0,Delta_Coastal
Landslide,15.9478,99.5895,6.0,1401,11.6,2020.0,31.0,Delta_Coastal
Earthquake,26.0438,101.0996,6.0,34819,14.2,2007.0,20.0,Mountain_Highland
Tropical Cyclone,6.5131,99.3509,6.7,3998,9.6,2007.0,35.0,Delta_Coastal
Landslide,16.531,98.0605,7.2,47040,11.6,2005.0,35.0,Delta_Coastal
Landslide,15.1398,117.9919,5.1,31191,10.9,2006.0,8.0,Delta_Coastal
Volcanic Eruption,4.8484,129.4341,7.5,39211,13.8,2009.0,43.0,Delta_Coastal
Landslide,20.5076,96.7274,4.6,15635,8.4,2023.0,4.0,Mountain_Highland
Flood,23.2611,93.0952,8.2,48852,14.1,2012.0,158.0,Mountain_Highland
Landslide,19.0266,102.3696,6.8,44157,12.9,2005.0,39.0,Mountain_Highland
Tsunami,-3.5971,126.1349,4.3,18292,9.7,2016.0,4.0,Delta_Coastal
Flood,14.346,93.2524,5.4,2034,10.5,2015.0,22.0,Delta_Coastal
Cyclone,20.971,98.1166,4.9,1500,8.9,2011.0,12.0,Mountain_Highland
Landslide,16.5658,101.3455,8.9,28595,12.8,2014.0,173.0,Delta_Coastal
Flood,11.1972,97.5696,7.0,16457,11.1,2018.0,36.0,Delta_Coastal
Earthquake,11.6639,100.878,8.3,10763,13.7,2024.0,164.0,Delta_Coastal
Storm Surge,10.0061,107.4465,5.7,31766,10.1,2020.0,11.0,Delta_Coastal
Cyclone,23.7646,98.1075,6.8,38757,13.6,2008.0,47.0,Mountain_Highland
Tsunami,-9.5858,118.1557,6.4,38091,14.5,2020.0,10.0,Delta_Coastal
Flood,23.3209,94.0175,7.5,49626,12.6,2018.0,31.0,Mountain_Highland
Flood,25.3652,101.0225,5.1,33505,10.7,2026.0,11.0,Mountain_Highland
Flood,22.4794,93.2383,5.5,12221,9.4,2014.0,14.0,Mountain_Highland
Flood,24.6976,94.9958,7.5,49137,12.1,2013.0,28.0,Inland_Plain
Tropical Cyclone,18.3482,101.5128,8.0,22974,12.7,2015.0,50.0,Inland_Plain
Cyclone,24.6856,98.3496,7.6,15225,14.7,2020.0,35.0,Mountain_Highland
Cyclone,25.1882,96.6423,4.9,24697,11.1,2022.0,6.0,Mountain_Highland
Flood,14.6385,100.3519,6.5,19344,11.8,2017.0,44.0,Delta_Coastal
Landslide,14.8034,97.5934,7.2,6068,13.3,2012.0,38.0,Delta_Coastal
Flood,9.4236,125.9874,8.5,42641,16.0,2017.0,133.0,Delta_Coastal
Cyclone,10.3275,94.5879,6.6,37279,11.6,2022.0,40.0,Delta_Coastal
Earthquake,15.6489,119.8905,8.1,11007,13.7,2016.0,144.0,Delta_Coastal
Earthquake,13.2439,96.0919,5.4,27353,9.9,2012.0,4.0,Delta_Coastal
Landslide,19.999,100.9195,6.3,8258,10.2,2023.0,8.0,Mountain_Highland
Landslide,18.788,106.9087,6.4,35672,12.2,2005.0,32.0,Inland_Plain
Typhoon,12.2353,117.3971,6.8,47363,12.5,2023.0,17.0,Delta_Coastal
Landslide,10.2801,103.544,7.4,34882,11.9,2006.0,18.0,Delta_Coastal
Earthquake,-6.4747,139.8255,8.5,35717,15.2,2015.0,184.0,Delta_Coastal
Landslide,18.1191,98.1309,5.7,11991,9.1,2022.0,13.0,Inland_Plain
Coastal Surge,1.2721,103.767,8.6,4625,14.6,2012.0,159.0,Delta_Coastal
Earthquake,12.8815,95.4039,7.3,34566,10.4,2011.0,41.0,Delta_Coastal
Landslide,-9.819,136.3889,7.2,23729,14.6,2007.0,36.0,Delta_Coastal
Cyclone,24.0209,93.1054,7.6,26118,14.3,2017.0,43.0,Mountain_Highland
Cyclone,17.0958,98.0466,8.1,2392,12.8,2026.0,157.0,Delta_Coastal
Landslide,12.6289,98.5055,6.1,24166,11.8,2013.0,31.0,Delta_Coastal
Earthquake,-8.7739,97.2987,6.4,18419,11.0,2024.0,33.0,Delta_Coastal
Earthquake,10.3362,123.4012,6.3,34910,11.4,2011.0,16.0,Delta_Coastal
Flash Flood,16.7391,105.3714,5.9,5756,12.9,2018.0,19.0,Delta_Coastal
Earthquake,15.1389,98.8509,6.4,21003,10.6,2019.0,12.0,Delta_Coastal
Landslide,8.0161,118.2522,5.3,20890,13.1,2019.0,11.0,Delta_Coastal
Cyclone,10.9829,97.915,4.5,29092,7.2,2010.0,8.0,Delta_Coastal
Volcanic Eruption,11.5719,119.8112,7.7,47841,12.7,2016.0,53.0,Delta_Coastal
Typhoon,16.5529,106.7315,7.1,43422,11.1,2015.0,45.0,Delta_Coastal
Volcanic Eruption,0.5294,132.1094,5.2,9538,10.6,2006.0,3.0,Delta_Coastal
Flood,25.8536,95.6444,7.4,15804,13.0,2025.0,14.0,Inland_Plain
Flood,16.6691,101.4804,5.1,6187,10.5,2025.0,12.0,Delta_Coastal
Landslide,3.7564,107.0591,5.8,11129,9.1,2019.0,26.0,Delta_Coastal
Flood,20.4789,97.3619,7.8,17858,14.1,2017.0,16.0,Mountain_Highland
Cyclone,27.0295,95.9068,6.8,33592,11.1,2014.0,49.0,Inland_Plain
Flood,16.5834,96.5828,5.5,23565,9.1,2006.0,8.0,Delta_Coastal
Flood,7.392,123.0349,8.6,27274,16.3,2023.0,160.0,Delta_Coastal
Typhoon,17.186,123.9873,5.2,5354,12.5,2007.0,8.0,Delta_Coastal
Cyclone,24.5727,96.4943,4.9,8803,9.5,2022.0,6.0,Inland_Plain
Tropical Cyclone,14.2318,103.3979,7.6,26218,13.4,2017.0,40.0,Delta_Coastal
Earthquake,-4.6444,104.9399,6.6,18424,12.0,2020.0,14.0,Delta_Coastal
Landslide,10.0572,94.2004,8.3,55515,12.6,2023.0,94.0,Delta_Coastal
Flood,12.7594,102.8936,8.4,15133,13.7,2024.0,58.0,Delta_Coastal
Storm Surge,14.8897,105.5161,4.9,24135,8.7,2007.0,16.0,Delta_Coastal
Cyclone,25.3482,94.8509,6.9,25387,13.4,2018.0,35.0,Inland_Plain
Cyclone,17.9588,98.5555,7.2,37396,10.2,2005.0,39.0,Inland_Plain
Flood,10.7495,107.1954,6.3,11964,9.7,2018.0,13.0,Delta_Coastal
Earthquake,-3.8589,99.8264,7.5,24084,13.1,2019.0,17.0,Delta_Coastal
Flood,20.5165,94.4452,5.7,15420,9.4,2005.0,12.0,Mountain_Highland
Flood,24.9346,100.3633,7.0,10955,13.1,2008.0,52.0,Mountain_Highland
Landslide,-6.6553,113.9054,7.3,40995,13.1,2018.0,26.0,Delta_Coastal
Cyclone,11.2818,94.1019,5.9,6626,9.4,2025.0,17.0,Delta_Coastal
Cyclone,27.1776,98.153,6.7,10831,11.2,2016.0,38.0,Mountain_Highland
Flood,18.7933,98.6635,6.0,1784,11.4,2012.0,21.0,Inland_Plain
Volcanic Eruption,2.4294,113.3536,7.1,19658,12.1,2023.0,44.0,Delta_Coastal
Flood,24.6471,94.7454,6.6,32494,14.2,2025.0,43.0,Inland_Plain
Flash Flood,11.8783,105.9236,7.9,25406,11.7,2026.0,59.0,Delta_Coastal
Cyclone,12.2864,101.3042,7.0,3162,11.2,2026.0,21.0,Delta_Coastal
Tropical Cyclone,8.8205,101.5069,7.5,14194,13.1,2021.0,52.0,Delta_Coastal
Tsunami,2.6187,140.2625,6.6,12840,11.9,2023.0,15.0,Delta_Coastal
Flood,18.0896,102.9312,7.2,14423,11.1,2014.0,28.0,Inland_Plain
Earthquake,26.89,93.5203,6.6,11824,13.2,2020.0,33.0,Mountain_Highland
Flood,2.1155,107.5275,6.4,34822,10.5,2022.0,31.0,Delta_Coastal
Flood,10.5911,99.2492,7.7,39675,12.4,2007.0,15.0,Delta_Coastal
Earthquake,11.8716,122.1663,5.3,32711,12.2,2009.0,20.0,Delta_Coastal
Earthquake,-2.7361,121.8384,5.7,37104,12.5,2005.0,8.0,Delta_Coastal
Earthquake,12.9527,101.2875,7.2,8150,11.1,2007.0,16.0,Delta_Coastal
Volcanic Eruption,12.8932,117.2604,5.6,17905,10.2,2007.0,26.0,Delta_Coastal
Landslide,1.5639,101.5711,7.4,24884,10.3,2019.0,40.0,Delta_Coastal
Landslide,9.1316,108.3005,7.0,24435,12.7,2025.0,41.0,Delta_Coastal
Tropical Cyclone,6.4256,102.3697,7.9,8740,11.8,2025.0,15.0,Delta_Coastal
Volcanic Eruption,-7.782,134.7225,8.7,44578,15.2,2007.0,129.0,Delta_Coastal
Landslide,17.3641,121.5417,5.7,17430,10.4,2026.0,27.0,Delta_Coastal
Landslide,14.7836,98.6418,7.0,40215,10.2,2024.0,26.0,Delta_Coastal
Flood,21.7188,94.835,7.7,10869,13.0,2011.0,30.0,Inland_Plain
Flood,19.8435,92.8122,6.1,28711,11.7,2008.0,35.0,Mountain_Highland
Earthquake,14.0138,98.8109,7.1,37683,13.2,2015.0,11.0,Delta_Coastal
Landslide,10.216,96.2243,7.5,25362,11.0,2014.0,24.0,Delta_Coastal
Flood,12.0028,92.8465,7.2,42992,11.3,2013.0,56.0,Delta_Coastal
Volcanic Eruption,-6.451,98.6159,6.5,10904,14.4,2007.0,23.0,Delta_Coastal
Tsunami,-9.5509,136.742,7.1,18410,14.3,2016.0,42.0,Delta_Coastal
Landslide,16.2124,100.0478,6.1,7471,12.5,2013.0,28.0,Delta_Coastal
Cyclone,13.1581,96.5214,7.7,45824,11.4,2015.0,24.0,Delta_Coastal
Landslide,26.6977,99.8618,6.6,32369,12.4,2025.0,11.0,Mountain_Highland
Flash Flood,1.3416,103.6239,5.5,1725,9.0,2015.0,21.0,Delta_Coastal
Typhoon,17.3265,119.1311,6.6,15127,15.1,2009.0,42.0,Delta_Coastal
Volcanic Eruption,3.7513,102.8935,8.4,15889,15.1,2006.0,78.0,Delta_Coastal
Landslide,17.419,96.2718,7.4,36889,10.4,2023.0,45.0,Delta_Coastal
Landslide,3.9653,119.5512,7.6,40875,15.1,2021.0,28.0,Delta_Coastal
Earthquake,20.3902,97.0658,6.7,44356,11.6,2026.0,12.0,Mountain_Highland
Earthquake,26.4014,100.6905,7.4,34090,15.2,2005.0,27.0,Mountain_Highland
Landslide,14.2169,94.5281,7.9,16526,13.5,2022.0,42.0,Delta_Coastal
Drought,13.4354,105.5983,5.6,23745,10.1,2015.0,17.0,Delta_Coastal
Flood,10.7296,105.7032,8.3,39567,12.5,2025.0,89.0,Delta_Coastal
Storm Surge,22.702,108.6149,6.4,22424,12.2,2013.0,9.0,Mountain_Highland
Storm Surge,14.0833,103.151,6.5,10816,10.0,2017.0,29.0,Delta_Coastal
Flood,14.3924,104.2248,6.9,4977,12.0,2013.0,42.0,Delta_Coastal
Cyclone,19.8929,101.268,7.5,17053,11.8,2024.0,44.0,Mountain_Highland
Landslide,21.9902,99.823,6.4,25825,11.2,2020.0,17.0,Mountain_Highland
Landslide,19.2367,103.8671,7.6,3324,14.5,2014.0,63.0,Mountain_Highland
Flood,12.1253,106.1556,7.4,41358,13.2,2017.0,20.0,Delta_Coastal
Drought,12.5706,103.0752,6.8,23616,10.2,2012.0,16.0,Delta_Coastal
Cyclone,13.5349,95.0032,6.1,32229,11.5,2008.0,20.0,Delta_Coastal
Flood,14.281,101.2037,8.4,6056,14.9,2023.0,122.0,Delta_Coastal
Typhoon,20.2377,108.7068,6.7,44153,8.9,2005.0,21.0,Mountain_Highland
Typhoon,13.6825,121.4114,5.9,11049,11.5,2008.0,23.0,Delta_Coastal
Landslide,18.5198,97.0098,6.3,31694,11.6,2006.0,20.0,Inland_Plain
Flood,25.7643,93.8682,6.5,36202,13.8,2012.0,44.0,Mountain_Highland
Flood,5.0379,124.703,7.2,14768,11.7,2017.0,47.0,Delta_Coastal
Flood,21.6713,95.6831,6.9,38132,11.9,2010.0,51.0,Inland_Plain
Cyclone,18.7072,95.2546,7.0,25729,9.3,2020.0,10.0,Inland_Plain
Flood,18.2231,97.8766,6.9,21225,11.3,2024.0,47.0,Inland_Plain
Cyclone,13.2745,95.722,5.5,14520,10.3,2018.0,20.0,Delta_Coastal
Flash Flood,15.2374,102.4094,7.0,6672,14.1,2010.0,40.0,Delta_Coastal
Cyclone,23.4694,94.0233,6.3,37774,13.6,2026.0,19.0,Mountain_Highland
Landslide,-6.1589,102.0321,7.2,42508,13.3,2026.0,18.0,Delta_Coastal
Earthquake,-8.344,130.5955,7.2,13658,12.5,2017.0,28.0,Delta_Coastal
Tsunami,-8.4478,109.6478,6.2,6733,13.7,2022.0,7.0,Delta_Coastal
Earthquake,24.3739,92.6897,8.6,5643,17.1,2026.0,120.0,Mountain_Highland
Storm Surge,17.3762,107.33,7.2,15364,11.4,2017.0,21.0,Delta_Coastal
Flash Flood,4.2705,114.396,4.7,641,8.7,2019.0,6.0,Delta_Coastal
Earthquake,12.4649,121.6753,6.7,46165,13.0,2024.0,33.0,Delta_Coastal
Flood,17.2641,122.7596,5.7,4131,11.5,2012.0,19.0,Delta_Coastal
Cyclone,10.2038,100.9093,6.7,42551,10.0,2012.0,21.0,Delta_Coastal
Tropical Cyclone,9.4341,100.1112,6.5,23905,10.8,2011.0,11.0,Delta_Coastal
Tsunami,0.1425,124.9356,6.1,29930,13.8,2010.0,16.0,Delta_Coastal
Volcanic Eruption,-6.6275,129.5313,6.0,13354,12.6,2015.0,12.0,Delta_Coastal
Storm Surge,9.2759,106.1807,7.5,23856,12.1,2013.0,44.0,Delta_Coastal
Flash Flood,6.8531,109.3518,5.8,36463,9.8,2005.0,17.0,Delta_Coastal
Coastal Surge,1.2356,103.9825,6.3,6259,10.5,2022.0,9.0,Delta_Coastal
Drought,15.5376,98.9433,8.3,4689,12.6,2022.0,111.0,Delta_Coastal
Typhoon,12.981,118.3084,6.6,7319,13.4,2011.0,32.0,Delta_Coastal
Landslide,19.3357,98.7966,5.3,30498,9.6,2009.0,10.0,Mountain_Highland
Drought,10.7886,103.0216,6.3,13115,10.0,2025.0,35.0,Delta_Coastal
Tropical Cyclone,8.0544,100.0083,7.0,44557,12.3,2013.0,22.0,Delta_Coastal
Earthquake,11.156,92.7824,7.8,27340,13.2,2015.0,37.0,Delta_Coastal
Earthquake,20.3697,99.0339,5.6,24829,8.5,2008.0,15.0,Mountain_Highland
Flood,25.9644,97.5894,7.1,15387,13.6,2014.0,23.0,Mountain_Highland
Cyclone,16.8933,99.6541,6.2,30950,10.6,2006.0,7.0,Delta_Coastal
Typhoon,8.674,120.3683,5.8,7867,11.1,2012.0,11.0,Delta_Coastal
Volcanic Eruption,14.5235,118.9486,7.2,10913,14.2,2007.0,44.0,Delta_Coastal
Flood,20.3731,100.3159,5.3,24867,7.9,2019.0,5.0,Mountain_Highland
Drought,10.8701,100.3031,5.8,22673,10.6,2024.0,26.0,Delta_Coastal
Earthquake,10.3548,124.7511,6.4,32003,13.5,2012.0,11.0,Delta_Coastal
Cyclone,19.0958,95.8753,5.7,24740,10.0,2013.0,26.0,Inland_Plain
Tsunami,-0.071,123.8689,7.1,47344,13.1,2020.0,23.0,Delta_Coastal
Storm Surge,16.6038,108.9876,5.9,29033,9.0,2015.0,29.0,Delta_Coastal
Cyclone,21.2698,95.8931,7.3,37976,12.8,2012.0,20.0,Inland_Plain
Volcanic Eruption,5.369,103.4836,7.0,19481,14.4,2019.0,52.0,Delta_Coastal
Landslide,20.4928,106.1822,5.7,37125,11.6,2010.0,18.0,Mountain_Highland
Flood,-1.0355,107.0391,6.5,23669,13.8,2016.0,34.0,Delta_Coastal
Landslide,10.5658,104.4338,6.9,13107,12.3,2019.0,42.0,Delta_Coastal
Landslide,16.6995,109.2821,4.6,8350,8.3,2008.0,4.0,Delta_Coastal
Earthquake,12.9289,99.1608,8.5,46063,13.5,2008.0,85.0,Delta_Coastal
Earthquake,17.7027,100.5154,6.2,36837,11.1,2011.0,34.0,Inland_Plain
Earthquake,13.5528,97.9236,7.1,36989,13.0,2023.0,38.0,Delta_Coastal
Volcanic Eruption,15.231,122.1816,5.9,19694,13.1,2010.0,13.0,Delta_Coastal
Flood,6.4797,104.2989,8.6,16813,13.3,2014.0,148.0,Delta_Coastal
Landslide,12.3533,100.5394,7.1,30801,11.9,2017.0,13.0,Delta_Coastal
Tsunami,-0.1301,108.362,5.1,4609,10.4,2005.0,4.0,Delta_Coastal
Tsunami,-1.2184,131.338,6.9,12914,14.7,2007.0,23.0,Delta_Coastal
Typhoon,14.3151,107.4652,7.9,11793,12.6,2007.0,26.0,Delta_Coastal
Landslide,16.5746,98.6353,7.4,3130,13.3,2020.0,55.0,Delta_Coastal
Flood,11.8653,92.5827,7.8,33858,13.2,2019.0,19.0,Delta_Coastal
Flood,25.8976,94.2861,5.7,26979,12.3,2005.0,20.0,Mountain_Highland
Flood,19.765,103.1723,5.9,36641,10.8,2008.0,17.0,Mountain_Highland
Landslide,14.2393,100.5738,7.6,49213,12.2,2006.0,25.0,Delta_Coastal
Flood,-0.6044,129.7101,7.0,42931,10.9,2007.0,21.0,Delta_Coastal
Coastal Surge,1.2292,103.8154,5.1,872,10.2,2014.0,16.0,Delta_Coastal
Tsunami,-9.8006,113.4683,4.8,12904,12.6,2018.0,5.0,Delta_Coastal
Storm Surge,14.865,105.2581,7.0,47881,12.3,2017.0,33.0,Delta_Coastal
Flood,15.6421,98.7177,5.4,16827,11.3,2009.0,24.0,Delta_Coastal
Flood,-6.4799,122.1632,6.9,32283,13.6,2012.0,39.0,Delta_Coastal
Flood,17.8011,96.0202,7.5,50697,11.5,2007.0,16.0,Inland_Plain
Flood,-9.6841,99.8292,6.8,33634,12.1,2026.0,20.0,Delta_Coastal
Flood,9.7909,102.9205,8.5,14817,14.1,2009.0,106.0,Delta_Coastal
Earthquake,17.7526,100.9039,8.1,30687,10.8,2024.0,147.0,Inland_Plain
Landslide,19.4002,101.0228,6.1,28711,10.6,2010.0,13.0,Mountain_Highland
Tsunami,-2.2605,117.3425,6.0,4741,10.3,2012.0,32.0,Delta_Coastal
Flood,26.2,94.7045,8.1,16285,13.3,2018.0,76.0,Inland_Plain
Cyclone,24.2306,100.3673,7.8,38386,14.4,2006.0,11.0,Mountain_Highland
Flood,6.9215,120.4372,6.3,32521,11.6,2014.0,27.0,Delta_Coastal
Landslide,19.6852,95.8204,5.6,14831,11.3,2021.0,24.0,Inland_Plain
Flood,17.9145,125.3287,7.0,3603,13.3,2006.0,14.0,Inland_Plain
Earthquake,25.8606,98.4211,5.2,28551,12.8,2026.0,9.0,Mountain_Highland
Earthquake,-2.163,122.3949,6.9,7780,14.2,2026.0,12.0,Delta_Coastal
Earthquake,26.7895,97.6712,7.1,11727,11.6,2009.0,16.0,Mountain_Highland
Landslide,18.1521,97.1562,5.4,13959,10.4,2008.0,15.0,Inland_Plain
Flood,1.1141,113.5735,6.3,35440,13.4,2009.0,31.0,Delta_Coastal
Earthquake,15.1548,120.7327,5.6,33791,12.9,2009.0,16.0,Delta_Coastal
Flood,17.444,101.9545,5.6,2563,13.1,2018.0,26.0,Delta_Coastal
Landslide,22.086,92.804,7.9,4999,13.2,2011.0,13.0,Mountain_Highland
Earthquake,1.6359,123.5726,7.4,36723,12.7,2006.0,59.0,Delta_Coastal
Landslide,-8.966,138.9104,7.2,20842,14.7,2023.0,29.0,Delta_Coastal
Storm Surge,17.313,109.2582,7.0,37675,11.3,2016.0,29.0,Delta_Coastal
Flood,-4.1432,103.9792,5.0,19548,11.3,2008.0,10.0,Delta_Coastal
Landslide,14.1629,97.7998,6.6,36800,10.5,2013.0,31.0,Delta_Coastal
Tropical Cyclone,8.4562,102.6477,6.6,10525,12.1,2020.0,24.0,Delta_Coastal
Volcanic Eruption,16.419,124.5739,5.1,24610,11.7,2010.0,15.0,Delta_Coastal
Tsunami,3.9818,130.8992,7.4,4663,15.8,2016.0,58.0,Delta_Coastal
Drought,15.5829,99.7296,8.6,4090,11.8,2010.0,118.0,Delta_Coastal
Flood,13.5249,107.569,7.8,2988,11.7,2019.0,54.0,Delta_Coastal
Flood,11.3848,104.96,6.2,34863,11.5,2016.0,25.0,Delta_Coastal
Earthquake,4.8946,106.388,7.2,49727,14.7,2010.0,13.0,Delta_Coastal
Flood,16.7193,101.4996,7.3,30007,11.5,2022.0,19.0,Delta_Coastal
Landslide,20.8666,99.6991,8.4,8904,11.7,2010.0,61.0,Mountain_Highland
Earthquake,18.5606,95.4294,7.8,39726,12.5,2023.0,31.0,Inland_Plain
Tsunami,-5.4568,134.8279,7.2,20832,13.1,2008.0,38.0,Delta_Coastal
Landslide,4.4728,115.072,8.0,5824,11.3,2013.0,52.0,Delta_Coastal
Landslide,4.5545,102.6496,7.7,48114,10.8,2017.0,47.0,Delta_Coastal
Landslide,11.569,97.1999,5.5,27497,9.3,2023.0,6.0,Delta_Coastal
Volcanic Eruption,14.2315,121.4988,8.1,27365,14.9,2024.0,90.0,Delta_Coastal
Flood,21.9581,94.2956,5.4,15201,10.1,2022.0,8.0,Mountain_Highland
Volcanic Eruption,7.6654,125.3766,7.0,9716,12.0,2009.0,46.0,Delta_Coastal
Flood,11.8352,105.7757,5.5,13244,11.7,2012.0,5.0,Delta_Coastal
Earthquake,0.0077,109.9321,8.6,49537,16.8,2011.0,158.0,Delta_Coastal
Landslide,19.0595,107.2655,7.0,960,12.2,2025.0,27.0,Mountain_Highland
Landslide,0.8608,116.5211,5.7,33445,11.6,2010.0,17.0,Delta_Coastal
Drought,17.8518,103.1722,6.4,11541,10.0,2007.0,40.0,Inland_Plain
Landslide,22.1587,101.3373,7.0,31781,12.5,2015.0,16.0,Mountain_Highland
Flood,9.5809,120.2815,8.5,29430,15.3,2017.0,126.0,Delta_Coastal
Flood,9.8067,119.7514,7.4,25248,12.1,2016.0,20.0,Delta_Coastal
Landslide,5.175,114.3868,6.4,9335,11.2,2018.0,21.0,Delta_Coastal
Landslide,11.1741,117.6187,6.2,23502,11.4,2016.0,12.0,Delta_Coastal
Flood,13.3248,119.9445,5.7,16230,11.0,2007.0,16.0,Delta_Coastal
Storm Surge,16.3243,108.0055,8.3,30276,13.9,2022.0,176.0,Delta_Coastal
Earthquake,17.1031,93.7411,4.8,21972,10.5,2017.0,6.0,Delta_Coastal
Landslide,19.8817,98.0069,8.9,48143,14.2,2016.0,136.0,Mountain_Highland
Earthquake,4.683,131.4929,5.1,7007,12.1,2017.0,17.0,Delta_Coastal
Flood,9.1737,102.1596,6.0,10176,10.6,2014.0,23.0,Delta_Coastal
Flood,14.0806,93.8026,5.5,6091,10.0,2013.0,26.0,Delta_Coastal
Earthquake,-9.5104,131.3342,7.8,23022,14.9,2011.0,19.0,Delta_Coastal
Landslide,21.583,96.5738,6.0,7810,10.0,2015.0,7.0,Mountain_Highland
Flood,15.5409,126.2855,5.4,17665,12.1,2022.0,20.0,Delta_Coastal
Flash Flood,3.1915,111.1904,8.1,54017,12.4,2007.0,114.0,Delta_Coastal
Typhoon,13.8995,106.6845,5.0,30434,9.9,2012.0,11.0,Delta_Coastal
Storm Surge,9.4498,107.3168,6.0,28125,10.1,2026.0,34.0,Delta_Coastal
Volcanic Eruption,12.7601,119.8312,8.4,48185,14.0,2017.0,121.0,Delta_Coastal
Flash Flood,10.8574,104.6219,6.8,31796,12.7,2025.0,16.0,Delta_Coastal
Flood,12.6034,103.7351,7.0,6559,11.8,2005.0,33.0,Delta_Coastal
Earthquake,14.3961,100.9081,6.4,34336,11.2,2025.0,16.0,Delta_Coastal
Flood,12.5568,92.9297,6.2,35380,10.6,2023.0,28.0,Delta_Coastal
Flood,24.2923,100.4617,8.3,46795,14.9,2016.0,87.0,Mountain_Highland
Earthquake,21.9119,100.4479,4.2,24352,8.1,2018.0,3.0,Mountain_Highland
Flood,12.1063,96.902,7.0,30473,10.4,2020.0,20.0,Delta_Coastal
Flood,17.6342,93.479,7.0,45922,12.7,2021.0,46.0,Mountain_Highland
Volcanic Eruption,2.6498,117.6244,5.4,7218,9.8,2011.0,11.0,Delta_Coastal
Landslide,16.9299,96.6453,7.1,20068,10.0,2011.0,29.0,Delta_Coastal
Tropical Cyclone,9.5667,100.9476,4.3,3807,9.2,2021.0,4.0,Delta_Coastal
Landslide,21.2318,96.0639,5.5,7549,9.7,2013.0,9.0,Inland_Plain
Typhoon,22.2728,104.59,6.6,41523,11.3,2013.0,15.0,Mountain_Highland
Typhoon,6.7891,117.6569,7.9,11917,13.0,2005.0,38.0,Delta_Coastal
Drought,12.0923,102.8692,6.4,16313,11.0,2010.0,19.0,Delta_Coastal
Earthquake,6.7091,120.1551,5.9,20432,11.7,2010.0,17.0,Delta_Coastal
Earthquake,8.6663,122.8102,6.6,42464,13.1,2022.0,33.0,Delta_Coastal
Landslide,19.7498,106.3787,6.3,819,12.3,2005.0,8.0,Mountain_Highland
Earthquake,10.4324,97.1518,7.5,52057,11.7,2011.0,27.0,Delta_Coastal
Landslide,24.4069,96.2732,5.6,39184,12.4,2008.0,23.0,Inland_Plain
Cyclone,16.2866,100.3346,5.7,15302,9.5,2006.0,9.0,Delta_Coastal
Tsunami,-5.4,109.217,6.6,6252,15.7,2005.0,27.0,Delta_Coastal
Earthquake,6.1148,122.8322,6.8,25223,12.0,2006.0,18.0,Delta_Coastal
Cyclone,16.5073,100.6342,5.6,30210,10.4,2007.0,21.0,Delta_Coastal
Cyclone,15.2612,96.0577,5.3,10761,9.9,2021.0,22.0,Delta_Coastal
Volcanic Eruption,15.2701,121.3803,5.6,20047,11.6,2014.0,19.0,Delta_Coastal
Earthquake,19.4736,95.5558,6.9,34273,12.1,2010.0,30.0,Inland_Plain
Flash Flood,11.189,106.7427,5.2,12543,9.3,2021.0,17.0,Delta_Coastal
Landslide,15.3903,97.5696,7.5,2056,12.9,2009.0,61.0,Delta_Coastal
Volcanic Eruption,10.0451,123.4391,7.1,5077,11.7,2023.0,46.0,Delta_Coastal
Drought,12.5599,97.7934,5.0,7668,10.0,2016.0,8.0,Delta_Coastal
Flash Flood,20.1572,103.9204,6.9,5292,12.7,2021.0,14.0,Mountain_Highland
Tropical Cyclone,9.2789,100.4769,6.9,47204,11.2,2025.0,10.0,Delta_Coastal
Coastal Surge,1.284,103.9633,5.4,1501,8.8,2018.0,5.0,Delta_Coastal
Earthquake,1.5809,118.5455,6.7,12274,11.3,2023.0,40.0,Delta_Coastal
Typhoon,11.1485,104.921,4.3,24466,8.6,2015.0,1.0,Delta_Coastal
Flash Flood,11.5056,107.4781,5.7,13672,11.4,2013.0,5.0,Delta_Coastal
Flood,24.0279,96.4499,7.0,7901,12.7,2020.0,19.0,Inland_Plain
Coastal Surge,1.3853,103.9621,6.9,1363,11.7,2016.0,15.0,Delta_Coastal
Flood,22.5701,101.1432,7.1,17755,13.1,2011.0,52.0,Mountain_Highland
Typhoon,10.6565,105.6817,7.1,7920,9.8,2025.0,27.0,Delta_Coastal
Cyclone,25.7019,101.1402,8.0,13952,14.7,2005.0,44.0,Mountain_Highland
Landslide,10.1719,96.2467,5.5,5933,9.7,2008.0,16.0,Delta_Coastal
Earthquake,11.2613,100.2559,4.8,2138,8.4,2017.0,10.0,Delta_Coastal
Tsunami,-2.5433,103.0405,6.2,18133,11.6,2006.0,6.0,Delta_Coastal
Flash Flood,6.369,107.8114,7.3,12681,10.4,2008.0,51.0,Delta_Coastal
Tsunami,4.8315,114.2903,6.9,20795,14.8,2018.0,26.0,Delta_Coastal
Earthquake,24.2826,97.338,4.3,3818,10.0,2007.0,2.0,Mountain_Highland
Flood,12.986,104.2977,8.5,55688,13.2,2019.0,65.0,Delta_Coastal
Flood,21.2298,97.8743,4.6,21027,8.1,2022.0,3.0,Mountain_Highland
Cyclone,19.7988,96.021,6.3,41690,11.9,2005.0,27.0,Inland_Plain
Earthquake,11.0764,117.2919,4.7,25662,9.4,2019.0,11.0,Delta_Coastal
Landslide,18.4238,100.2819,8.1,19098,12.6,2019.0,138.0,Inland_Plain
Cyclone,15.1269,96.0856,7.7,5567,12.5,2018.0,54.0,Delta_Coastal
Volcanic Eruption,0.5939,113.0531,6.9,18523,11.8,2005.0,48.0,Delta_Coastal
Cyclone,19.7081,96.9817,5.4,3606,9.7,2010.0,5.0,Mountain_Highland
Landslide,-10.1152,138.2652,6.5,14575,14.3,2014.0,33.0,Delta_Coastal
Earthquake,5.1965,126.1962,7.3,9492,13.4,2025.0,13.0,Delta_Coastal
Storm Surge,8.6614,107.513,7.2,48409,11.7,2006.0,36.0,Delta_Coastal
Typhoon,11.9133,125.001,8.1,49235,15.6,2016.0,114.0,Delta_Coastal
Volcanic Eruption,14.0694,119.9916,8.5,16139,15.5,2008.0,129.0,Delta_Coastal
Landslide,19.1156,99.9793,6.1,9983,10.3,2020.0,14.0,Mountain_Highland
Earthquake,14.0059,99.2524,8.5,4251,13.5,2017.0,94.0,Delta_Coastal
Earthquake,19.8311,95.4451,6.1,12480,10.4,2011.0,33.0,Inland_Plain
Cyclone,11.5052,95.778,6.4,8678,10.0,2008.0,14.0,Delta_Coastal
Landslide,15.5371,101.6706,7.2,6078,12.7,2026.0,49.0,Delta_Coastal
Flood,26.8364,93.5558,9.1,58942,16.3,2012.0,176.0,Mountain_Highland
Flood,7.4177,99.8214,6.4,4852,11.8,2010.0,23.0,Delta_Coastal
Flood,16.1346,102.0204,9.0,7592,13.4,2015.0,96.0,Delta_Coastal
Landslide,26.9873,97.8075,6.8,35861,14.1,2020.0,32.0,Mountain_Highland
Flood,10.4895,96.6137,6.9,2376,12.0,2019.0,10.0,Delta_Coastal
Drought,19.0001,103.3409,4.6,27626,7.4,2006.0,4.0,Mountain_Highland
Drought,11.8346,103.1906,7.4,13209,13.0,2010.0,18.0,Delta_Coastal
Flood,22.3918,97.9845,7.7,26678,12.6,2008.0,32.0,Mountain_Highland
Earthquake,7.502,119.6674,5.4,20952,11.2,2024.0,7.0,Delta_Coastal
Earthquake,20.6763,94.2304,5.9,24263,9.3,2011.0,25.0,Mountain_Highland
Flood,10.9128,106.3282,7.1,4453,13.0,2023.0,39.0,Delta_Coastal
Earthquake,18.5846,97.6541,6.3,27507,11.3,2010.0,21.0,Inland_Plain
Flood,11.9242,103.9717,6.1,5533,8.6,2013.0,15.0,Delta_Coastal
Drought,10.8178,105.1975,6.7,40411,11.1,2005.0,35.0,Delta_Coastal
Typhoon,9.8142,106.6356,5.7,16738,10.4,2010.0,25.0,Delta_Coastal
Landslide,26.03,92.5316,7.7,29692,14.4,2007.0,29.0,Mountain_Highland
Flood,12.0885,125.4403,8.5,40558,16.6,2020.0,118.0,Delta_Coastal
Typhoon,11.8594,106.5059,5.9,20285,8.5,2010.0,19.0,Delta_Coastal
Flood,14.9466,106.1069,6.7,451,12.0,2017.0,46.0,Delta_Coastal
Volcanic Eruption,-0.7858,135.0833,5.5,5703,13.7,2017.0,12.0,Delta_Coastal
Landslide,22.0199,98.92,7.3,25976,13.1,2020.0,54.0,Mountain_Highland
Flood,16.8556,123.8221,6.1,39382,11.1,2023.0,21.0,Delta_Coastal
Drought,10.3032,102.6705,6.1,10915,11.0,2015.0,32.0,Delta_Coastal
Typhoon,12.5196,117.194,6.8,41141,15.1,2020.0,22.0,Delta_Coastal
Flood,20.0223,93.8487,6.2,37145,10.0,2021.0,21.0,Mountain_Highland
Volcanic Eruption,11.1573,118.6879,7.4,27683,13.2,2024.0,21.0,Delta_Coastal
Flood,4.1413,127.2409,6.8,45490,14.3,2026.0,13.0,Delta_Coastal
Flood,12.8053,103.3716,5.6,39049,9.1,2020.0,20.0,Delta_Coastal
Earthquake,16.2193,96.8326,7.0,18457,10.0,2018.0,32.0,Delta_Coastal
Earthquake,14.1589,100.9203,6.5,5249,11.4,2005.0,42.0,Delta_Coastal
Flood,2.7142,100.6054,6.8,24900,10.4,2011.0,25.0,Delta_Coastal
Cyclone,24.836,93.3186,7.1,38102,12.1,2011.0,22.0,Mountain_Highland
Cyclone,23.6716,98.3658,7.4,25463,11.9,2026.0,16.0,Mountain_Highland
Tropical Cyclone,19.3801,103.6752,7.4,26557,12.7,2010.0,55.0,Mountain_Highland
Flood,23.9655,97.7357,5.6,22513,13.6,2010.0,26.0,Mountain_Highland
Volcanic Eruption,-1.3929,128.5431,6.6,24256,11.5,2011.0,34.0,Delta_Coastal
Landslide,12.239,94.8279,7.7,20015,12.1,2012.0,52.0,Delta_Coastal
Tsunami,2.2206,118.2637,5.7,29628,13.0,2019.0,19.0,Delta_Coastal
Tropical Cyclone,10.3344,100.8845,6.6,26954,12.5,2017.0,8.0,Delta_Coastal
Tsunami,-0.2331,106.7708,8.0,26452,14.5,2006.0,58.0,Delta_Coastal
Earthquake,24.1272,95.8832,6.4,1843,10.4,2014.0,23.0,Inland_Plain
Typhoon,14.7346,125.2898,7.1,41675,13.9,2018.0,52.0,Delta_Coastal
Flood,10.6303,120.5825,8.7,45927,16.2,2022.0,102.0,Delta_Coastal
Flood,20.8511,102.5634,6.5,25168,11.0,2007.0,38.0,Mountain_Highland
Flood,13.4381,99.3716,8.3,38689,12.8,2021.0,87.0,Delta_Coastal
Flood,15.7538,117.1084,6.5,16805,13.5,2011.0,26.0,Delta_Coastal
Earthquake,23.779,98.7961,6.9,4611,12.0,2016.0,33.0,Mountain_Highland
Volcanic Eruption,8.3282,121.0542,6.3,25256,10.2,2007.0,28.0,Delta_Coastal
Tropical Cyclone,19.1628,103.5549,7.4,13721,11.0,2005.0,36.0,Mountain_Highland
Typhoon,17.2942,102.6985,7.4,48490,11.1,2019.0,43.0,Delta_Coastal
Cyclone,16.5007,101.4192,6.1,40070,11.0,2014.0,34.0,Delta_Coastal
Flood,27.2811,93.6252,7.0,20493,13.6,2019.0,51.0,Mountain_Highland
Cyclone,11.6183,94.2896,6.0,41415,8.6,2018.0,35.0,Delta_Coastal
Tsunami,-2.7657,125.6899,7.7,37791,14.6,2026.0,22.0,Delta_Coastal
Flood,15.7011,98.4629,8.1,27520,13.2,2005.0,119.0,Delta_Coastal
Earthquake,22.1518,93.6278,8.0,24438,14.0,2016.0,63.0,Mountain_Highland
Flood,15.6653,101.3773,8.3,36093,14.0,2015.0,126.0,Delta_Coastal
Landslide,13.5703,120.9314,6.6,25015,12.2,2007.0,35.0,Delta_Coastal
Volcanic Eruption,-0.0484,112.2827,6.9,14015,12.4,2016.0,19.0,Delta_Coastal
Flood,10.9357,97.2589,5.8,37552,11.1,2022.0,6.0,Delta_Coastal
Drought,10.755,105.5078,5.9,13793,8.8,2007.0,30.0,Delta_Coastal
Landslide,18.01,100.634,6.3,1339,11.1,2018.0,31.0,Inland_Plain
Drought,6.168,101.8692,6.6,16011,10.8,2015.0,38.0,Delta_Coastal
Flash Flood,6.8768,106.6559,5.7,4529,11.5,2011.0,17.0,Delta_Coastal
Landslide,18.9783,94.0705,5.5,25558,9.5,2026.0,11.0,Mountain_Highland
Flood,11.0731,123.915,4.0,18557,8.9,2008.0,0.0,Delta_Coastal
Tropical Cyclone,12.6014,104.1202,4.9,28494,10.0,2025.0,8.0,Delta_Coastal
Landslide,13.6055,98.7045,8.2,2148,13.5,2010.0,123.0,Delta_Coastal
Flood,17.1305,94.4076,7.1,12971,11.8,2024.0,47.0,Delta_Coastal
Earthquake,12.3924,95.8115,7.3,12812,12.4,2026.0,57.0,Delta_Coastal
Flash Flood,5.4998,115.7394,6.5,8594,10.2,2019.0,25.0,Delta_Coastal
Earthquake,-1.0968,121.1643,5.2,23889,12.3,2012.0,10.0,Delta_Coastal
Flood,-8.1995,105.185,6.3,5663,12.8,2022.0,30.0,Delta_Coastal
Storm Surge,15.6893,103.2429,6.1,25333,9.4,2023.0,24.0,Delta_Coastal
Volcanic Eruption,9.3892,125.1625,8.9,37915,17.3,2023.0,113.0,Delta_Coastal
Flood,-1.7547,107.3035,4.2,3002,9.1,2021.0,3.0,Delta_Coastal
Flood,-4.7892,114.3109,7.4,41835,14.1,2008.0,35.0,Delta_Coastal
Flood,14.5473,105.2258,6.2,4936,10.0,2009.0,15.0,Delta_Coastal
Flood,8.375,101.8651,7.2,11185,9.9,2010.0,46.0,Delta_Coastal
Landslide,-2.6497,103.4511,4.9,31017,10.9,2017.0,11.0,Delta_Coastal
Flood,23.3116,97.1348,5.2,17515,9.8,2014.0,20.0,Mountain_Highland
Cyclone,24.2681,100.1626,8.6,46694,14.5,2019.0,144.0,Mountain_Highland
Typhoon,10.1625,124.25,7.6,33309,15.1,2022.0,25.0,Delta_Coastal
Typhoon,5.4104,122.1422,6.7,21347,14.9,2023.0,47.0,Delta_Coastal
Earthquake,12.478,122.5703,6.1,10734,11.0,2018.0,25.0,Delta_Coastal
Storm Surge,12.6385,108.1899,8.0,48668,13.6,2007.0,25.0,Delta_Coastal
Flood,11.4547,104.7236,6.7,13303,11.9,2019.0,8.0,Delta_Coastal
Flood,17.3392,102.7057,8.3,23479,11.9,2017.0,160.0,Delta_Coastal
Landslide,6.8344,125.5809,8.5,8855,13.1,2018.0,121.0,Delta_Coastal
Flood,22.4635,98.2675,6.0,29470,13.6,2016.0,29.0,Mountain_Highland
Flood,17.1957,106.7883,4.2,1554,10.5,2012.0,1.0,Delta_Coastal
Flash Flood,14.0057,101.2953,7.7,5115,15.7,2008.0,55.0,Delta_Coastal
Typhoon,18.8002,106.0266,4.3,26153,7.2,2016.0,2.0,Inland_Plain
Flood,10.5202,99.1402,7.7,51813,12.3,2009.0,27.0,Delta_Coastal
Flood,13.1034,122.849,7.4,26123,14.7,2016.0,14.0,Delta_Coastal
Earthquake,14.4523,93.1105,6.1,27118,9.8,2023.0,25.0,Delta_Coastal
Flash Flood,20.4995,102.2616,6.5,5982,13.8,2022.0,31.0,Mountain_Highland
Landslide,13.0606,96.6591,6.9,13762,10.8,2014.0,45.0,Delta_Coastal
Landslide,17.894,97.5538,5.9,24947,8.8,2007.0,24.0,Inland_Plain
Flood,11.5914,92.9586,6.4,26986,9.9,2006.0,25.0,Delta_Coastal
Earthquake,-3.6667,119.1561,5.8,17657,14.2,2021.0,7.0,Delta_Coastal
Flood,-0.5852,117.9068,7.1,43761,13.4,2014.0,22.0,Delta_Coastal
Volcanic Eruption,1.4474,96.2964,4.6,23620,11.7,2017.0,5.0,Delta_Coastal
Typhoon,15.5432,124.6907,6.1,4805,13.7,2013.0,8.0,Delta_Coastal
Drought,11.2562,106.4471,6.5,28397,12.1,2006.0,31.0,Delta_Coastal
Typhoon,15.3018,107.5816,8.6,18880,14.7,2017.0,61.0,Delta_Coastal
Earthquake,16.2191,95.2209,9.0,60930,12.8,2005.0,140.0,Delta_Coastal
Typhoon,6.0656,121.5551,5.8,30923,11.2,2009.0,31.0,Delta_Coastal
Landslide,18.0645,99.095,6.3,12816,11.8,2025.0,39.0,Inland_Plain
Flash Flood,17.6495,106.3774,8.0,6665,15.2,2007.0,65.0,Inland_Plain
Flood,19.646,98.0354,6.8,21738,9.3,2013.0,28.0,Mountain_Highland
Landslide,12.5064,100.2615,5.6,7051,9.4,2005.0,15.0,Delta_Coastal
Landslide,5.8091,125.6383,5.6,6704,10.7,2015.0,13.0,Delta_Coastal
Landslide,10.1821,104.1957,7.6,32575,13.2,2007.0,60.0,Delta_Coastal
Flood,15.1363,103.6986,6.3,29090,10.6,2017.0,22.0,Delta_Coastal
Flood,11.7549,97.0751,7.6,6704,10.1,2009.0,36.0,Delta_Coastal
Flash Flood,6.3378,114.1272,7.4,31744,11.1,2018.0,54.0,Delta_Coastal
Flood,19.1497,93.2972,7.4,36644,12.3,2018.0,31.0,Mountain_Highland
Earthquake,14.5781,95.3586,6.4,38352,9.6,2012.0,19.0,Delta_Coastal
Volcanic Eruption,6.1978,118.028,6.7,14226,14.2,2015.0,26.0,Delta_Coastal
Landslide,13.9906,117.6171,5.7,4048,11.4,2007.0,22.0,Delta_Coastal
Landslide,12.3309,103.2936,8.1,31926,11.5,2017.0,136.0,Delta_Coastal
Flood,19.3184,98.988,6.8,17805,10.6,2018.0,25.0,Mountain_Highland
Landslide,4.4508,106.7689,6.0,13353,12.0,2018.0,8.0,Delta_Coastal
Flash Flood,4.7242,114.7649,6.5,4768,9.1,2023.0,16.0,Delta_Coastal
Flood,7.9846,102.3367,4.6,23161,7.5,2007.0,4.0,Delta_Coastal
Cyclone,16.233,92.5506,7.5,42198,11.9,2007.0,30.0,Delta_Coastal
Landslide,12.0816,121.711,7.6,38808,15.5,2021.0,49.0,Delta_Coastal
Volcanic Eruption,2.5608,120.5045,7.2,31256,14.1,2026.0,24.0,Delta_Coastal
Flood,22.0709,95.6639,4.8,23140,12.1,2006.0,3.0,Inland_Plain
Volcanic Eruption,6.202,118.3351,6.4,28371,13.6,2014.0,12.0,Delta_Coastal
Flood,19.0605,99.1323,5.0,6909,9.6,2016.0,17.0,Mountain_Highland
Landslide,13.625,95.3295,6.4,11829,10.6,2017.0,24.0,Delta_Coastal
Volcanic Eruption,0.8615,119.769,4.7,20410,9.6,2016.0,9.0,Delta_Coastal
Landslide,17.1511,119.4066,7.4,50009,12.8,2009.0,10.0,Delta_Coastal
Volcanic Eruption,-1.1388,105.6577,7.2,40065,14.6,2021.0,38.0,Delta_Coastal
Landslide,18.7155,100.1544,5.4,8386,9.1,2009.0,14.0,Inland_Plain
Earthquake,25.0565,95.4268,6.6,24884,14.7,2023.0,31.0,Inland_Plain
Earthquake,26.8489,96.7112,7.3,27954,14.5,2011.0,27.0,Mountain_Highland
Landslide,11.4126,92.565,8.2,32134,13.8,2011.0,75.0,Delta_Coastal
Landslide,2.5701,107.3582,8.3,55546,12.2,2016.0,127.0,Delta_Coastal
Flash Flood,4.4408,99.5855,6.8,32174,13.2,2022.0,32.0,Delta_Coastal
Tsunami,2.2343,127.7292,6.9,3680,11.4,2009.0,18.0,Delta_Coastal
Tropical Cyclone,12.0839,104.6225,7.3,24836,11.5,2015.0,14.0,Delta_Coastal
Tropical Cyclone,12.4911,101.1603,8.2,2292,11.8,2017.0,89.0,Delta_Coastal
Typhoon,13.3241,102.4292,7.7,53128,10.9,2015.0,17.0,Delta_Coastal
Landslide,2.9845,95.9635,4.8,16434,11.2,2018.0,13.0,Delta_Coastal
Landslide,21.4265,103.7926,7.0,6176,11.9,2018.0,25.0,Mountain_Highland
Cyclone,15.9451,99.2663,6.8,3176,11.7,2008.0,15.0,Delta_Coastal
Cyclone,19.0073,98.9364,6.4,41056,9.6,2010.0,17.0,Mountain_Highland
Flood,18.7819,108.6321,5.0,32300,10.5,2018.0,16.0,Inland_Plain
Earthquake,4.9702,111.3486,6.2,8476,14.4,2005.0,23.0,Delta_Coastal
Flood,7.1207,121.9253,6.1,27850,14.8,2020.0,27.0,Delta_Coastal
Earthquake,25.1249,92.6717,7.9,41602,15.3,2015.0,40.0,Mountain_Highland
Landslide,2.7237,103.4489,6.0,12296,11.4,2019.0,31.0,Delta_Coastal
Earthquake,25.8897,96.1499,6.7,40986,11.6,2019.0,31.0,Inland_Plain
Flood,13.2494,109.0841,6.6,40031,11.1,2009.0,22.0,Delta_Coastal
Flood,3.9306,99.645,7.2,19000,10.5,2026.0,19.0,Delta_Coastal
Flood,13.536,105.6701,7.5,22062,10.9,2005.0,57.0,Delta_Coastal
Earthquake,22.6275,100.0568,5.0,1081,12.0,2009.0,14.0,Mountain_Highland
Flood,10.8691,124.3568,6.2,15668,12.9,2023.0,34.0,Delta_Coastal
Landslide,7.4843,100.8623,5.9,18175,9.4,2022.0,16.0,Delta_Coastal
Flood,17.6932,97.76,7.5,48385,11.4,2025.0,43.0,Inland_Plain
Landslide,19.1358,95.8334,4.8,27947,9.5,2023.0,12.0,Inland_Plain
Drought,11.4421,103.0062,6.7,1376,12.3,2020.0,44.0,Delta_Coastal
Earthquake,7.8757,120.0746,8.6,12703,16.2,2005.0,112.0,Delta_Coastal
Landslide,16.3658,102.6431,5.7,3535,14.1,2011.0,23.0,Delta_Coastal
Typhoon,17.7558,106.127,7.3,42245,12.0,2006.0,57.0,Inland_Plain
Landslide,17.177,99.2739,5.4,9230,7.9,2017.0,6.0,Delta_Coastal
Volcanic Eruption,-0.3199,110.3718,6.4,7562,14.8,2023.0,18.0,Delta_Coastal
Flood,-1.1015,100.8014,7.2,9725,14.3,2020.0,26.0,Delta_Coastal
Drought,11.8655,99.2501,7.1,37044,11.5,2005.0,26.0,Delta_Coastal
Landslide,14.3447,100.2878,5.5,24703,8.3,2021.0,15.0,Delta_Coastal
Flash Flood,2.2328,102.4705,6.1,25505,10.8,2024.0,14.0,Delta_Coastal
Volcanic Eruption,-3.8639,114.8143,7.1,35666,13.0,2006.0,16.0,Delta_Coastal
Flood,7.5648,121.3798,6.6,41612,13.2,2005.0,25.0,Delta_Coastal
Earthquake,19.7449,93.7903,8.5,8017,12.2,2010.0,123.0,Mountain_Highland
Landslide,-1.9063,109.7653,6.4,24119,12.8,2008.0,9.0,Delta_Coastal
Tropical Cyclone,18.2319,104.1166,6.0,41308,11.4,2020.0,13.0,Inland_Plain
Landslide,22.8741,94.6812,4.7,23203,11.9,2013.0,8.0,Inland_Plain
Tsunami,-6.6823,139.9551,8.1,55114,13.0,2015.0,154.0,Delta_Coastal
Earthquake,12.9135,118.4731,6.8,13510,15.0,2007.0,38.0,Delta_Coastal
Flood,18.2132,93.3189,6.7,31409,10.3,2013.0,43.0,Mountain_Highland
Flood,12.0005,102.6098,6.2,40737,11.8,2011.0,23.0,Delta_Coastal
Flood,22.479,104.4598,4.7,19218,10.4,2014.0,7.0,Mountain_Highland
Landslide,2.8207,109.0787,8.9,34087,13.4,2005.0,109.0,Delta_Coastal
Tropical Cyclone,8.0188,99.7164,8.4,4779,13.4,2013.0,163.0,Delta_Coastal
Landslide,7.6627,119.5628,7.3,18772,14.9,2025.0,32.0,Delta_Coastal
Drought,17.8627,103.7731,5.2,10159,9.3,2017.0,10.0,Inland_Plain
Cyclone,26.0711,95.391,6.7,36520,10.8,2013.0,38.0,Inland_Plain
Landslide,25.3318,100.6949,6.7,1664,12.4,2020.0,37.0,Mountain_Highland
Cyclone,12.0076,95.6141,5.9,20035,10.6,2008.0,16.0,Delta_Coastal
Earthquake,19.2682,100.9269,6.7,17432,9.9,2015.0,41.0,Mountain_Highland
Typhoon,18.8302,102.7319,7.1,7144,11.1,2019.0,48.0,Inland_Plain
Landslide,8.3725,101.5274,6.1,24219,11.4,2014.0,29.0,Delta_Coastal
Storm Surge,17.7824,105.4335,6.1,13296,10.1,2007.0,12.0,Inland_Plain
Flood,2.1306,131.2281,6.4,38800,13.2,2005.0,37.0,Delta_Coastal
Tropical Cyclone,14.0173,99.9055,7.5,24445,11.9,2007.0,30.0,Delta_Coastal
Storm Surge,10.8866,108.0116,6.1,8459,11.4,2026.0,7.0,Delta_Coastal
Earthquake,25.2615,100.6799,5.9,6580,13.6,2020.0,30.0,Mountain_Highland
Flood,11.5956,99.1641,8.7,32496,12.5,2012.0,87.0,Delta_Coastal
Coastal Surge,1.4264,103.6747,6.8,2548,10.3,2017.0,45.0,Delta_Coastal
Flood,13.6216,104.4009,5.5,14597,10.8,2026.0,5.0,Delta_Coastal
Earthquake,-1.286,99.1066,7.6,10340,14.3,2010.0,29.0,Delta_Coastal
Cyclone,14.0065,100.6488,7.9,8915,12.5,2023.0,45.0,Delta_Coastal
Cyclone,13.5622,93.7342,8.7,28027,12.8,2009.0,66.0,Delta_Coastal
Landslide,-7.587,101.3293,7.5,15841,15.2,2009.0,24.0,Delta_Coastal
Landslide,22.9767,96.2405,6.5,15254,13.4,2009.0,38.0,Inland_Plain
Landslide,25.038,98.0544,6.5,3144,12.8,2022.0,15.0,Mountain_Highland
Coastal Surge,1.2343,103.7492,4.9,779,7.1,2008.0,4.0,Delta_Coastal
Flood,13.6418,107.3546,4.9,28607,7.8,2017.0,2.0,Delta_Coastal
Cyclone,11.9055,101.4436,5.5,21600,10.6,2010.0,26.0,Delta_Coastal
Flood,24.9309,100.8863,6.7,36398,14.7,2013.0,34.0,Mountain_Highland
Landslide,18.3314,102.669,5.1,12352,8.4,2023.0,6.0,Inland_Plain
Flood,14.7879,101.1723,8.6,52764,14.2,2021.0,143.0,Delta_Coastal
Flood,-7.2392,99.9103,7.0,47495,15.5,2021.0,25.0,Delta_Coastal
Flood,22.5745,95.1214,4.2,20262,10.1,2016.0,0.0,Inland_Plain
Volcanic Eruption,-8.9112,102.4334,6.3,42930,10.0,2009.0,31.0,Delta_Coastal
Flood,25.754,96.9789,7.0,32355,13.4,2019.0,51.0,Mountain_Highland
Landslide,23.3643,93.8614,7.8,46542,12.5,2013.0,20.0,Mountain_Highland
Earthquake,14.344,95.8841,7.3,2503,10.3,2025.0,47.0,Delta_Coastal
Landslide,11.7031,95.4108,7.6,6911,11.3,2009.0,34.0,Delta_Coastal
Earthquake,16.4712,92.9422,6.4,36728,9.5,2024.0,24.0,Delta_Coastal
Earthquake,14.7904,125.4568,6.4,34197,11.4,2022.0,40.0,Delta_Coastal
Landslide,-8.2455,97.9228,7.5,29212,14.5,2019.0,26.0,Delta_Coastal
Flood,6.943,124.0305,6.4,13140,11.9,2025.0,36.0,Delta_Coastal
Landslide,-6.8591,105.0948,7.1,33707,15.5,2016.0,31.0,Delta_Coastal
Cyclone,11.24,94.6177,6.5,29070,11.4,2008.0,19.0,Delta_Coastal
Flash Flood,13.258,105.976,5.5,31604,9.4,2020.0,14.0,Delta_Coastal
Tsunami,0.0891,95.3058,7.3,50396,14.3,2020.0,13.0,Delta_Coastal
Flood,15.7032,106.1612,5.6,2987,11.3,2005.0,15.0,Delta_Coastal
Earthquake,7.9206,123.7385,7.0,35893,12.3,2026.0,42.0,Delta_Coastal
Flood,26.7642,95.2681,5.0,21676,11.6,2014.0,7.0,Inland_Plain
Cyclone,14.3459,92.9155,8.4,33983,13.6,2021.0,138.0,Delta_Coastal
Landslide,5.1219,102.486,7.2,14741,13.5,2022.0,46.0,Delta_Coastal
Landslide,5.8717,103.6162,7.5,11602,12.7,2026.0,56.0,Delta_Coastal
Earthquake,14.8544,99.0619,6.5,23021,10.0,2013.0,32.0,Delta_Coastal
Earthquake,20.9557,92.8651,4.7,11057,8.4,2018.0,8.0,Mountain_Highland
Landslide,11.8125,97.1118,7.7,22972,12.4,2007.0,65.0,Delta_Coastal
Landslide,14.2437,99.9504,4.9,9829,8.7,2018.0,7.0,Delta_Coastal
Landslide,5.8777,110.1343,5.8,39697,10.8,2021.0,9.0,Delta_Coastal
Cyclone,12.5547,94.8625,7.7,12820,11.9,2012.0,55.0,Delta_Coastal
Flood,8.7234,103.2908,5.8,4234,10.5,2010.0,7.0,Delta_Coastal
Cyclone,25.0693,93.8756,5.5,31532,12.1,2013.0,26.0,Mountain_Highland
Landslide,19.8976,100.3151,7.0,45075,11.6,2005.0,47.0,Mountain_Highland
Earthquake,-6.5679,131.4046,5.1,17541,13.0,2012.0,7.0,Delta_Coastal
Flood,-6.7745,112.7893,7.6,35713,15.3,2026.0,60.0,Delta_Coastal
Tsunami,2.898,102.6318,6.4,2337,13.5,2013.0,32.0,Delta_Coastal
Flood,15.5388,103.6411,6.5,4088,11.2,2026.0,40.0,Delta_Coastal
Landslide,-7.1058,125.8542,4.7,10528,10.2,2026.0,7.0,Delta_Coastal
Landslide,21.6606,106.5988,5.3,13184,9.7,2007.0,23.0,Mountain_Highland
Earthquake,24.2948,100.9689,7.2,37153,15.6,2005.0,31.0,Mountain_Highland
Typhoon,21.6807,107.3929,8.0,15660,13.5,2025.0,41.0,Mountain_Highland
Drought,14.4283,104.1983,7.7,27997,13.4,2009.0,57.0,Delta_Coastal
Landslide,-7.2202,119.4718,7.1,42493,15.8,2012.0,21.0,Delta_Coastal
Landslide,13.7762,121.7383,7.4,9800,15.4,2013.0,41.0,Delta_Coastal
Flood,18.3397,95.6818,8.1,30187,13.1,2011.0,76.0,Inland_Plain
Earthquake,10.0319,117.2822,7.8,33703,16.7,2010.0,55.0,Delta_Coastal
Typhoon,17.3272,118.3424,6.8,34994,14.6,2005.0,40.0,Delta_Coastal
Tsunami,-10.3616,133.7461,6.1,14328,13.8,2022.0,33.0,Delta_Coastal
Flood,13.8707,104.2448,5.5,35319,9.0,2012.0,23.0,Delta_Coastal
Typhoon,20.0496,103.1626,7.3,28300,13.8,2012.0,16.0,Mountain_Highland
Flood,15.0176,107.3931,6.0,3626,12.1,2007.0,28.0,Delta_Coastal
Cyclone,18.6826,97.097,4.9,11697,8.3,2008.0,5.0,Inland_Plain
Landslide,11.6593,108.2633,5.6,15644,10.3,2025.0,5.0,Delta_Coastal
Landslide,15.4358,93.709,6.1,6602,10.1,2008.0,9.0,Delta_Coastal
Earthquake,10.6725,100.6137,7.2,1995,13.0,2008.0,50.0,Delta_Coastal
Flood,16.2119,125.2619,5.7,17016,11.3,2021.0,9.0,Delta_Coastal
Volcanic Eruption,-2.6372,127.3292,6.2,6118,12.9,2025.0,19.0,Delta_Coastal
Landslide,18.3165,98.9803,7.0,14109,11.2,2015.0,13.0,Inland_Plain
Flash Flood,4.2975,115.2424,6.4,2951,10.8,2019.0,18.0,Delta_Coastal
Tropical Cyclone,8.8158,99.3049,7.0,10495,11.5,2010.0,29.0,Delta_Coastal
Typhoon,19.1329,103.8617,6.4,14563,11.0,2019.0,40.0,Mountain_Highland
Flood,15.456,124.8043,6.8,12503,12.4,2008.0,48.0,Delta_Coastal
Typhoon,12.4395,104.6658,6.6,41810,13.2,2005.0,34.0,Delta_Coastal
Flood,27.4751,100.3582,7.3,11789,12.5,2010.0,58.0,Mountain_Highland
Landslide,17.5924,97.9209,6.9,40296,12.5,2005.0,39.0,Inland_Plain
Cyclone,13.0753,99.0549,6.1,40366,10.2,2013.0,25.0,Delta_Coastal
Typhoon,6.3226,125.8078,4.7,29437,10.8,2022.0,8.0,Delta_Coastal
Landslide,3.6073,116.0769,4.6,9451,11.7,2012.0,3.0,Delta_Coastal
Volcanic Eruption,12.9468,122.7451,5.7,16260,10.8,2019.0,9.0,Delta_Coastal
Earthquake,14.8627,94.4378,7.5,11547,13.1,2006.0,48.0,Delta_Coastal
Landslide,6.1028,111.5052,5.4,23228,10.6,2017.0,16.0,Delta_Coastal
Landslide,16.7766,100.6022,6.2,4962,11.5,2010.0,29.0,Delta_Coastal
Flood,17.8809,99.5585,5.2,22884,8.5,2021.0,12.0,Inland_Plain
Landslide,22.2734,97.4459,5.3,9255,10.5,2018.0,21.0,Mountain_Highland
Earthquake,-3.6661,106.9932,5.8,25595,12.2,2021.0,21.0,Delta_Coastal
Tropical Cyclone,7.7143,104.1532,7.6,28437,11.6,2024.0,32.0,Delta_Coastal
Landslide,1.9782,111.8103,5.2,32142,7.8,2006.0,13.0,Delta_Coastal
Tsunami,-3.4688,99.8444,5.8,12188,9.9,2011.0,16.0,Delta_Coastal
Landslide,11.229,106.5007,6.9,43704,11.4,2013.0,35.0,Delta_Coastal
Flood,27.3789,99.0847,5.3,25631,9.8,2010.0,13.0,Mountain_Highland
Earthquake,19.9443,96.5138,7.8,52721,13.0,2012.0,42.0,Mountain_Highland
Landslide,15.6944,98.4618,5.3,33343,9.0,2009.0,18.0,Delta_Coastal
Drought,12.9342,99.581,7.5,1852,12.8,2024.0,37.0,Delta_Coastal
Cyclone,26.6776,96.6546,7.3,43411,13.0,2018.0,43.0,Mountain_Highland
Cyclone,21.9775,95.0234,6.8,4292,9.4,2009.0,39.0,Inland_Plain
Flood,19.5916,100.5571,7.2,20940,11.1,2011.0,12.0,Mountain_Highland
Tsunami,1.6403,138.364,8.1,15227,13.5,2026.0,98.0,Delta_Coastal
Landslide,4.6598,99.9116,6.7,38746,11.8,2007.0,44.0,Delta_Coastal
Drought,12.0862,103.4488,6.1,33569,9.4,2012.0,12.0,Delta_Coastal
Cyclone,15.3962,96.0772,6.7,24611,11.1,2016.0,15.0,Delta_Coastal
Landslide,25.4127,101.4145,6.8,10612,14.3,2012.0,37.0,Mountain_Highland
Landslide,7.3793,102.6841,7.8,49267,11.0,2008.0,15.0,Delta_Coastal
Volcanic Eruption,18.756,119.3276,8.9,44101,13.3,2007.0,158.0,Inland_Plain
Earthquake,13.1831,100.3875,8.4,26394,13.4,2012.0,152.0,Delta_Coastal
Landslide,10.8167,105.2874,5.3,16776,10.7,2006.0,8.0,Delta_Coastal
Flood,-3.841,99.7937,6.3,25887,10.3,2017.0,36.0,Delta_Coastal
Volcanic Eruption,3.9906,95.3674,5.9,22593,12.7,2025.0,24.0,Delta_Coastal
Flood,-9.4971,123.8655,6.6,39867,11.0,2023.0,31.0,Delta_Coastal
Drought,15.2467,100.026,6.4,2347,9.4,2020.0,42.0,Delta_Coastal
Landslide,10.21,99.1984,5.1,25182,10.6,2015.0,10.0,Delta_Coastal
Flood,5.5057,99.8482,6.5,31280,10.4,2014.0,24.0,Delta_Coastal
Flood,4.2979,100.814,8.6,31341,13.2,2008.0,184.0,Delta_Coastal
Typhoon,10.2878,119.8124,6.5,31348,11.8,2015.0,29.0,Delta_Coastal
Landslide,11.8337,106.8685,8.1,54851,11.7,2011.0,147.0,Delta_Coastal
Earthquake,17.2336,122.1433,8.9,46926,14.8,2019.0,152.0,Delta_Coastal
Earthquake,16.3055,100.2036,6.5,34323,12.1,2023.0,31.0,Delta_Coastal
Flood,6.7374,113.35,6.5,29027,11.9,2017.0,42.0,Delta_Coastal
Cyclone,13.8815,99.8936,5.9,1353,10.5,2022.0,32.0,Delta_Coastal
Landslide,6.9751,118.3272,6.4,8125,13.2,2017.0,9.0,Delta_Coastal
Cyclone,10.267,98.1065,6.7,19480,11.4,2014.0,31.0,Delta_Coastal
Coastal Surge,1.3248,103.6191,8.4,5404,11.3,2020.0,87.0,Delta_Coastal
Volcanic Eruption,15.2872,119.1006,6.5,37616,13.2,2005.0,16.0,Delta_Coastal
Flood,15.3301,103.4697,6.8,41768,9.5,2024.0,8.0,Delta_Coastal
Cyclone,20.5809,100.6877,7.2,27172,12.7,2013.0,22.0,Mountain_Highland
Landslide,6.1534,102.4189,6.2,35526,10.0,2019.0,11.0,Delta_Coastal
Cyclone,11.7039,97.2816,6.3,36914,9.7,2008.0,15.0,Delta_Coastal
Typhoon,22.0261,102.2762,6.0,31292,12.3,2013.0,19.0,Mountain_Highland
Landslide,26.2937,99.4167,8.4,36934,15.2,2025.0,139.0,Mountain_Highland
Flood,6.0374,109.4046,7.7,4663,10.5,2024.0,60.0,Delta_Coastal
Flood,17.7452,120.8524,7.2,14502,11.5,2018.0,47.0,Inland_Plain
Flash Flood,19.2861,102.7053,7.2,6389,15.1,2018.0,54.0,Mountain_Highland
Volcanic Eruption,-0.9314,97.0865,7.3,25516,12.3,2013.0,20.0,Delta_Coastal
Landslide,15.3519,96.3729,7.1,1479,13.1,2021.0,40.0,Delta_Coastal
Volcanic Eruption,5.1704,118.8727,7.1,14505,14.5,2005.0,14.0,Delta_Coastal
Cyclone,23.6715,96.0106,8.5,55960,14.5,2006.0,111.0,Inland_Plain
Flood,25.1007,97.1963,7.9,47483,12.6,2025.0,28.0,Mountain_Highland
Landslide,12.7288,106.8066,6.7,36626,10.6,2006.0,27.0,Delta_Coastal
Volcanic Eruption,-2.3212,126.5617,8.4,38371,14.7,2020.0,117.0,Delta_Coastal
Landslide,16.6085,101.3998,6.9,19442,11.2,2010.0,27.0,Delta_Coastal
Tsunami,3.8989,115.9039,4.9,18427,10.2,2016.0,8.0,Delta_Coastal
Cyclone,10.6313,92.6803,8.3,12811,11.3,2005.0,145.0,Delta_Coastal
Cyclone,18.9527,98.0593,6.0,9556,11.7,2011.0,16.0,Inland_Plain
Flood,20.4214,101.639,7.7,3622,14.3,2014.0,45.0,Mountain_Highland
Flood,11.9399,106.1103,5.1,16244,7.6,2011.0,14.0,Delta_Coastal
Flood,11.3802,105.5963,8.1,17321,14.0,2010.0,141.0,Delta_Coastal
Volcanic Eruption,8.7288,121.1567,4.1,11345,10.2,2015.0,0.0,Delta_Coastal
Flood,22.9922,97.5514,5.9,23423,11.7,2026.0,14.0,Mountain_Highland
Landslide,10.3527,99.1839,6.8,14893,11.6,2014.0,41.0,Delta_Coastal
Earthquake,16.2455,92.6577,6.2,4134,9.9,2012.0,12.0,Delta_Coastal
Earthquake,24.206,97.5073,6.9,31192,15.5,2018.0,46.0,Mountain_Highland
Landslide,10.1552,92.833,6.3,19247,10.4,2022.0,17.0,Delta_Coastal
Earthquake,8.7316,121.4901,5.2,27024,12.3,2016.0,18.0,Delta_Coastal
Cyclone,13.5623,97.443,8.2,48727,11.9,2012.0,116.0,Delta_Coastal
Tsunami,-3.4471,96.7904,7.6,38016,12.9,2024.0,52.0,Delta_Coastal
Landslide,-6.9382,137.2559,6.4,38023,12.5,2005.0,26.0,Delta_Coastal
Landslide,4.5503,114.8704,6.8,4972,12.7,2018.0,12.0,Delta_Coastal
Flood,21.5112,96.6211,5.2,2271,10.0,2021.0,18.0,Mountain_Highland
Landslide,11.6079,122.2849,7.8,24117,14.8,2007.0,45.0,Delta_Coastal
Typhoon,17.5421,121.6894,5.8,6777,10.5,2014.0,21.0,Inland_Plain
Tsunami,3.3017,136.8794,7.0,44585,14.4,2021.0,13.0,Delta_Coastal
Flood,3.9339,121.5935,6.2,23015,10.2,2009.0,32.0,Delta_Coastal
Earthquake,24.609,94.5061,6.0,4243,12.4,2005.0,21.0,Inland_Plain
Flood,0.8626,127.3485,7.3,5708,12.5,2012.0,20.0,Delta_Coastal
Flood,16.325,99.3858,6.1,6703,10.4,2012.0,8.0,Delta_Coastal
Flood,26.4521,94.6151,7.5,36601,14.9,2022.0,13.0,Inland_Plain
Cyclone,15.7942,101.2696,6.4,23531,9.6,2022.0,37.0,Delta_Coastal
Flood,8.5175,117.7334,6.2,11498,14.9,2013.0,16.0,Delta_Coastal
Landslide,12.9207,100.2213,5.4,3656,9.0,2024.0,23.0,Delta_Coastal
Landslide,22.782,104.783,5.4,34827,10.1,2014.0,6.0,Mountain_Highland
Flood,19.994,96.4632,6.7,39773,9.1,2022.0,9.0,Inland_Plain
Flood,9.6207,99.9584,8.1,33849,12.4,2024.0,80.0,Delta_Coastal
Cyclone,10.7181,93.1325,5.3,19705,10.0,2006.0,21.0,Delta_Coastal
Flood,15.97,98.6006,6.7,39982,9.3,2021.0,27.0,Delta_Coastal
Flood,25.8658,100.3798,5.3,12312,10.8,2022.0,11.0,Mountain_Highland
Storm Surge,9.9957,103.0105,7.0,24057,12.7,2015.0,19.0,Delta_Coastal
Flash Flood,19.6775,106.6912,7.9,5068,12.9,2018.0,50.0,Mountain_Highland
Cyclone,13.5868,96.2112,9.0,10364,14.2,2012.0,117.0,Delta_Coastal
Cyclone,26.7197,101.4144,6.2,15400,13.0,2016.0,29.0,Mountain_Highland
Flood,15.6417,93.8545,7.9,35399,12.3,2016.0,63.0,Delta_Coastal
Flood,23.0373,97.3508,7.4,43033,13.9,2021.0,35.0,Mountain_Highland
Flood,14.1231,119.5921,8.2,24723,13.7,2007.0,51.0,Delta_Coastal
Earthquake,21.6243,96.0864,5.2,23498,11.3,2022.0,19.0,Inland_Plain
Flood,20.7987,105.288,5.4,25692,10.4,2012.0,16.0,Mountain_Highland
Flood,24.1406,97.0972,7.5,51456,15.3,2023.0,12.0,Mountain_Highland
Flood,8.4749,98.7147,8.4,20714,12.8,2008.0,148.0,Delta_Coastal
Typhoon,22.8222,102.8408,7.2,11515,12.9,2006.0,36.0,Mountain_Highland
Landslide,18.7692,100.8649,7.5,16782,12.1,2008.0,27.0,Inland_Plain
Drought,11.7878,106.6071,7.1,43544,12.1,2017.0,24.0,Delta_Coastal
Flash Flood,6.2103,117.678,5.6,27755,8.1,2017.0,10.0,Delta_Coastal
Landslide,17.6414,100.3763,6.2,2922,11.6,2016.0,11.0,Inland_Plain
Cyclone,11.3394,95.8552,5.5,8389,9.6,2014.0,14.0,Delta_Coastal
Tropical Cyclone,11.8405,100.5735,5.4,8083,9.1,2021.0,12.0,Delta_Coastal
Earthquake,13.4607,96.9759,5.5,21116,10.2,2010.0,15.0,Delta_Coastal
Landslide,18.5522,93.244,4.7,14524,8.4,2019.0,8.0,Mountain_Highland
Landslide,23.5338,100.8546,7.7,51411,13.9,2013.0,27.0,Mountain_Highland
Flash Flood,11.4966,104.9021,7.7,11616,12.9,2025.0,64.0,Delta_Coastal
Flash Flood,12.3609,106.3573,6.2,24237,9.6,2006.0,11.0,Delta_Coastal
Earthquake,14.556,101.2597,6.9,25403,13.1,2015.0,14.0,Delta_Coastal
Flood,6.5587,104.6784,7.2,30523,11.7,2012.0,16.0,Delta_Coastal
Tsunami,-3.4223,137.372,6.5,42322,13.0,2013.0,15.0,Delta_Coastal
Volcanic Eruption,16.3359,121.5254,7.0,42032,13.0,2006.0,43.0,Delta_Coastal
Cyclone,19.2321,92.8747,8.4,35493,12.5,2015.0,149.0,Mountain_Highland
Landslide,15.3366,121.7435,6.0,32847,11.9,2008.0,6.0,Delta_Coastal
Flood,16.199,105.2404,8.7,4576,15.3,2010.0,107.0,Delta_Coastal
Flood,10.6479,97.647,6.5,30037,10.4,2026.0,37.0,Delta_Coastal
Landslide,18.3471,100.6,8.6,19289,13.0,2020.0,145.0,Inland_Plain
Landslide,8.0463,121.8156,6.0,3144,12.2,2026.0,17.0,Delta_Coastal
Typhoon,18.7851,119.5463,8.5,23538,15.5,2006.0,181.0,Inland_Plain
Landslide,14.5088,123.5991,5.1,17386,11.0,2020.0,14.0,Delta_Coastal
Cyclone,21.3646,98.8046,6.0,35247,11.9,2026.0,8.0,Mountain_Highland
Earthquake,11.4483,123.9458,5.5,5143,10.1,2017.0,15.0,Delta_Coastal
Flood,23.5826,101.1786,6.1,15404,14.5,2008.0,18.0,Mountain_Highland
Earthquake,-7.3987,110.1899,5.4,11637,10.8,2012.0,5.0,Delta_Coastal
Earthquake,-6.1899,104.97,5.2,26372,11.0,2023.0,15.0,Delta_Coastal
Typhoon,7.0386,118.0743,6.9,3647,12.4,2005.0,14.0,Delta_Coastal
Landslide,15.0665,96.1453,8.6,21092,14.9,2007.0,76.0,Delta_Coastal
Flood,4.2467,101.2894,8.1,50498,12.8,2017.0,132.0,Delta_Coastal
Earthquake,-3.4341,135.6955,6.9,39316,15.0,2016.0,31.0,Delta_Coastal
Volcanic Eruption,-3.8045,138.7422,7.8,27622,15.9,2022.0,36.0,Delta_Coastal
Flash Flood,5.138,101.3762,5.9,35912,10.5,2022.0,8.0,Delta_Coastal
Typhoon,11.8167,102.7126,7.3,10828,10.8,2009.0,35.0,Delta_Coastal
Earthquake,25.0351,94.8158,5.8,17250,10.2,2021.0,25.0,Inland_Plain
Landslide,20.616,100.3335,7.2,5412,13.3,2023.0,14.0,Mountain_Highland
Volcanic Eruption,-3.8061,134.2018,7.6,11992,13.3,2022.0,56.0,Delta_Coastal
Volcanic Eruption,3.8193,137.728,7.1,6679,12.0,2006.0,14.0,Delta_Coastal
Drought,12.3813,107.4941,5.7,23983,11.2,2011.0,23.0,Delta_Coastal
Volcanic Eruption,6.6464,119.389,5.7,24237,11.1,2020.0,25.0,Delta_Coastal
Cyclone,16.4465,97.5048,6.7,17011,11.0,2024.0,41.0,Delta_Coastal
Earthquake,17.2447,100.0175,6.0,16867,10.4,2020.0,16.0,Delta_Coastal
Cyclone,27.0394,99.3017,6.6,12720,12.9,2014.0,34.0,Mountain_Highland
Cyclone,14.1496,96.2134,5.7,17625,8.8,2011.0,28.0,Delta_Coastal
Landslide,-1.5085,121.0504,6.1,18458,13.2,2025.0,34.0,Delta_Coastal
Landslide,24.7366,100.2237,6.8,9033,12.2,2010.0,46.0,Mountain_Highland
Flood,22.8751,99.1131,5.4,15791,11.7,2009.0,6.0,Mountain_Highland
Tsunami,-4.2918,113.5336,4.5,22752,10.2,2012.0,3.0,Delta_Coastal
Flood,23.5847,96.3689,6.9,6332,15.0,2017.0,36.0,Inland_Plain
Flood,17.8283,92.6787,6.7,31534,11.2,2009.0,33.0,Mountain_Highland
Tropical Cyclone,11.4729,103.9207,7.3,8164,13.1,2005.0,26.0,Delta_Coastal
Flood,18.5449,95.9659,5.6,6596,10.8,2013.0,7.0,Inland_Plain
Tropical Cyclone,6.3703,102.0687,5.5,20461,8.0,2008.0,5.0,Delta_Coastal
Flood,13.078,101.1217,6.7,5749,9.4,2019.0,35.0,Delta_Coastal
Flood,16.9573,100.9712,9.1,25063,13.8,2016.0,174.0,Delta_Coastal
Earthquake,26.9681,99.2875,8.9,18937,16.7,2008.0,93.0,Mountain_Highland
Volcanic Eruption,-6.1308,133.6793,8.6,27403,13.3,2005.0,116.0,Delta_Coastal
Cyclone,18.2089,100.6768,4.8,19937,10.6,2011.0,9.0,Inland_Plain
Flood,6.5365,126.4089,7.3,34061,14.2,2016.0,27.0,Delta_Coastal
Cyclone,17.9351,97.1192,6.6,6313,9.6,2013.0,39.0,Inland_Plain
Typhoon,13.5015,103.3599,6.7,19494,11.5,2006.0,21.0,Delta_Coastal
Flood,13.8741,101.926,7.0,29566,12.0,2023.0,21.0,Delta_Coastal
Landslide,14.0575,96.1454,5.6,32838,10.8,2018.0,14.0,Delta_Coastal
Landslide,11.2245,98.4781,6.2,26749,11.6,2026.0,20.0,Delta_Coastal
Tsunami,-2.8872,99.6575,6.4,23980,11.1,2017.0,19.0,Delta_Coastal
Flood,27.2439,95.3179,5.4,28765,11.2,2006.0,17.0,Inland_Plain
Earthquake,13.9602,101.1675,6.6,36264,10.0,2007.0,27.0,Delta_Coastal
Flood,8.8706,103.8368,5.7,9662,8.9,2024.0,7.0,Delta_Coastal
Cyclone,11.1783,94.467,6.1,41162,11.5,2023.0,11.0,Delta_Coastal
Earthquake,13.3725,98.1727,7.6,38430,11.7,2006.0,23.0,Delta_Coastal
Earthquake,14.9254,93.9514,4.9,32701,10.1,2007.0,11.0,Delta_Coastal
Cyclone,10.4335,98.4046,6.9,13668,9.8,2017.0,52.0,Delta_Coastal
Typhoon,18.1637,117.4739,7.4,15557,13.0,2010.0,24.0,Inland_Plain
Flash Flood,12.3185,104.1655,5.0,17863,7.9,2015.0,3.0,Delta_Coastal
Flood,22.7257,102.336,5.7,2741,12.0,2016.0,5.0,Mountain_Highland
Flood,17.786,100.9376,5.5,3984,10.9,2016.0,18.0,Inland_Plain
Typhoon,14.4268,105.1156,5.6,10550,10.1,2005.0,24.0,Delta_Coastal
Cyclone,11.4836,95.3332,8.7,20478,13.0,2009.0,104.0,Delta_Coastal
Volcanic Eruption,2.9104,101.2069,6.4,41182,12.6,2018.0,9.0,Delta_Coastal
Drought,13.2665,104.0224,7.2,38661,13.4,2007.0,34.0,Delta_Coastal
Tsunami,-1.0036,117.0855,7.8,25476,13.3,2008.0,57.0,Delta_Coastal
Earthquake,25.4688,101.0087,7.1,43549,12.4,2024.0,24.0,Mountain_Highland
Earthquake,24.1473,94.4903,8.7,43132,16.2,2005.0,128.0,Mountain_Highland
Drought,19.8593,100.8109,8.4,1844,12.2,2010.0,90.0,Mountain_Highland
Landslide,3.3651,107.8779,8.2,45510,13.8,2007.0,83.0,Delta_Coastal
Landslide,16.3954,103.797,7.0,3088,14.2,2007.0,42.0,Delta_Coastal
Cyclone,22.0234,97.8486,5.1,32228,12.8,2005.0,12.0,Mountain_Highland
Typhoon,16.7183,103.0099,7.5,29007,12.9,2010.0,32.0,Delta_Coastal
Flood,15.3846,106.2884,7.2,48434,11.4,2010.0,44.0,Delta_Coastal
Flood,14.5187,96.7092,4.7,8042,8.8,2015.0,6.0,Delta_Coastal
Flood,10.8579,107.0307,5.4,22346,11.7,2025.0,13.0,Delta_Coastal
Landslide,6.7902,116.2796,6.6,39196,9.5,2023.0,22.0,Delta_Coastal
Volcanic Eruption,2.6102,100.2768,5.3,2859,13.3,2021.0,5.0,Delta_Coastal
Earthquake,27.2989,97.6989,7.5,40636,15.1,2019.0,51.0,Mountain_Highland
Earthquake,23.259,100.2965,4.8,26331,10.7,2010.0,5.0,Mountain_Highland
Flood,25.1457,94.5482,7.3,21540,15.3,2019.0,26.0,Inland_Plain
Landslide,0.7178,140.3381,7.7,3574,14.8,2017.0,58.0,Delta_Coastal
Flood,19.3922,99.9397,7.1,22528,12.3,2011.0,23.0,Mountain_Highland
Cyclone,18.1245,94.3443,9.0,21177,12.6,2012.0,121.0,Mountain_Highland
Flood,23.0873,95.1599,4.9,16351,11.3,2021.0,14.0,Inland_Plain
Earthquake,-4.9399,117.5071,4.9,14137,12.2,2016.0,13.0,Delta_Coastal
Earthquake,18.9032,93.5923,5.7,11515,9.8,2019.0,25.0,Mountain_Highland
Flood,20.2698,105.785,6.0,4726,10.7,2025.0,26.0,Mountain_Highland
Landslide,4.9822,115.0893,4.4,4136,8.7,2023.0,1.0,Delta_Coastal
Flood,18.6675,102.3305,7.9,2760,15.8,2013.0,59.0,Inland_Plain
Tropical Cyclone,10.6497,99.7429,7.8,3354,10.9,2023.0,53.0,Delta_Coastal
Flood,18.5837,103.3853,5.7,2722,10.7,2019.0,7.0,Inland_Plain
Landslide,19.8174,96.8501,8.1,55403,12.4,2016.0,170.0,Mountain_Highland
Flood,11.0506,99.8244,6.6,9650,10.8,2013.0,21.0,Delta_Coastal
Volcanic Eruption,6.4314,123.829,5.7,25786,12.0,2010.0,8.0,Delta_Coastal
Landslide,15.664,94.5838,7.5,24759,12.3,2018.0,58.0,Delta_Coastal
Volcanic Eruption,9.7801,122.2386,5.7,6366,14.3,2017.0,14.0,Delta_Coastal
Tsunami,-9.5344,121.2336,6.3,26315,14.0,2026.0,24.0,Delta_Coastal
Flood,20.1204,92.9076,6.2,6420,12.5,2020.0,7.0,Mountain_Highland
Tropical Cyclone,14.4199,103.1264,5.5,32760,11.5,2011.0,20.0,Delta_Coastal
Landslide,-2.7011,114.3951,4.2,26292,11.2,2021.0,0.0,Delta_Coastal
Landslide,12.5241,97.3565,7.2,31115,11.1,2023.0,15.0,Delta_Coastal
Earthquake,13.425,93.2523,7.8,10492,12.5,2021.0,65.0,Delta_Coastal
Earthquake,-5.8997,123.3558,6.8,13334,14.9,2014.0,39.0,Delta_Coastal
Storm Surge,18.2176,103.774,7.5,40315,11.6,2014.0,23.0,Inland_Plain
Landslide,14.6123,117.7889,4.6,19703,11.3,2021.0,6.0,Delta_Coastal
Cyclone,12.1,93.2437,6.7,46104,12.3,2008.0,40.0,Delta_Coastal
Flood,19.9334,104.9531,6.9,37867,10.2,2021.0,48.0,Mountain_Highland
Flood,22.0439,101.1715,6.0,1993,15.0,2012.0,11.0,Mountain_Highland
Typhoon,17.8412,108.7092,8.0,14841,12.4,2017.0,15.0,Inland_Plain
Volcanic Eruption,15.1393,118.8263,6.2,41897,12.0,2013.0,36.0,Delta_Coastal
Flash Flood,1.2781,106.5482,5.7,10132,8.0,2007.0,26.0,Delta_Coastal
Landslide,21.7494,97.8668,6.2,8720,10.8,2017.0,37.0,Mountain_Highland
Landslide,-0.9603,117.8004,6.5,22869,12.7,2024.0,27.0,Delta_Coastal
Drought,11.2657,104.8331,8.7,40829,14.5,2023.0,141.0,Delta_Coastal
Earthquake,16.9656,98.346,5.9,9952,11.1,2008.0,13.0,Delta_Coastal
Flood,10.8561,93.8343,7.1,4836,12.0,2015.0,52.0,Delta_Coastal
Landslide,19.8102,104.884,8.0,50928,12.3,2020.0,49.0,Mountain_Highland
Landslide,13.8302,99.7742,6.1,2782,10.5,2020.0,25.0,Delta_Coastal
Volcanic Eruption,8.4406,123.9299,7.7,28225,13.0,2021.0,32.0,Delta_Coastal
Flood,14.6289,95.4702,7.2,44684,10.6,2014.0,42.0,Delta_Coastal
Flood,13.397,100.1029,8.3,3811,12.1,2006.0,140.0,Delta_Coastal
Landslide,23.9644,97.873,7.6,38740,13.4,2025.0,31.0,Mountain_Highland
Typhoon,6.1715,126.1521,5.8,20978,13.5,2015.0,15.0,Delta_Coastal
Typhoon,19.042,126.3144,6.4,6228,13.1,2009.0,26.0,Mountain_Highland
Flash Flood,11.6446,103.3823,8.2,15347,13.1,2022.0,115.0,Delta_Coastal
Flood,17.3782,124.0237,7.2,18730,12.5,2012.0,25.0,Delta_Coastal
Landslide,2.0702,114.765,5.8,30833,10.3,2011.0,25.0,Delta_Coastal
Flood,26.5651,92.6862,5.4,19353,10.2,2018.0,8.0,Mountain_Highland
Cyclone,11.6693,94.0233,7.9,52298,12.9,2021.0,53.0,Delta_Coastal
Flood,15.7235,94.8431,5.3,20884,11.1,2017.0,7.0,Delta_Coastal
Typhoon,16.1185,119.6021,6.6,12220,13.3,2017.0,31.0,Delta_Coastal
Volcanic Eruption,-4.8427,123.5902,7.4,28159,15.5,2025.0,16.0,Delta_Coastal
Cyclone,10.1725,95.5385,7.0,26829,11.0,2013.0,50.0,Delta_Coastal
Earthquake,21.7373,96.9054,8.5,36616,13.0,2019.0,161.0,Mountain_Highland
Landslide,19.196,104.0245,6.5,5947,12.5,2019.0,24.0,Mountain_Highland
Flood,2.2602,103.7228,7.2,49036,11.9,2014.0,12.0,Delta_Coastal
Volcanic Eruption,11.2974,120.0189,5.8,17000,12.6,2025.0,29.0,Delta_Coastal
Earthquake,11.789,93.2857,6.5,44957,9.7,2024.0,36.0,Delta_Coastal
Landslide,18.0536,97.6852,7.4,29404,12.2,2014.0,30.0,Inland_Plain
Flood,-5.2647,113.7388,4.8,15345,9.7,2017.0,11.0,Delta_Coastal
Landslide,16.5504,95.7805,8.0,29856,12.7,2016.0,56.0,Delta_Coastal
Flood,10.9538,92.5343,5.1,33127,8.1,2007.0,11.0,Delta_Coastal
Volcanic Eruption,18.5414,117.7133,8.3,24845,14.9,2014.0,112.0,Inland_Plain
Landslide,11.7595,99.4369,4.3,9761,9.4,2011.0,4.0,Delta_Coastal
Flood,8.5988,109.0779,7.3,44067,12.6,2025.0,42.0,Delta_Coastal
Volcanic Eruption,-8.2678,137.6854,8.2,42613,16.9,2024.0,124.0,Delta_Coastal
Typhoon,7.6321,120.9293,8.1,32634,15.3,2005.0,127.0,Delta_Coastal
Flood,17.13,104.0226,8.4,55277,11.8,2022.0,122.0,Delta_Coastal
Flood,14.223,106.7449,6.3,38361,9.8,2022.0,18.0,Delta_Coastal
Landslide,15.2504,98.9256,7.2,15658,12.8,2022.0,28.0,Delta_Coastal
Earthquake,6.5766,123.7521,7.4,19359,14.8,2015.0,31.0,Delta_Coastal
Landslide,17.0434,106.5724,7.3,570,14.1,2024.0,18.0,Delta_Coastal
Landslide,8.9912,98.5721,7.2,28761,11.0,2018.0,29.0,Delta_Coastal
Landslide,10.6276,102.8241,6.8,36885,10.9,2008.0,50.0,Delta_Coastal
Landslide,15.4122,101.1264,6.3,11337,9.6,2017.0,38.0,Delta_Coastal
Landslide,13.8604,93.2129,7.0,48798,12.6,2014.0,38.0,Delta_Coastal
Earthquake,-4.7086,133.6397,6.2,13445,12.8,2011.0,31.0,Delta_Coastal
Flood,-6.3058,115.442,8.7,58655,16.8,2024.0,123.0,Delta_Coastal
Drought,17.8087,102.3368,7.4,17350,12.0,2026.0,45.0,Inland_Plain
Earthquake,14.7385,123.0384,8.0,25432,14.3,2008.0,56.0,Delta_Coastal
Flood,18.8181,98.7488,6.2,10618,11.7,2018.0,28.0,Inland_Plain
Landslide,-3.27,95.2325,6.8,20038,13.4,2005.0,46.0,Delta_Coastal
Flash Flood,11.141,106.1228,7.8,17362,11.5,2006.0,67.0,Delta_Coastal
Flash Flood,18.1496,102.8189,4.9,4607,11.4,2023.0,15.0,Inland_Plain
Flood,15.6503,97.3599,8.5,12438,13.4,2012.0,86.0,Delta_Coastal
Cyclone,23.3743,97.3733,4.8,31302,13.2,2023.0,12.0,Mountain_Highland
Earthquake,21.3163,94.2526,5.3,6464,8.6,2010.0,14.0,Mountain_Highland
Typhoon,15.381,106.2018,5.2,4814,10.2,2014.0,18.0,Delta_Coastal
Landslide,18.7962,92.668,7.1,18146,11.5,2023.0,29.0,Mountain_Highland
Earthquake,11.695,94.8081,8.2,45613,12.9,2011.0,68.0,Delta_Coastal
Landslide,18.3168,125.0078,6.9,46235,13.4,2014.0,25.0,Inland_Plain
Flood,8.8578,103.9922,6.7,14714,10.1,2024.0,29.0,Delta_Coastal
Landslide,22.7096,106.6772,7.8,32557,14.7,2025.0,17.0,Mountain_Highland
Earthquake,27.0642,100.5765,6.3,25541,11.9,2023.0,7.0,Mountain_Highland
Cyclone,21.9713,97.3528,6.9,6152,10.0,2020.0,33.0,Mountain_Highland
Drought,12.6195,104.4477,6.9,5340,12.2,2011.0,48.0,Delta_Coastal
Earthquake,-8.7911,118.868,5.0,28240,11.2,2009.0,14.0,Delta_Coastal
Flood,11.349,98.2913,5.8,15368,11.2,2018.0,27.0,Delta_Coastal
Flood,5.4633,119.5927,4.8,17819,10.9,2008.0,10.0,Delta_Coastal
Landslide,-5.5897,119.4356,6.3,40042,10.5,2007.0,28.0,Delta_Coastal
Cyclone,22.9057,94.366,7.0,39442,13.9,2005.0,37.0,Mountain_Highland
Earthquake,1.8944,105.9809,6.7,1827,14.3,2017.0,20.0,Delta_Coastal
Flood,18.2319,98.637,7.1,29575,11.2,2013.0,28.0,Inland_Plain
Drought,13.8809,103.2425,6.7,20752,12.1,2008.0,44.0,Delta_Coastal
Typhoon,9.6263,105.5243,6.5,30361,11.7,2023.0,12.0,Delta_Coastal
Volcanic Eruption,14.2646,117.1882,5.4,19600,12.1,2013.0,18.0,Delta_Coastal
Earthquake,22.7486,94.424,6.9,18652,13.2,2019.0,24.0,Mountain_Highland
Landslide,11.747,105.718,7.5,26670,11.4,2007.0,41.0,Delta_Coastal
Typhoon,8.3009,118.6819,6.9,39382,14.0,2020.0,47.0,Delta_Coastal
Landslide,15.1887,100.6086,8.6,55435,13.3,2013.0,167.0,Delta_Coastal
Flash Flood,2.907,118.4252,5.4,35462,9.8,2015.0,23.0,Delta_Coastal
Typhoon,5.869,119.3324,6.1,30136,13.3,2021.0,24.0,Delta_Coastal
Flood,13.8129,105.2872,7.1,34501,11.7,2011.0,54.0,Delta_Coastal
Flash Flood,6.9938,99.7272,7.0,45404,12.3,2020.0,16.0,Delta_Coastal
Flood,16.6618,108.7945,8.7,43639,13.0,2023.0,78.0,Delta_Coastal
Drought,11.5412,105.8743,5.1,35312,9.6,2014.0,14.0,Delta_Coastal
Flood,1.5995,97.751,5.1,9023,10.9,2008.0,17.0,Delta_Coastal
Landslide,22.3428,108.2421,7.7,11993,14.4,2010.0,61.0,Mountain_Highland
Landslide,16.6664,98.0759,7.2,5055,11.2,2015.0,50.0,Delta_Coastal
Flood,8.781,125.4248,7.2,20730,15.5,2025.0,56.0,Delta_Coastal
Cyclone,10.7182,101.215,8.0,21568,12.4,2024.0,32.0,Delta_Coastal
Flood,2.9259,114.0906,6.1,40823,13.2,2021.0,7.0,Delta_Coastal
Flash Flood,14.5317,100.6226,6.2,2109,13.2,2013.0,12.0,Delta_Coastal
Earthquake,17.6672,95.0581,6.6,7719,10.1,2009.0,30.0,Inland_Plain
Landslide,12.5465,94.4212,6.9,35772,13.0,2011.0,11.0,Delta_Coastal
Flood,16.1852,100.7263,7.5,567,14.0,2021.0,38.0,Delta_Coastal
Cyclone,26.8065,100.6714,8.2,24608,15.0,2007.0,61.0,Mountain_Highland
Cyclone,13.3224,96.456,8.0,31579,11.9,2021.0,66.0,Delta_Coastal
Flood,1.711,140.3526,6.1,13550,12.7,2022.0,9.0,Delta_Coastal
Landslide,15.0373,98.5978,5.8,24275,10.8,2005.0,12.0,Delta_Coastal
Landslide,6.5035,124.6974,7.2,19948,13.2,2015.0,51.0,Delta_Coastal
Volcanic Eruption,-8.117,114.7199,7.5,31051,12.0,2022.0,32.0,Delta_Coastal
Flood,13.1289,99.3439,7.2,10363,12.1,2010.0,18.0,Delta_Coastal
Typhoon,12.8741,120.4342,8.5,5271,14.8,2025.0,131.0,Delta_Coastal
Volcanic Eruption,-9.5258,110.8813,7.6,24842,14.1,2025.0,23.0,Delta_Coastal
Cyclone,26.1741,100.7843,7.8,50091,15.0,2010.0,58.0,Mountain_Highland
Volcanic Eruption,-2.1899,102.5117,7.4,43028,13.3,2011.0,30.0,Delta_Coastal
Flood,12.6763,105.1952,7.1,9830,10.8,2025.0,47.0,Delta_Coastal
Flood,10.659,92.9002,7.5,49564,13.0,2021.0,55.0,Delta_Coastal
Drought,13.2721,102.779,7.4,29508,10.0,2017.0,60.0,Delta_Coastal
Flood,5.8941,114.5417,8.0,37131,13.3,2026.0,44.0,Delta_Coastal
Flash Flood,11.6258,103.9552,6.6,17431,10.2,2009.0,26.0,Delta_Coastal
Cyclone,17.7644,98.746,8.1,6502,12.2,2012.0,136.0,Inland_Plain
Earthquake,11.408,96.6368,7.5,21466,11.1,2017.0,57.0,Delta_Coastal
Flood,-2.5339,110.5894,7.2,41914,13.5,2015.0,44.0,Delta_Coastal
Flood,3.6979,103.5475,6.5,17908,11.1,2024.0,44.0,Delta_Coastal
Volcanic Eruption,-9.6411,120.7887,7.7,18583,13.5,2016.0,39.0,Delta_Coastal
Flood,14.3582,106.7552,7.9,44609,12.7,2015.0,20.0,Delta_Coastal
Landslide,13.1867,123.6205,7.9,9152,14.2,2021.0,61.0,Delta_Coastal
Earthquake,22.8163,93.3112,6.1,34440,13.5,2021.0,22.0,Mountain_Highland
Tropical Cyclone,7.4808,102.0998,5.3,7375,11.5,2014.0,18.0,Delta_Coastal
Flood,16.3682,100.7614,6.4,29664,10.8,2015.0,10.0,Delta_Coastal
Tsunami,-0.0792,107.3028,7.1,5698,14.3,2020.0,50.0,Delta_Coastal
Earthquake,19.4755,96.7804,6.9,32395,11.1,2020.0,17.0,Mountain_Highland
Volcanic Eruption,15.7962,124.1779,7.9,32731,15.4,2012.0,41.0,Delta_Coastal
Earthquake,21.4596,99.0803,8.2,13429,14.1,2011.0,162.0,Mountain_Highland
Landslide,12.1298,97.4297,7.7,20649,12.5,2012.0,60.0,Delta_Coastal
Cyclone,11.9979,96.5446,6.3,32975,10.3,2022.0,20.0,Delta_Coastal
Earthquake,-5.4527,135.441,7.5,4545,14.0,2011.0,13.0,Delta_Coastal
Landslide,0.8313,125.8277,6.6,44861,14.9,2010.0,32.0,Delta_Coastal
Drought,19.3913,98.4342,8.2,13533,13.0,2012.0,104.0,Mountain_Highland
Landslide,16.4827,104.1329,6.2,6697,11.2,2009.0,34.0,Delta_Coastal
Flood,1.4582,101.5508,7.3,12246,13.8,2026.0,55.0,Delta_Coastal
Volcanic Eruption,19.2812,117.0673,7.2,11923,11.9,2007.0,29.0,Mountain_Highland
Volcanic Eruption,10.8356,118.4761,8.1,29487,12.9,2011.0,160.0,Delta_Coastal
Flood,2.0998,112.1145,5.9,39922,9.9,2007.0,7.0,Delta_Coastal
Flash Flood,5.6575,117.1284,6.3,31048,10.8,2014.0,29.0,Delta_Coastal
Flood,9.9322,101.2409,5.7,33554,11.4,2005.0,20.0,Delta_Coastal
Flood,14.0532,99.5109,8.9,9391,13.5,2013.0,83.0,Delta_Coastal
Earthquake,17.0315,92.9049,7.9,3987,11.3,2017.0,26.0,Delta_Coastal
Landslide,18.1124,107.1919,6.5,10639,10.0,2008.0,35.0,Inland_Plain
Landslide,2.0431,111.9288,6.7,26259,11.2,2022.0,43.0,Delta_Coastal
Volcanic Eruption,17.7375,120.7515,6.1,39829,14.5,2020.0,20.0,Inland_Plain
Earthquake,18.683,94.3411,6.9,31564,11.7,2017.0,15.0,Mountain_Highland
Coastal Surge,1.2425,103.7227,5.8,2294,8.6,2017.0,26.0,Delta_Coastal
Volcanic Eruption,18.9346,122.9516,7.3,28928,14.4,2020.0,30.0,Inland_Plain
Flood,13.4932,92.7955,5.0,29192,8.0,2025.0,4.0,Delta_Coastal
Flood,-3.7454,110.0653,8.3,54223,15.2,2009.0,146.0,Delta_Coastal
Landslide,8.7862,119.453,7.7,26940,14.4,2024.0,24.0,Delta_Coastal
Earthquake,17.9458,99.53,7.4,43418,11.6,2017.0,11.0,Inland_Plain
Flood,14.4963,125.9746,7.1,40178,15.9,2021.0,23.0,Delta_Coastal
Flood,10.561,98.7012,6.7,17734,10.2,2014.0,34.0,Delta_Coastal
Flood,11.6792,106.0064,5.2,29965,10.2,2014.0,7.0,Delta_Coastal
Flood,-8.7637,120.8211,6.2,23091,14.4,2009.0,25.0,Delta_Coastal
Earthquake,26.8327,93.4261,7.6,32558,14.8,2019.0,33.0,Mountain_Highland
Landslide,19.0949,98.1867,6.7,17138,10.0,2008.0,9.0,Mountain_Highland
Landslide,22.7517,95.4861,5.2,28544,10.9,2020.0,6.0,Inland_Plain
Landslide,14.6531,124.2629,7.3,9624,13.6,2026.0,26.0,Delta_Coastal
Flood,-5.7155,118.5575,6.9,43115,11.7,2012.0,46.0,Delta_Coastal
Typhoon,18.5283,105.0891,6.9,21390,12.5,2018.0,48.0,Inland_Plain
Landslide,14.8928,106.4276,8.5,654,15.8,2015.0,71.0,Delta_Coastal
Landslide,27.0634,97.5854,7.0,44009,14.2,2009.0,34.0,Mountain_Highland
Flood,12.7115,95.1621,7.6,52091,12.1,2015.0,58.0,Delta_Coastal
Storm Surge,15.6584,106.7187,6.8,6759,10.8,2012.0,26.0,Delta_Coastal
Earthquake,22.5488,94.6633,5.4,30784,12.7,2016.0,4.0,Inland_Plain
Volcanic Eruption,10.8036,124.0953,5.2,24616,12.5,2023.0,6.0,Delta_Coastal
Drought,9.269,99.3028,7.2,28571,12.9,2021.0,34.0,Delta_Coastal
Cyclone,21.905,93.531,8.0,29577,11.4,2005.0,69.0,Mountain_Highland
Flash Flood,6.6071,115.7837,8.7,52262,13.1,2015.0,160.0,Delta_Coastal
Tropical Cyclone,9.2352,104.4419,7.0,31676,10.1,2008.0,48.0,Delta_Coastal
Volcanic Eruption,2.9836,128.3536,8.0,19771,13.6,2014.0,52.0,Delta_Coastal
Flood,13.0241,99.3901,7.7,33970,10.6,2005.0,27.0,Delta_Coastal
Landslide,21.7101,95.6404,6.6,41532,10.9,2017.0,37.0,Inland_Plain
Flash Flood,6.161,111.9156,4.7,27671,8.6,2007.0,2.0,Delta_Coastal
Earthquake,19.3754,95.0802,6.7,39152,9.3,2009.0,17.0,Inland_Plain
Flood,5.6023,118.4615,6.1,32034,13.2,2019.0,33.0,Delta_Coastal
Flood,5.3476,100.9805,8.2,7530,14.1,2006.0,141.0,Delta_Coastal
Coastal Surge,1.2859,103.7753,6.6,718,11.5,2019.0,32.0,Delta_Coastal
Flood,22.4623,94.9233,8.2,41080,14.4,2023.0,150.0,Inland_Plain
Landslide,16.0712,95.4389,6.3,43950,11.2,2021.0,8.0,Delta_Coastal
Earthquake,25.2973,99.1181,7.6,43914,15.8,2024.0,14.0,Mountain_Highland
Earthquake,21.6872,98.8859,6.8,27239,12.6,2025.0,15.0,Mountain_Highland
Earthquake,18.0657,98.6321,8.9,41171,14.8,2005.0,190.0,Inland_Plain
Earthquake,25.085,97.1483,6.1,33497,13.3,2014.0,14.0,Mountain_Highland
Landslide,18.0737,93.2429,7.1,42154,11.8,2005.0,37.0,Mountain_Highland
Drought,13.5158,105.4446,6.4,2813,8.9,2007.0,12.0,Delta_Coastal
Earthquake,14.6349,122.5599,6.7,10753,13.0,2026.0,46.0,Delta_Coastal
Flood,19.6005,103.747,5.2,5748,11.7,2023.0,9.0,Mountain_Highland
Earthquake,12.1905,95.2254,6.8,46152,10.8,2024.0,38.0,Delta_Coastal
Typhoon,10.4635,120.279,7.0,21137,11.5,2022.0,43.0,Delta_Coastal
Cyclone,26.4534,99.8184,7.0,41017,12.7,2015.0,13.0,Mountain_Highland
Storm Surge,11.0738,105.6598,7.1,3832,12.5,2017.0,32.0,Delta_Coastal
Landslide,3.6271,107.8191,6.5,3764,10.9,2022.0,36.0,Delta_Coastal
Landslide,-6.765,126.0875,7.4,19607,13.7,2006.0,55.0,Delta_Coastal
Flood,17.0416,120.5582,6.5,15509,12.0,2005.0,26.0,Delta_Coastal
Flood,16.638,107.2519,4.7,2797,12.3,2007.0,10.0,Delta_Coastal
Landslide,9.0008,121.9943,8.1,46839,15.8,2012.0,95.0,Delta_Coastal
Flood,-7.0866,129.2852,6.7,45585,12.6,2023.0,27.0,Delta_Coastal
Flood,1.2708,114.6972,4.7,28061,8.6,2016.0,2.0,Delta_Coastal
Typhoon,18.6733,119.6018,7.0,45620,12.6,2017.0,41.0,Inland_Plain
Earthquake,-7.8224,110.4125,7.9,21565,16.9,2007.0,22.0,Delta_Coastal
Flood,22.7549,104.4235,7.3,6102,12.5,2008.0,50.0,Mountain_Highland
Cyclone,12.1834,95.8343,5.7,1838,10.3,2016.0,9.0,Delta_Coastal
Cyclone,10.1801,93.6555,7.9,4503,12.4,2023.0,34.0,Delta_Coastal
Landslide,26.0313,94.1334,6.9,45850,12.7,2008.0,46.0,Mountain_Highland
Flood,3.8406,111.6236,8.8,46940,13.6,2021.0,136.0,Delta_Coastal
Earthquake,24.166,98.4482,8.3,48843,14.5,2011.0,93.0,Mountain_Highland
Drought,12.4476,106.3327,6.8,46476,10.5,2020.0,30.0,Delta_Coastal
Volcanic Eruption,12.5239,118.5655,8.6,44147,17.1,2014.0,115.0,Delta_Coastal
Cyclone,17.393,95.7564,5.5,17738,9.2,2019.0,20.0,Delta_Coastal
Flood,11.6449,107.2156,5.2,9810,8.9,2005.0,6.0,Delta_Coastal
Volcanic Eruption,-0.2906,109.8975,6.8,10715,11.3,2026.0,16.0,Delta_Coastal
Earthquake,10.2835,96.4349,4.7,32001,8.6,2015.0,8.0,Delta_Coastal
Landslide,3.8529,132.1821,5.5,23739,12.3,2011.0,23.0,Delta_Coastal
Earthquake,17.3007,120.0605,6.8,13775,13.3,2009.0,33.0,Delta_Coastal
Landslide,22.1884,97.446,6.1,41733,13.0,2015.0,24.0,Mountain_Highland
Landslide,8.1544,99.1973,7.1,7074,10.2,2024.0,43.0,Delta_Coastal
Typhoon,17.7083,124.1927,6.1,15619,12.4,2008.0,36.0,Inland_Plain
Landslide,-5.0487,127.176,5.7,37156,10.4,2007.0,13.0,Delta_Coastal
Flood,12.9976,103.6702,5.2,17488,10.1,2021.0,10.0,Delta_Coastal
Flash Flood,4.1479,114.712,6.2,3111,9.7,2025.0,12.0,Delta_Coastal
Landslide,18.6027,101.2711,6.9,2754,11.3,2005.0,18.0,Inland_Plain
Tsunami,-1.688,132.1196,7.7,3825,13.9,2009.0,29.0,Delta_Coastal
Flood,6.3606,115.6539,6.4,29747,10.6,2014.0,35.0,Delta_Coastal
Tsunami,-9.8691,108.195,7.9,5138,14.9,2025.0,42.0,Delta_Coastal
Flood,15.8767,120.7349,6.4,38848,13.6,2015.0,20.0,Delta_Coastal
Landslide,21.5136,97.2324,7.3,25948,11.4,2011.0,42.0,Mountain_Highland
Landslide,5.2519,125.996,5.6,5675,10.4,2008.0,15.0,Delta_Coastal
Landslide,17.9961,95.7027,8.1,11806,13.7,2025.0,118.0,Inland_Plain
Flash Flood,14.1965,105.2318,5.8,18601,10.2,2005.0,21.0,Delta_Coastal
Landslide,1.5098,112.1685,6.5,9440,12.7,2017.0,44.0,Delta_Coastal
Earthquake,1.4646,104.4582,7.9,17552,15.9,2022.0,63.0,Delta_Coastal
Flood,26.8532,95.9961,5.9,13577,12.6,2019.0,17.0,Inland_Plain
Volcanic Eruption,-1.3762,130.1454,5.4,15922,12.7,2024.0,15.0,Delta_Coastal
Flood,0.151,119.5418,5.8,13120,10.4,2019.0,10.0,Delta_Coastal
Cyclone,18.6873,94.5141,6.0,32137,11.5,2016.0,34.0,Inland_Plain
Flood,13.6012,99.2709,7.7,7854,12.0,2011.0,36.0,Delta_Coastal
Landslide,24.8558,93.1421,5.5,17551,12.7,2017.0,10.0,Mountain_Highland
Volcanic Eruption,8.111,118.9209,7.6,29620,13.8,2023.0,15.0,Delta_Coastal
Volcanic Eruption,7.3952,124.816,4.9,13636,12.6,2023.0,3.0,Delta_Coastal
Landslide,10.474,124.0181,5.9,9296,10.5,2019.0,25.0,Delta_Coastal
Earthquake,26.1269,95.6592,5.6,11634,10.9,2005.0,7.0,Inland_Plain
Drought,14.2439,98.0224,6.1,18002,10.2,2017.0,26.0,Delta_Coastal
Cyclone,11.9413,100.8448,5.3,10912,8.6,2016.0,21.0,Delta_Coastal
Cyclone,17.9147,97.7009,4.6,14914,7.5,2009.0,9.0,Inland_Plain
Flood,12.2324,99.9458,6.2,18524,11.1,2021.0,8.0,Delta_Coastal
Tsunami,-5.0991,109.1043,8.2,32603,16.0,2008.0,140.0,Delta_Coastal
Cyclone,13.0774,94.2795,5.4,14480,8.0,2015.0,20.0,Delta_Coastal
Earthquake,25.5769,97.561,7.1,43875,11.4,2019.0,24.0,Mountain_Highland
Cyclone,10.2093,93.3793,5.2,31434,7.9,2024.0,5.0,Delta_Coastal
Cyclone,11.5824,99.7684,6.1,4444,10.0,2016.0,18.0,Delta_Coastal
Landslide,18.7861,99.529,7.3,36370,12.1,2026.0,13.0,Inland_Plain
Tropical Cyclone,18.0408,100.337,6.2,23254,9.9,2014.0,14.0,Inland_Plain
Earthquake,13.0622,117.0867,6.0,22990,14.2,2024.0,6.0,Delta_Coastal
Flood,13.3017,96.7728,6.6,9888,12.0,2007.0,13.0,Delta_Coastal
Earthquake,5.4855,115.9958,7.5,26853,13.3,2018.0,37.0,Delta_Coastal
Drought,10.5907,101.5883,6.5,45479,11.5,2016.0,33.0,Delta_Coastal
Flash Flood,1.3774,103.6877,7.3,1903,12.4,2025.0,58.0,Delta_Coastal
Flood,10.0207,122.6511,7.0,8828,12.2,2005.0,45.0,Delta_Coastal
Earthquake,26.5823,97.5725,6.9,18403,15.1,2010.0,30.0,Mountain_Highland
Landslide,13.1497,93.7189,7.1,40538,12.3,2017.0,26.0,Delta_Coastal
Volcanic Eruption,1.2656,118.58,7.1,37456,13.4,2019.0,43.0,Delta_Coastal
Flash Flood,14.0471,105.6468,7.7,52652,13.0,2014.0,42.0,Delta_Coastal
Earthquake,20.1939,93.8328,5.4,22898,10.0,2016.0,8.0,Mountain_Highland
Earthquake,19.2911,95.1693,7.4,21571,13.3,2006.0,36.0,Inland_Plain
Landslide,15.5311,101.326,7.4,3202,11.0,2007.0,50.0,Delta_Coastal
Typhoon,20.6108,108.9902,7.7,6033,12.3,2024.0,21.0,Mountain_Highland
Landslide,-2.507,99.6504,4.7,15483,10.2,2016.0,2.0,Delta_Coastal
Landslide,-7.8756,129.5485,6.4,27563,12.6,2014.0,37.0,Delta_Coastal
Landslide,17.6595,100.57,5.5,10862,10.5,2009.0,5.0,Inland_Plain
Flash Flood,2.2492,113.4246,6.2,42395,11.0,2020.0,32.0,Delta_Coastal
Earthquake,16.9573,98.9437,6.5,34195,11.5,2022.0,10.0,Delta_Coastal
Earthquake,12.3875,94.8256,7.6,19050,13.2,2006.0,57.0,Delta_Coastal
Landslide,11.0956,92.9964,7.8,41143,13.4,2015.0,58.0,Delta_Coastal
Earthquake,10.0145,117.7574,8.2,27191,16.2,2020.0,108.0,Delta_Coastal
Tsunami,-10.3993,140.2243,6.7,21229,12.1,2018.0,15.0,Delta_Coastal
Tsunami,0.784,126.906,5.9,5981,10.4,2024.0,12.0,Delta_Coastal
Flash Flood,12.6257,104.1665,5.4,3175,9.5,2018.0,9.0,Delta_Coastal
Landslide,11.1937,100.0539,6.7,42767,11.7,2026.0,29.0,Delta_Coastal
Earthquake,1.2819,131.4577,6.5,3420,11.1,2012.0,16.0,Delta_Coastal
Landslide,20.2303,102.5157,6.9,3317,11.9,2015.0,44.0,Mountain_Highland
Drought,7.2527,103.5211,4.7,28751,8.8,2023.0,2.0,Delta_Coastal
Landslide,-3.9418,118.1962,7.7,47586,13.0,2026.0,12.0,Delta_Coastal
Volcanic Eruption,8.9406,121.5011,8.4,18466,14.4,2006.0,97.0,Delta_Coastal
Landslide,16.4579,106.6613,5.1,919,12.9,2011.0,4.0,Delta_Coastal
Landslide,4.8748,101.7852,6.1,28313,11.5,2016.0,33.0,Delta_Coastal
Flood,12.2057,120.8436,8.3,23251,12.7,2015.0,123.0,Delta_Coastal
Volcanic Eruption,8.0379,125.854,4.5,2808,12.2,2011.0,3.0,Delta_Coastal
Flood,15.7037,107.3129,5.7,16197,11.2,2010.0,28.0,Delta_Coastal
Flash Flood,11.8604,103.4006,7.9,54361,12.1,2007.0,44.0,Delta_Coastal
Flood,-10.1564,130.9447,5.7,3334,10.9,2016.0,5.0,Delta_Coastal
Drought,15.7867,97.9686,6.9,19774,11.3,2009.0,34.0,Delta_Coastal
Earthquake,4.1831,100.869,6.7,28085,13.2,2009.0,29.0,Delta_Coastal
Earthquake,26.4215,94.3527,7.3,35613,13.2,2016.0,48.0,Mountain_Highland
Earthquake,5.8234,121.2071,7.2,45413,15.4,2011.0,24.0,Delta_Coastal
Cyclone,20.7083,93.5303,7.8,9010,11.7,2010.0,29.0,Mountain_Highland
Flood,5.0614,107.5736,6.2,37377,10.9,2007.0,27.0,Delta_Coastal
Earthquake,9.0658,119.1769,7.5,5281,15.8,2025.0,18.0,Delta_Coastal
Earthquake,22.599,100.422,6.0,26552,12.2,2021.0,26.0,Mountain_Highland
Earthquake,-9.7467,118.3523,6.8,45355,13.9,2026.0,31.0,Delta_Coastal
Earthquake,9.122,123.9109,5.6,10922,11.1,2005.0,18.0,Delta_Coastal
Earthquake,19.3347,97.1536,6.4,6310,10.1,2023.0,25.0,Mountain_Highland
Flash Flood,18.0279,103.5891,6.2,373,14.8,2014.0,17.0,Inland_Plain
Flood,12.445,99.6103,7.3,10011,11.2,2022.0,13.0,Delta_Coastal
Earthquake,15.594,123.2328,4.2,27764,9.4,2021.0,2.0,Delta_Coastal
Landslide,-7.3348,99.4011,6.5,32459,10.9,2020.0,38.0,Delta_Coastal
Flood,15.0073,106.5189,6.0,2721,11.7,2008.0,28.0,Delta_Coastal
Landslide,19.1605,98.2558,6.1,28977,9.0,2018.0,14.0,Mountain_Highland
Landslide,-2.3431,129.469,7.7,43988,15.6,2005.0,18.0,Delta_Coastal
Flood,10.644,93.0287,8.0,17084,10.8,2015.0,53.0,Delta_Coastal
Cyclone,26.55,99.8821,7.1,42270,15.1,2011.0,10.0,Mountain_Highland
Flood,15.091,125.8829,8.2,25319,16.4,2026.0,72.0,Delta_Coastal
Drought,9.9719,98.0895,6.3,26892,12.5,2010.0,11.0,Delta_Coastal
Landslide,8.3626,124.3407,6.3,20317,12.3,2025.0,9.0,Delta_Coastal
Flood,15.7303,105.7425,7.6,31413,10.2,2022.0,11.0,Delta_Coastal
Tsunami,5.0993,131.3571,7.5,4575,13.1,2013.0,11.0,Delta_Coastal
Earthquake,8.7383,125.5055,8.3,34552,16.0,2011.0,44.0,Delta_Coastal
Flood,19.384,100.7368,7.4,28774,12.3,2024.0,23.0,Mountain_Highland
Landslide,12.1217,100.3063,8.5,23864,14.2,2014.0,143.0,Delta_Coastal
Cyclone,23.6676,98.307,6.4,44035,11.7,2013.0,32.0,Mountain_Highland
Landslide,18.5803,96.761,8.0,12492,12.8,2010.0,64.0,Inland_Plain
Earthquake,22.6176,95.798,8.2,12949,14.0,2006.0,151.0,Inland_Plain
Drought,12.5963,101.7607,6.6,32920,10.6,2018.0,36.0,Delta_Coastal
Earthquake,18.6468,99.1587,5.8,1345,10.8,2008.0,23.0,Inland_Plain
Typhoon,19.889,108.8809,5.1,32375,10.4,2012.0,5.0,Mountain_Highland
Earthquake,-5.6847,134.7891,7.5,4698,13.4,2014.0,38.0,Delta_Coastal
Flood,25.9876,92.9185,6.3,15276,13.3,2007.0,10.0,Mountain_Highland
Flood,21.9504,98.0135,6.2,38213,11.2,2012.0,11.0,Mountain_Highland
Flood,13.8217,103.869,5.7,32153,11.7,2011.0,11.0,Delta_Coastal
Flood,9.3346,124.5379,7.0,16557,12.8,2022.0,17.0,Delta_Coastal
Flash Flood,20.4852,105.6743,6.6,2909,11.1,2026.0,36.0,Mountain_Highland
Cyclone,16.0761,96.3554,6.3,43039,10.5,2018.0,40.0,Delta_Coastal
Volcanic Eruption,6.8067,122.2198,5.7,3951,10.7,2021.0,29.0,Delta_Coastal
Earthquake,13.2428,99.0698,8.1,54297,13.5,2016.0,141.0,Delta_Coastal
Flood,18.6629,98.8373,6.3,28768,12.4,2012.0,31.0,Inland_Plain
Landslide,24.5231,96.5653,7.3,12287,15.3,2017.0,30.0,Mountain_Highland
Earthquake,17.7698,97.8838,4.8,24702,8.2,2007.0,2.0,Inland_Plain
Cyclone,25.2397,98.2536,6.9,11223,12.9,2005.0,34.0,Mountain_Highland
Landslide,17.7128,100.7167,5.3,12600,7.8,2005.0,15.0,Inland_Plain
Landslide,20.2942,97.1705,6.4,23399,12.4,2020.0,33.0,Mountain_Highland
Earthquake,13.8226,123.7262,6.4,25516,12.1,2005.0,37.0,Delta_Coastal
Earthquake,-10.2497,101.6388,6.7,42960,12.5,2008.0,45.0,Delta_Coastal
Landslide,18.1192,97.5736,6.9,30609,9.6,2019.0,36.0,Inland_Plain
Cyclone,19.4264,100.5331,7.7,46469,13.7,2016.0,32.0,Mountain_Highland
Earthquake,-7.0266,128.8744,6.6,2917,13.3,2019.0,19.0,Delta_Coastal
Earthquake,15.5926,122.4363,7.5,48603,14.3,2025.0,58.0,Delta_Coastal
Cyclone,10.4377,94.9753,5.8,8951,8.9,2005.0,7.0,Delta_Coastal
Flood,3.4923,109.5545,7.0,30507,11.7,2013.0,43.0,Delta_Coastal
Tropical Cyclone,11.0868,103.5232,6.5,30049,9.8,2018.0,29.0,Delta_Coastal
Cyclone,20.9873,97.146,5.6,37760,10.5,2025.0,17.0,Mountain_Highland
Landslide,-1.2115,133.7705,6.1,3729,11.5,2023.0,13.0,Delta_Coastal
Cyclone,18.191,98.2503,6.3,35606,9.8,2021.0,8.0,Inland_Plain
Landslide,21.8653,92.7691,6.7,42236,10.4,2007.0,46.0,Mountain_Highland
Flood,0.5447,125.3381,6.8,32083,13.9,2019.0,42.0,Delta_Coastal
Cyclone,10.8356,96.2784,7.6,47054,12.2,2025.0,38.0,Delta_Coastal
Flood,25.2227,100.1096,5.1,10374,12.0,2022.0,13.0,Mountain_Highland
Flood,7.5985,124.0589,4.4,2796,9.5,2015.0,7.0,Delta_Coastal
Cyclone,15.0921,93.5024,6.2,16530,10.9,2017.0,25.0,Delta_Coastal
Landslide,11.8928,103.6678,5.7,10258,10.4,2016.0,11.0,Delta_Coastal
Flood,18.7986,104.7532,6.3,614,12.3,2024.0,36.0,Inland_Plain
Earthquake,10.9369,100.106,5.4,1501,10.4,2007.0,5.0,Delta_Coastal
Cyclone,17.2749,100.4511,7.2,8425,12.7,2010.0,37.0,Delta_Coastal
Landslide,11.8279,124.9493,6.5,27667,14.1,2016.0,43.0,Delta_Coastal
Landslide,14.5875,107.9817,6.0,14906,11.3,2024.0,28.0,Delta_Coastal
Earthquake,23.4946,98.234,6.0,35947,9.8,2009.0,22.0,Mountain_Highland
Landslide,17.4249,98.865,4.7,17625,7.3,2014.0,6.0,Delta_Coastal
Flood,22.3565,101.1729,6.7,39517,12.8,2017.0,27.0,Mountain_Highland
Earthquake,-7.5927,106.483,8.2,23735,15.7,2022.0,104.0,Delta_Coastal
Landslide,16.6474,95.5364,7.0,44455,12.9,2011.0,36.0,Delta_Coastal
Earthquake,26.0008,95.8363,6.5,20151,13.3,2018.0,18.0,Inland_Plain
Landslide,6.7187,126.2692,7.1,37922,14.9,2012.0,13.0,Delta_Coastal
Cyclone,25.2884,94.1935,7.5,22833,14.3,2005.0,21.0,Mountain_Highland
Landslide,24.4111,99.4873,5.8,35652,11.6,2015.0,19.0,Mountain_Highland
Landslide,11.9255,124.899,5.9,36321,11.4,2009.0,13.0,Delta_Coastal
Drought,9.7483,104.9551,8.3,14159,13.4,2010.0,122.0,Delta_Coastal
Earthquake,9.5366,122.8433,7.0,22136,14.7,2019.0,53.0,Delta_Coastal
Landslide,26.4494,96.4217,5.6,11462,11.1,2006.0,24.0,Inland_Plain
Storm Surge,12.0142,103.2513,4.3,7758,7.1,2012.0,1.0,Delta_Coastal
Drought,14.1597,101.0043,6.9,34926,11.3,2016.0,41.0,Delta_Coastal
Landslide,14.0795,97.8962,7.1,2406,11.6,2008.0,25.0,Delta_Coastal
Landslide,11.3672,95.1456,7.7,49691,12.2,2015.0,21.0,Delta_Coastal
Flood,19.4391,99.5076,6.8,1410,10.0,2014.0,18.0,Mountain_Highland
Flood,11.375,102.2624,7.9,11199,13.0,2008.0,45.0,Delta_Coastal
Drought,10.0937,104.1357,5.5,7789,10.1,2019.0,17.0,Delta_Coastal
Drought,9.4237,100.0094,6.2,32747,12.0,2008.0,26.0,Delta_Coastal
Flood,19.2456,93.0775,6.0,13377,10.5,2010.0,21.0,Mountain_Highland
Cyclone,11.7343,97.7032,4.5,13698,8.4,2005.0,8.0,Delta_Coastal
Typhoon,16.0963,103.4751,7.4,31340,11.9,2020.0,25.0,Delta_Coastal
Cyclone,17.6234,99.8355,5.5,35209,9.1,2020.0,24.0,Inland_Plain
Cyclone,24.8985,93.1167,5.0,16414,11.7,2006.0,12.0,Mountain_Highland
Volcanic Eruption,-5.0039,129.8904,7.7,47743,15.3,2024.0,51.0,Delta_Coastal
Earthquake,16.6666,124.3547,6.5,32375,14.1,2015.0,14.0,Delta_Coastal
Cyclone,22.4546,97.5134,5.8,12235,9.9,2005.0,5.0,Mountain_Highland
Landslide,14.3253,101.4508,5.7,8158,10.3,2014.0,28.0,Delta_Coastal
Landslide,20.2553,95.529,6.2,14039,10.9,2015.0,12.0,Inland_Plain
Flood,17.05,97.8807,6.9,39430,11.6,2014.0,44.0,Delta_Coastal
Cyclone,14.2307,98.0379,6.5,13461,11.3,2011.0,36.0,Delta_Coastal
Flood,7.2607,104.4016,6.5,35911,11.3,2021.0,11.0,Delta_Coastal
Earthquake,12.5016,123.1189,7.1,45704,13.6,2023.0,51.0,Delta_Coastal
Flash Flood,14.0077,106.9235,5.4,19512,11.3,2018.0,19.0,Delta_Coastal
Earthquake,12.9708,123.8483,5.4,17135,10.5,2013.0,16.0,Delta_Coastal
Landslide,18.2986,99.5513,6.5,41116,11.3,2007.0,21.0,Inland_Plain
Flood,12.5963,93.857,7.2,43217,12.9,2010.0,9.0,Delta_Coastal
Flash Flood,1.3797,103.6582,6.1,3719,10.5,2008.0,15.0,Delta_Coastal
Landslide,18.3219,107.0746,6.3,1199,12.7,2006.0,26.0,Inland_Plain
Flood,15.3846,100.9222,6.6,2245,11.9,2016.0,37.0,Delta_Coastal
Flood,7.3648,124.2116,6.9,35133,15.5,2005.0,19.0,Delta_Coastal
Flood,12.7025,103.727,6.4,43260,11.1,2009.0,19.0,Delta_Coastal
Flood,11.4352,94.0154,7.1,11085,11.3,2010.0,43.0,Delta_Coastal
Cyclone,17.7548,100.2521,6.8,5868,9.2,2012.0,15.0,Inland_Plain
Volcanic Eruption,3.7319,129.303,7.2,35434,13.7,2007.0,20.0,Delta_Coastal
Flash Flood,4.3313,114.7767,8.2,36693,12.4,2008.0,62.0,Delta_Coastal
Flood,17.2051,101.0381,7.4,18047,12.0,2015.0,27.0,Delta_Coastal
Volcanic Eruption,-0.7349,101.7159,7.8,18217,16.4,2016.0,12.0,Delta_Coastal
Flood,18.5735,101.0423,6.5,22778,10.6,2006.0,35.0,Inland_Plain
Earthquake,-8.6441,113.9517,5.1,27847,12.8,2023.0,17.0,Delta_Coastal
Earthquake,26.676,93.9274,8.0,2393,13.3,2008.0,13.0,Mountain_Highland
Volcanic Eruption,14.7069,121.6468,7.7,26321,13.3,2015.0,66.0,Delta_Coastal
Flash Flood,1.2252,106.3524,7.8,52322,14.2,2010.0,46.0,Delta_Coastal
Volcanic Eruption,-4.9569,127.1918,6.8,29646,13.6,2025.0,29.0,Delta_Coastal
Drought,7.5936,102.5223,6.4,7541,11.4,2024.0,23.0,Delta_Coastal
Flood,17.471,97.6137,8.9,26347,14.0,2020.0,120.0,Delta_Coastal
Tropical Cyclone,13.6258,100.8746,7.5,38679,10.7,2007.0,30.0,Delta_Coastal
Typhoon,8.5045,125.7911,5.0,10024,9.0,2009.0,13.0,Delta_Coastal
Landslide,4.0722,115.196,4.6,526,7.8,2020.0,5.0,Delta_Coastal
Typhoon,9.9119,117.7771,7.1,40350,13.2,2013.0,19.0,Delta_Coastal
Coastal Surge,1.3408,103.7598,8.3,6930,12.8,2010.0,140.0,Delta_Coastal
Landslide,7.0538,101.5725,7.6,51731,11.6,2019.0,38.0,Delta_Coastal
Flood,12.8218,104.8995,7.2,17939,12.6,2010.0,34.0,Delta_Coastal
Earthquake,15.6589,92.635,7.1,2534,11.1,2025.0,38.0,Delta_Coastal
Earthquake,4.8197,131.4807,5.8,39459,12.7,2020.0,18.0,Delta_Coastal
Earthquake,13.72,124.1225,6.3,28749,13.3,2012.0,30.0,Delta_Coastal
Flood,19.562,98.3529,5.5,22332,9.1,2022.0,13.0,Mountain_Highland
Earthquake,15.3097,94.483,7.3,12855,10.2,2009.0,56.0,Delta_Coastal
Flood,4.8956,114.9859,5.6,23768,9.5,2013.0,11.0,Delta_Coastal
Tropical Cyclone,11.7622,98.7782,8.3,39131,11.7,2008.0,167.0,Delta_Coastal
Earthquake,26.9333,100.7263,6.5,35020,11.5,2026.0,17.0,Mountain_Highland
Flood,0.826,131.3996,7.8,34789,14.2,2021.0,19.0,Delta_Coastal
Tropical Cyclone,14.5842,101.3381,7.5,51244,12.5,2016.0,34.0,Delta_Coastal
Flash Flood,15.2494,100.3706,7.8,7464,12.4,2018.0,50.0,Delta_Coastal
Landslide,16.708,92.8395,5.7,29014,10.7,2005.0,22.0,Delta_Coastal
Cyclone,20.5377,100.463,6.2,30386,11.0,2006.0,17.0,Mountain_Highland
Storm Surge,13.328,108.3612,6.0,9440,9.5,2026.0,21.0,Delta_Coastal
Volcanic Eruption,11.2326,117.303,7.2,2711,14.3,2023.0,44.0,Delta_Coastal
Volcanic Eruption,-4.7553,124.5241,7.3,22418,16.0,2019.0,47.0,Delta_Coastal
Flood,11.4386,119.8555,6.6,23086,14.9,2008.0,17.0,Delta_Coastal
Landslide,14.433,99.2796,5.7,27809,10.0,2016.0,16.0,Delta_Coastal
Landslide,8.1344,122.0816,7.1,41086,12.6,2024.0,16.0,Delta_Coastal
Cyclone,11.6364,94.7529,7.0,23529,11.9,2005.0,50.0,Delta_Coastal
Volcanic Eruption,-7.9572,119.4288,6.5,4652,11.8,2024.0,41.0,Delta_Coastal
Flood,9.2391,122.1571,8.3,22180,15.3,2009.0,179.0,Delta_Coastal
Flash Flood,4.8803,114.8676,8.2,3806,13.2,2020.0,142.0,Delta_Coastal
Flood,10.9271,124.0194,8.2,18143,14.1,2016.0,185.0,Delta_Coastal
Flood,5.7021,112.0227,7.6,24415,10.6,2018.0,24.0,Delta_Coastal
Storm Surge,21.3975,104.002,5.2,14054,10.4,2022.0,14.0,Mountain_Highland
Earthquake,-6.9761,99.4921,6.6,31278,15.1,2010.0,42.0,Delta_Coastal
Earthquake,14.9764,97.1783,7.0,36799,11.4,2012.0,28.0,Delta_Coastal
Cyclone,23.2017,95.1283,9.0,42627,15.8,2026.0,189.0,Inland_Plain
Flood,17.8395,104.9402,4.3,1157,9.9,2025.0,4.0,Inland_Plain
Volcanic Eruption,7.4403,120.9183,8.0,43211,13.0,2014.0,16.0,Delta_Coastal
Flash Flood,11.7952,105.545,4.9,10022,10.0,2021.0,9.0,Delta_Coastal
Flood,20.6411,95.9334,6.2,37187,11.5,2006.0,27.0,Inland_Plain
Flood,11.6263,120.8815,5.2,2556,10.3,2013.0,14.0,Delta_Coastal
Flash Flood,1.2157,103.9361,7.0,1901,10.8,2018.0,13.0,Delta_Coastal
Tsunami,3.1877,128.1846,6.9,42941,14.5,2016.0,10.0,Delta_Coastal
Earthquake,11.9546,119.5536,6.0,26793,10.6,2025.0,12.0,Delta_Coastal
Landslide,16.1957,99.5113,6.6,35762,12.8,2025.0,18.0,Delta_Coastal
Flood,10.1719,104.1734,6.2,1556,10.6,2025.0,25.0,Delta_Coastal
Landslide,14.7235,94.033,5.4,33687,9.0,2018.0,17.0,Delta_Coastal
Flood,14.2976,105.2492,4.6,18812,7.9,2009.0,3.0,Delta_Coastal
Landslide,20.7999,104.3878,7.4,1262,13.4,2016.0,10.0,Mountain_Highland
Cyclone,27.1463,97.376,6.0,15565,11.5,2010.0,7.0,Mountain_Highland
Tropical Cyclone,15.2803,101.6182,6.4,2110,12.6,2010.0,21.0,Delta_Coastal
Landslide,15.8736,99.7283,7.8,44959,13.9,2022.0,22.0,Delta_Coastal
Tropical Cyclone,19.5949,104.3505,7.9,47633,12.2,2006.0,45.0,Mountain_Highland
Landslide,14.7956,98.6216,6.6,32589,10.7,2018.0,28.0,Delta_Coastal
Flood,17.9271,95.1235,7.0,42427,11.1,2026.0,22.0,Inland_Plain
Flash Flood,5.8387,112.6046,7.6,17387,12.6,2005.0,14.0,Delta_Coastal
Flood,5.5648,120.6313,6.6,10150,12.7,2006.0,40.0,Delta_Coastal
Earthquake,4.9588,137.0973,6.6,45132,13.3,2012.0,32.0,Delta_Coastal
Volcanic Eruption,18.5528,123.4396,6.9,44314,13.4,2017.0,26.0,Inland_Plain
Flood,7.6985,98.4529,7.6,3824,11.2,2025.0,19.0,Delta_Coastal
Flood,12.9438,107.1579,6.4,1890,12.9,2005.0,15.0,Delta_Coastal
Flood,17.5504,101.1169,5.2,12689,8.8,2023.0,19.0,Inland_Plain
Flood,8.8875,103.0636,6.8,22252,12.8,2014.0,37.0,Delta_Coastal
Landslide,10.0034,92.812,6.0,2481,9.5,2012.0,12.0,Delta_Coastal
Earthquake,16.3173,94.6151,6.7,31928,12.3,2018.0,24.0,Delta_Coastal
Cyclone,23.0637,100.9966,6.3,11066,11.5,2006.0,24.0,Mountain_Highland
Landslide,18.4909,99.3448,4.4,16224,9.8,2008.0,2.0,Inland_Plain
Storm Surge,21.3025,102.67,4.6,7206,8.2,2019.0,3.0,Mountain_Highland
Flood,-6.1558,121.1363,5.6,21955,10.8,2014.0,22.0,Delta_Coastal
Landslide,18.8088,99.7528,7.2,41136,11.0,2020.0,55.0,Inland_Plain
Earthquake,24.2781,98.1062,7.0,40789,15.5,2019.0,16.0,Mountain_Highland
Landslide,-0.0167,116.7303,7.9,14133,15.8,2012.0,46.0,Delta_Coastal
Earthquake,5.3672,139.3079,7.3,8081,14.5,2022.0,54.0,Delta_Coastal
Flash Flood,11.9634,103.8162,7.4,31740,11.5,2009.0,52.0,Delta_Coastal
Volcanic Eruption,2.9239,133.5164,6.9,45614,12.9,2024.0,19.0,Delta_Coastal
Tropical Cyclone,10.1286,98.6735,6.4,31630,10.7,2005.0,40.0,Delta_Coastal
Landslide,3.3328,105.0577,8.2,13423,15.3,2016.0,137.0,Delta_Coastal
Earthquake,-3.1718,117.7062,6.8,25551,13.8,2019.0,44.0,Delta_Coastal
Flood,13.6729,99.1385,7.2,41846,10.4,2006.0,36.0,Delta_Coastal
Coastal Surge,1.3577,103.7493,8.6,892,13.0,2013.0,100.0,Delta_Coastal
Landslide,13.2886,93.4408,5.7,39535,9.5,2009.0,26.0,Delta_Coastal
Flood,16.1383,100.3488,6.6,1952,10.2,2020.0,34.0,Delta_Coastal
Flood,12.4149,96.3594,8.2,50944,14.1,2019.0,42.0,Delta_Coastal
Earthquake,17.9084,101.0565,5.8,24141,8.4,2007.0,17.0,Inland_Plain
Landslide,15.3715,100.8162,5.8,3215,10.0,2009.0,32.0,Delta_Coastal
Landslide,17.5775,104.8364,4.6,4568,11.8,2014.0,6.0,Inland_Plain
Tropical Cyclone,13.7253,100.0676,7.5,12427,13.8,2015.0,52.0,Delta_Coastal
Earthquake,12.3162,96.9617,6.9,32577,12.0,2022.0,21.0,Delta_Coastal
Typhoon,5.4786,120.6341,8.3,29270,14.4,2015.0,62.0,Delta_Coastal
Cyclone,16.8074,100.6323,5.7,16506,9.7,2023.0,29.0,Delta_Coastal
Typhoon,13.2807,106.9079,8.8,6580,12.2,2005.0,62.0,Delta_Coastal
Earthquake,14.549,123.6137,4.9,18260,11.3,2005.0,13.0,Delta_Coastal
Flash Flood,5.3142,100.8709,8.0,45414,14.2,2017.0,18.0,Delta_Coastal
Earthquake,25.8153,97.9316,6.3,9195,13.4,2020.0,16.0,Mountain_Highland
Typhoon,15.5254,105.9298,5.8,27727,9.9,2010.0,12.0,Delta_Coastal
Cyclone,10.8426,96.444,6.5,15471,10.7,2008.0,38.0,Delta_Coastal
Landslide,-0.3576,133.1826,5.7,10885,9.6,2009.0,28.0,Delta_Coastal
Flood,10.957,120.121,7.4,25373,14.7,2022.0,17.0,Delta_Coastal
Flash Flood,21.7879,103.1386,6.9,1661,11.2,2026.0,19.0,Mountain_Highland
Drought,18.3625,103.8637,8.4,9493,12.5,2023.0,112.0,Inland_Plain
Flood,-7.8844,129.6984,7.0,17512,14.3,2020.0,25.0,Delta_Coastal
Cyclone,17.7077,94.8221,7.6,27373,11.7,2024.0,46.0,Inland_Plain
Flood,21.0834,94.6782,7.1,40796,12.7,2017.0,34.0,Inland_Plain
Flash Flood,1.2857,103.8455,4.3,2162,7.8,2009.0,2.0,Delta_Coastal
Landslide,3.6551,112.3887,6.3,10267,11.3,2017.0,16.0,Delta_Coastal
Flood,18.1425,97.6683,4.9,29102,9.6,2022.0,8.0,Inland_Plain
Landslide,-1.369,99.0751,8.7,56612,13.6,2023.0,145.0,Delta_Coastal
Flood,14.2095,107.4721,7.5,47698,12.2,2011.0,33.0,Delta_Coastal
Flash Flood,12.5303,104.2834,6.6,29711,12.3,2006.0,26.0,Delta_Coastal
Flood,17.0546,95.3631,5.5,17749,10.1,2017.0,23.0,Delta_Coastal
Cyclone,21.7945,94.9489,7.1,46615,10.9,2016.0,29.0,Inland_Plain
Cyclone,18.2638,94.2509,5.3,27573,9.8,2011.0,10.0,Mountain_Highland
Volcanic Eruption,8.8206,126.0689,6.4,29890,11.1,2021.0,42.0,Delta_Coastal
Flood,8.6656,109.1724,7.5,36682,13.4,2017.0,12.0,Delta_Coastal
Earthquake,12.0141,117.9769,5.2,25971,13.2,2018.0,5.0,Delta_Coastal
Landslide,14.7436,103.6886,7.7,43330,13.6,2020.0,60.0,Delta_Coastal
Landslide,18.564,120.0816,7.8,21301,14.3,2013.0,53.0,Inland_Plain
Volcanic Eruption,-4.1974,121.3857,8.8,17856,17.3,2012.0,174.0,Delta_Coastal
Flood,22.1495,92.9395,6.9,20842,14.8,2013.0,30.0,Mountain_Highland
Landslide,20.9101,97.3767,7.6,3129,13.9,2006.0,62.0,Mountain_Highland
Cyclone,12.5137,95.2291,8.8,40446,13.2,2018.0,114.0,Delta_Coastal
Flood,20.0591,96.3073,6.7,16553,9.8,2019.0,33.0,Inland_Plain
Earthquake,7.321,126.2823,7.2,15517,13.7,2012.0,51.0,Delta_Coastal
Flood,17.3941,102.238,8.3,2961,13.1,2013.0,153.0,Delta_Coastal
Landslide,16.9056,98.3469,7.3,14397,13.3,2012.0,54.0,Delta_Coastal
Tropical Cyclone,19.3193,98.4432,5.9,39567,10.3,2013.0,10.0,Mountain_Highland
Tropical Cyclone,6.4533,98.9058,5.2,29994,10.3,2010.0,4.0,Delta_Coastal
Landslide,0.8612,98.7755,5.3,36761,13.6,2022.0,8.0,Delta_Coastal
Earthquake,4.1021,102.5283,7.1,46796,14.4,2015.0,29.0,Delta_Coastal
Typhoon,8.5824,108.2253,7.7,43227,11.3,2018.0,66.0,Delta_Coastal
Earthquake,13.4413,95.4632,6.1,23164,10.3,2022.0,35.0,Delta_Coastal
Earthquake,17.3002,96.927,7.2,24536,12.6,2024.0,45.0,Delta_Coastal
Tsunami,-0.2781,100.1333,5.6,29826,12.7,2009.0,13.0,Delta_Coastal
Cyclone,16.3493,95.5017,6.0,18954,11.0,2008.0,29.0,Delta_Coastal
Flood,13.352,99.1474,6.0,23455,9.6,2014.0,6.0,Delta_Coastal
Flash Flood,3.5284,109.1961,7.1,6240,12.4,2014.0,48.0,Delta_Coastal
Flash Flood,4.7413,114.8739,7.4,865,10.1,2024.0,53.0,Delta_Coastal
Flash Flood,4.1797,114.8631,5.6,4502,9.0,2009.0,23.0,Delta_Coastal
Volcanic Eruption,-10.4019,120.4158,8.2,33618,15.7,2017.0,89.0,Delta_Coastal
Cyclone,13.8865,95.108,6.4,12368,11.5,2013.0,10.0,Delta_Coastal
Cyclone,18.2258,99.163,8.1,8555,12.1,2022.0,140.0,Inland_Plain
Earthquake,24.8769,99.6611,6.4,37320,11.7,2022.0,28.0,Mountain_Highland
Flood,16.3123,98.5535,8.1,46404,11.8,2019.0,157.0,Delta_Coastal
Landslide,14.0812,105.5553,6.6,27833,11.0,2005.0,39.0,Delta_Coastal
Landslide,4.4213,117.3032,8.2,13292,12.4,2010.0,69.0,Delta_Coastal
Earthquake,20.0194,99.7749,5.2,15073,9.8,2024.0,8.0,Mountain_Highland
Earthquake,9.1676,118.5577,5.7,19209,13.3,2013.0,12.0,Delta_Coastal
Flood,2.4835,101.473,6.2,42226,10.9,2017.0,11.0,Delta_Coastal
Storm Surge,21.0377,105.7216,8.3,3344,13.4,2023.0,120.0,Mountain_Highland
Landslide,15.9254,122.911,7.6,31795,13.8,2024.0,32.0,Delta_Coastal
Landslide,26.4853,100.5543,5.9,16288,12.7,2010.0,20.0,Mountain_Highland
Tsunami,-9.0301,113.1253,5.7,26793,10.4,2021.0,19.0,Delta_Coastal
Landslide,23.5292,96.3947,4.7,5026,12.4,2006.0,5.0,Inland_Plain
Landslide,20.1145,106.7332,6.7,1687,15.2,2018.0,42.0,Mountain_Highland
Landslide,1.0303,101.1724,6.5,14133,13.7,2018.0,28.0,Delta_Coastal
Landslide,11.9686,96.3443,6.7,23128,12.5,2022.0,17.0,Delta_Coastal
Flood,19.7189,102.8773,4.5,24252,8.5,2009.0,6.0,Mountain_Highland
Volcanic Eruption,-2.4847,139.8771,6.6,26695,15.5,2018.0,18.0,Delta_Coastal
Flood,6.7811,118.3064,7.4,17453,12.6,2013.0,47.0,Delta_Coastal
Typhoon,6.828,120.875,7.3,42478,14.9,2026.0,25.0,Delta_Coastal
Earthquake,26.3009,93.3381,6.1,30687,14.1,2007.0,15.0,Mountain_Highland
Flood,-3.5848,120.3663,7.2,34316,13.0,2013.0,13.0,Delta_Coastal
Cyclone,24.0883,96.1105,5.0,21622,12.9,2009.0,6.0,Inland_Plain
Cyclone,21.4695,101.4772,5.9,33548,11.4,2011.0,15.0,Mountain_Highland
Landslide,4.7015,115.8382,5.8,12869,9.8,2022.0,20.0,Delta_Coastal
Cyclone,15.2736,98.5576,6.8,42965,10.6,2012.0,18.0,Delta_Coastal
Landslide,-9.0915,126.2187,8.0,48896,16.2,2009.0,33.0,Delta_Coastal
Earthquake,20.9476,94.828,7.9,19953,12.9,2011.0,33.0,Inland_Plain
Flood,-3.187,125.3951,8.4,12885,14.5,2008.0,138.0,Delta_Coastal
Flood,-5.9711,133.427,7.4,23978,12.5,2008.0,20.0,Delta_Coastal
Typhoon,15.7828,123.946,6.7,15005,12.4,2007.0,39.0,Delta_Coastal
Flood,10.4604,96.7054,6.7,16402,12.3,2026.0,9.0,Delta_Coastal
Typhoon,11.0688,121.8281,5.0,14513,10.0,2005.0,10.0,Delta_Coastal
Flood,11.6373,102.2499,7.5,38985,12.3,2026.0,47.0,Delta_Coastal
Cyclone,19.9326,92.7899,5.4,24454,10.9,2017.0,24.0,Mountain_Highland
Earthquake,-5.8008,98.6153,5.1,23054,11.5,2023.0,10.0,Delta_Coastal
Earthquake,6.074,120.6989,8.5,48123,14.0,2007.0,193.0,Delta_Coastal
Flash Flood,1.5362,112.7698,7.1,29868,12.9,2009.0,25.0,Delta_Coastal
Landslide,-0.3982,97.1583,7.6,26375,13.1,2007.0,17.0,Delta_Coastal
Landslide,21.6456,100.7767,7.4,32571,13.0,2025.0,55.0,Mountain_Highland
Landslide,9.718,106.9821,5.8,39815,9.7,2012.0,28.0,Delta_Coastal
Earthquake,15.3951,125.5602,7.5,12390,12.6,2021.0,37.0,Delta_Coastal
Cyclone,14.4311,93.559,6.7,16611,9.9,2015.0,25.0,Delta_Coastal
Landslide,1.6143,106.1766,6.3,8575,10.3,2013.0,30.0,Delta_Coastal
Earthquake,20.4157,93.8752,7.4,26434,11.5,2020.0,13.0,Mountain_Highland
Landslide,19.5138,99.6165,6.3,8276,10.4,2024.0,8.0,Mountain_Highland
Typhoon,13.3617,108.6833,6.4,38286,9.5,2010.0,39.0,Delta_Coastal
Landslide,10.6757,122.9429,6.7,16349,13.1,2016.0,14.0,Delta_Coastal
Cyclone,22.6842,96.5972,8.0,30240,14.9,2009.0,24.0,Mountain_Highland
Earthquake,2.582,118.4176,5.3,35772,11.7,2016.0,21.0,Delta_Coastal
Flood,16.0836,95.0919,7.0,1684,11.9,2014.0,47.0,Delta_Coastal
Cyclone,20.4063,97.5527,5.3,10490,10.2,2008.0,16.0,Mountain_Highland
Flood,26.4095,100.4046,6.5,44449,11.3,2014.0,31.0,Mountain_Highland
Drought,10.7702,100.2016,5.6,9881,10.4,2019.0,17.0,Delta_Coastal
Earthquake,12.5527,98.4882,7.6,4940,12.6,2023.0,36.0,Delta_Coastal
Flood,11.5566,119.272,7.5,23286,13.6,2016.0,20.0,Delta_Coastal
Landslide,10.6476,97.3012,6.8,31430,10.8,2014.0,19.0,Delta_Coastal
Landslide,10.4843,97.5302,8.5,48594,14.7,2023.0,84.0,Delta_Coastal
Flood,11.9651,102.8455,7.8,8486,10.2,2026.0,62.0,Delta_Coastal
Drought,10.8834,104.0178,6.7,27270,10.8,2009.0,9.0,Delta_Coastal
Earthquake,0.6525,135.5887,6.5,11785,10.7,2018.0,43.0,Delta_Coastal
Storm Surge,16.4772,102.0902,6.8,7401,9.7,2012.0,16.0,Delta_Coastal
Cyclone,15.4696,95.3127,5.9,12983,8.4,2018.0,8.0,Delta_Coastal
Cyclone,13.1049,100.6145,7.0,47580,12.7,2022.0,46.0,Delta_Coastal
Landslide,-9.8429,99.6596,8.4,8940,15.2,2012.0,140.0,Delta_Coastal
Earthquake,-2.9593,107.9781,6.0,18889,11.8,2017.0,19.0,Delta_Coastal
Flash Flood,15.6349,100.5354,7.8,4216,12.8,2011.0,12.0,Delta_Coastal
Typhoon,16.8509,105.1276,6.8,28992,12.1,2020.0,48.0,Delta_Coastal
Cyclone,10.8385,93.096,6.8,26247,10.6,2006.0,27.0,Delta_Coastal
Typhoon,8.2501,121.053,7.7,36923,13.8,2020.0,62.0,Delta_Coastal
Flood,14.8997,94.8664,5.2,27139,9.3,2024.0,15.0,Delta_Coastal
Volcanic Eruption,16.236,123.0434,7.7,28953,14.9,2012.0,33.0,Delta_Coastal
Flood,16.6136,99.0305,6.9,38030,12.1,2022.0,27.0,Delta_Coastal
Storm Surge,13.0291,107.8163,6.5,42728,10.9,2022.0,26.0,Delta_Coastal
Landslide,19.1466,98.5887,5.3,28486,9.4,2010.0,5.0,Mountain_Highland
Tropical Cyclone,9.4748,103.125,6.9,1629,10.2,2022.0,21.0,Delta_Coastal
Earthquake,3.8665,126.3927,6.6,12856,11.0,2013.0,9.0,Delta_Coastal
Flood,14.6536,96.1012,7.3,23270,10.4,2020.0,17.0,Delta_Coastal
Landslide,2.3381,104.6432,6.4,38297,13.5,2007.0,22.0,Delta_Coastal
Volcanic Eruption,11.9441,124.9887,6.1,29021,13.7,2017.0,28.0,Delta_Coastal
Flood,10.0391,98.1806,6.4,26849,11.6,2019.0,39.0,Delta_Coastal
Tsunami,-9.3783,104.8716,6.2,18053,11.5,2025.0,19.0,Delta_Coastal
Landslide,17.8448,95.7584,6.9,42258,10.8,2026.0,31.0,Inland_Plain
Landslide,-10.367,129.5509,8.0,17097,13.6,2020.0,51.0,Delta_Coastal
Earthquake,5.7692,124.2245,7.3,27142,11.4,2015.0,17.0,Delta_Coastal
Flood,21.4368,95.6299,5.6,29970,8.2,2005.0,28.0,Inland_Plain
Flood,6.2846,124.7644,6.3,35979,11.2,2023.0,20.0,Delta_Coastal
Earthquake,26.6257,100.5228,7.0,47713,12.6,2020.0,29.0,Mountain_Highland
Earthquake,15.7357,98.9062,7.9,11946,11.5,2008.0,22.0,Delta_Coastal
Earthquake,26.751,95.7511,7.5,22615,13.5,2026.0,61.0,Inland_Plain
Flood,13.9596,100.3929,6.1,9431,10.3,2014.0,36.0,Delta_Coastal
Coastal Surge,1.3266,103.6414,7.9,4153,11.5,2023.0,34.0,Delta_Coastal
Flood,14.1174,97.3957,6.6,42635,10.5,2024.0,25.0,Delta_Coastal
Landslide,4.874,114.5605,5.5,4083,9.6,2012.0,25.0,Delta_Coastal
Landslide,6.8695,100.8523,7.5,19129,11.8,2023.0,41.0,Delta_Coastal
Cyclone,23.7505,100.3073,8.0,44684,14.7,2010.0,28.0,Mountain_Highland
Cyclone,14.1233,93.1562,8.4,5572,13.3,2007.0,152.0,Delta_Coastal
Landslide,4.2269,100.7896,4.5,10300,8.8,2014.0,8.0,Delta_Coastal
Landslide,1.7969,110.7085,5.8,4391,9.3,2010.0,25.0,Delta_Coastal
Typhoon,7.5405,120.035,7.1,46992,14.2,2023.0,18.0,Delta_Coastal
Flood,23.1584,99.404,6.5,24887,13.9,2015.0,10.0,Mountain_Highland
Landslide,17.5067,107.0303,7.4,42736,11.2,2022.0,53.0,Inland_Plain
Landslide,17.3665,99.889,4.8,14569,10.2,2005.0,14.0,Delta_Coastal
Typhoon,11.971,103.5561,5.2,33443,9.2,2013.0,10.0,Delta_Coastal
Flood,10.4099,100.5129,6.8,24416,12.8,2008.0,39.0,Delta_Coastal
Tsunami,-3.8671,109.8199,6.0,37088,13.2,2022.0,9.0,Delta_Coastal
Earthquake,17.2038,96.9592,7.1,38686,11.1,2015.0,14.0,Delta_Coastal
Cyclone,17.1494,96.4972,5.5,28815,9.1,2011.0,24.0,Delta_Coastal
Flood,21.3128,92.5184,6.6,2147,12.4,2017.0,28.0,Mountain_Highland
Flash Flood,3.3468,115.9611,7.8,41923,10.8,2025.0,38.0,Delta_Coastal
Volcanic Eruption,-2.3,107.8185,7.4,33035,12.1,2018.0,46.0,Delta_Coastal
Earthquake,13.5178,125.0602,6.5,40463,15.1,2012.0,25.0,Delta_Coastal
Flash Flood,13.8134,107.0429,4.6,4416,8.4,2011.0,4.0,Delta_Coastal
Flood,11.0246,104.5076,4.6,26891,9.2,2023.0,5.0,Delta_Coastal
Cyclone,17.7171,96.3834,8.7,36653,12.5,2005.0,132.0,Inland_Plain
Landslide,7.252,125.2555,6.3,43936,11.7,2020.0,9.0,Delta_Coastal
Earthquake,17.3927,96.7608,6.3,33576,10.5,2011.0,31.0,Delta_Coastal
Flood,-2.1004,112.0442,6.8,19071,12.3,2024.0,13.0,Delta_Coastal
Flood,9.3774,103.7501,5.9,15171,10.1,2011.0,10.0,Delta_Coastal
Landslide,2.7712,114.0785,7.6,6637,12.8,2010.0,56.0,Delta_Coastal
Earthquake,24.5566,95.8753,4.6,27102,10.9,2006.0,7.0,Inland_Plain
Flood,17.9911,98.0415,8.4,15113,13.4,2009.0,83.0,Inland_Plain
Cyclone,12.9881,101.0186,6.4,30234,11.6,2017.0,24.0,Delta_Coastal
Flood,-2.7701,97.0918,6.4,33027,13.1,2006.0,12.0,Delta_Coastal
Earthquake,-0.6059,135.3975,7.6,49248,14.6,2011.0,53.0,Delta_Coastal
Volcanic Eruption,11.2675,119.1908,8.5,16345,14.0,2008.0,100.0,Delta_Coastal
Flood,18.3346,93.2106,8.1,5305,13.8,2024.0,137.0,Mountain_Highland
Cyclone,10.2092,99.9734,8.7,16644,14.7,2007.0,108.0,Delta_Coastal
Landslide,19.5519,107.3136,7.0,1761,13.8,2015.0,19.0,Mountain_Highland
Cyclone,25.1404,95.0218,7.3,27855,13.5,2013.0,58.0,Inland_Plain
Landslide,16.579,95.8626,6.1,17106,11.6,2019.0,33.0,Delta_Coastal
Flood,10.9368,98.8927,6.8,18855,10.7,2007.0,21.0,Delta_Coastal
Cyclone,17.5464,100.2577,4.6,14678,9.8,2008.0,4.0,Inland_Plain
Tsunami,-9.5215,132.0917,6.1,8161,12.8,2018.0,8.0,Delta_Coastal
Cyclone,26.1215,96.3313,5.1,9527,11.6,2019.0,17.0,Inland_Plain
Earthquake,19.2902,100.5063,8.9,24720,14.2,2023.0,142.0,Mountain_Highland
Landslide,8.2375,123.8821,7.5,23317,14.6,2024.0,41.0,Delta_Coastal
Landslide,19.9584,101.0896,6.5,12894,10.0,2020.0,42.0,Mountain_Highland
Typhoon,21.0148,104.7006,5.0,1582,11.1,2025.0,8.0,Mountain_Highland
Earthquake,1.0493,105.8159,6.8,40302,15.1,2006.0,38.0,Delta_Coastal
Landslide,-3.191,136.4131,6.6,46119,11.3,2012.0,14.0,Delta_Coastal
Flood,16.6805,108.1358,6.6,20166,11.7,2005.0,28.0,Delta_Coastal
Landslide,2.0288,101.9245,5.3,20993,8.6,2013.0,12.0,Delta_Coastal
Volcanic Eruption,-8.4036,119.7433,7.3,39837,13.5,2005.0,47.0,Delta_Coastal
Flood,3.8263,133.6674,6.8,7864,12.1,2006.0,25.0,Delta_Coastal
Earthquake,26.3057,93.4323,8.0,29331,14.3,2024.0,24.0,Mountain_Highland
Flash Flood,22.3564,107.0794,7.3,3652,14.5,2008.0,18.0,Mountain_Highland
Flood,15.8576,104.3741,7.1,4455,14.2,2018.0,9.0,Delta_Coastal
Volcanic Eruption,9.6745,120.2738,7.6,34367,14.4,2013.0,39.0,Delta_Coastal
Landslide,21.4949,95.975,6.1,23354,10.1,2010.0,35.0,Inland_Plain
Drought,14.1086,103.5169,8.2,16498,12.1,2008.0,96.0,Delta_Coastal
Earthquake,14.1297,125.6893,4.7,11771,12.2,2015.0,8.0,Delta_Coastal
Volcanic Eruption,10.1321,125.303,5.7,21136,12.9,2026.0,29.0,Delta_Coastal
Landslide,20.052,109.3588,6.7,43907,11.5,2021.0,42.0,Mountain_Highland
Flood,19.7445,101.4934,6.3,22795,12.3,2006.0,34.0,Mountain_Highland
Flood,23.1211,100.3611,7.4,12929,14.5,2007.0,23.0,Mountain_Highland
Landslide,13.8368,102.4832,6.8,15993,13.0,2007.0,19.0,Delta_Coastal
Storm Surge,19.8942,104.2176,7.5,25312,12.7,2023.0,31.0,Mountain_Highland
Flood,17.6243,96.104,5.1,21760,9.2,2025.0,5.0,Inland_Plain
Landslide,13.132,105.5298,8.3,17705,11.1,2026.0,77.0,Delta_Coastal
Typhoon,9.9126,103.9164,6.7,37151,10.5,2015.0,27.0,Delta_Coastal
Earthquake,10.2956,98.5597,6.8,6995,10.9,2021.0,12.0,Delta_Coastal
Tsunami,-7.6613,131.9683,4.8,15916,10.3,2016.0,9.0,Delta_Coastal
Cyclone,24.5607,94.2461,7.8,50540,14.8,2025.0,37.0,Mountain_Highland
Earthquake,14.3233,119.0106,7.0,46302,11.0,2005.0,17.0,Delta_Coastal
Flood,1.5234,137.7345,5.8,3940,12.1,2021.0,11.0,Delta_Coastal
Earthquake,15.0671,124.8357,6.4,32907,14.9,2018.0,39.0,Delta_Coastal
Flood,8.8782,104.4388,5.7,31798,10.3,2007.0,29.0,Delta_Coastal
Earthquake,23.5175,96.7249,6.8,2699,12.0,2011.0,20.0,Mountain_Highland
Earthquake,7.1108,122.9055,7.5,10698,14.2,2005.0,14.0,Delta_Coastal
Cyclone,13.1864,95.364,7.7,23833,11.9,2007.0,24.0,Delta_Coastal
Landslide,11.6807,97.2391,7.2,48985,11.4,2018.0,55.0,Delta_Coastal
Landslide,14.1713,95.5672,4.9,22404,8.3,2019.0,13.0,Delta_Coastal
Flood,13.7828,119.6792,4.5,10719,11.0,2016.0,8.0,Delta_Coastal
Flood,19.3783,93.135,7.4,20163,12.3,2010.0,31.0,Mountain_Highland
Earthquake,-8.1256,114.5822,8.1,23200,15.9,2019.0,75.0,Delta_Coastal
Flood,10.8747,103.8388,7.6,46121,12.5,2026.0,61.0,Delta_Coastal
Landslide,25.1359,99.9243,4.1,25646,10.3,2025.0,0.0,Mountain_Highland
Earthquake,-4.162,114.7653,8.1,44595,14.2,2014.0,122.0,Delta_Coastal
Landslide,23.2921,98.7967,4.9,21500,11.3,2016.0,15.0,Mountain_Highland
Flood,2.8455,102.7582,8.6,55602,12.3,2024.0,144.0,Delta_Coastal
Flood,20.7658,98.5662,6.3,1282,9.9,2026.0,20.0,Mountain_Highland
Earthquake,19.8183,93.614,6.9,18781,12.9,2021.0,16.0,Mountain_Highland
Landslide,10.3739,119.8483,5.2,17298,13.5,2005.0,13.0,Delta_Coastal
Volcanic Eruption,9.798,118.9448,5.3,31260,12.2,2024.0,6.0,Delta_Coastal
Drought,12.0279,106.1974,8.8,56453,13.3,2019.0,133.0,Delta_Coastal
Landslide,25.2037,101.1922,7.0,46055,14.2,2026.0,26.0,Mountain_Highland
Flood,13.9834,108.0484,7.9,41429,11.9,2015.0,18.0,Delta_Coastal
Tsunami,-5.671,109.5265,6.3,42787,13.3,2006.0,36.0,Delta_Coastal
Flood,14.1163,118.8438,5.1,14597,12.4,2007.0,17.0,Delta_Coastal
Flash Flood,14.3194,105.3531,7.8,26250,12.9,2014.0,62.0,Delta_Coastal
Tropical Cyclone,12.3506,98.8296,7.1,34540,11.5,2023.0,26.0,Delta_Coastal
Flash Flood,2.6283,115.7838,6.7,15306,10.3,2024.0,27.0,Delta_Coastal
Landslide,14.5307,106.4322,6.7,4036,14.3,2016.0,39.0,Delta_Coastal
Cyclone,14.5637,94.6197,7.4,33450,11.0,2012.0,13.0,Delta_Coastal
Volcanic Eruption,15.1018,117.4859,8.1,2527,14.2,2023.0,192.0,Delta_Coastal
Earthquake,5.191,118.2096,6.5,40141,11.1,2007.0,31.0,Delta_Coastal
Flood,-7.7301,104.4294,5.9,14482,10.6,2023.0,29.0,Delta_Coastal
Flood,17.5344,95.0043,8.0,34563,11.1,2019.0,25.0,Inland_Plain
Flood,-5.05,110.6183,6.9,34647,14.2,2025.0,25.0,Delta_Coastal
Landslide,5.166,100.2361,8.4,15976,13.1,2021.0,139.0,Delta_Coastal
Flood,-2.0141,118.4598,7.4,47787,14.4,2010.0,12.0,Delta_Coastal
Landslide,26.0434,93.4987,8.3,23105,16.5,2007.0,118.0,Mountain_Highland
Flood,18.0669,102.5892,8.0,3972,14.6,2018.0,44.0,Inland_Plain
Flood,15.7962,99.1716,6.3,31943,10.1,2008.0,11.0,Delta_Coastal
Volcanic Eruption,6.9523,119.286,4.7,15165,11.9,2025.0,4.0,Delta_Coastal
Storm Surge,18.345,106.2764,7.3,16165,10.7,2025.0,16.0,Inland_Plain
Flash Flood,11.7942,106.657,7.0,4202,10.8,2022.0,30.0,Delta_Coastal
Tsunami,-8.47,127.6612,5.3,6977,12.7,2012.0,18.0,Delta_Coastal
Tropical Cyclone,13.7156,99.2691,4.7,25171,7.5,2018.0,12.0,Delta_Coastal
Landslide,8.8826,106.2397,6.2,18777,10.6,2020.0,10.0,Delta_Coastal
Cyclone,18.2906,94.51,4.2,20446,7.0,2015.0,2.0,Inland_Plain
Flood,13.1504,102.6337,6.2,40916,11.1,2007.0,15.0,Delta_Coastal
Storm Surge,20.3451,102.1714,6.4,36819,10.9,2019.0,22.0,Mountain_Highland
Tsunami,3.7254,107.5196,5.1,21832,12.4,2019.0,14.0,Delta_Coastal
Volcanic Eruption,-9.1687,113.1504,4.5,5948,8.9,2019.0,1.0,Delta_Coastal
Landslide,12.5313,93.6211,5.2,22705,9.5,2023.0,11.0,Delta_Coastal
Flood,11.05,98.2821,7.0,17325,12.6,2019.0,33.0,Delta_Coastal
Flood,14.1094,109.4169,8.2,41590,12.2,2017.0,103.0,Delta_Coastal
Volcanic Eruption,6.4768,125.1683,7.6,18924,14.8,2024.0,57.0,Delta_Coastal
Flood,6.9529,116.7959,5.5,15628,9.5,2015.0,13.0,Delta_Coastal
Flood,13.3048,93.8346,6.1,9286,11.9,2022.0,17.0,Delta_Coastal
Volcanic Eruption,0.7599,116.5379,6.7,23566,12.9,2023.0,18.0,Delta_Coastal
Landslide,-5.1339,127.297,6.1,15709,12.2,2018.0,24.0,Delta_Coastal
Flood,13.102,104.9383,6.7,30915,11.3,2025.0,32.0,Delta_Coastal
Flood,-7.1877,131.118,5.4,17307,10.3,2009.0,4.0,Delta_Coastal
Volcanic Eruption,-1.8477,137.7318,7.9,46687,16.3,2007.0,21.0,Delta_Coastal
Flash Flood,17.1172,104.8474,7.9,1008,15.0,2009.0,38.0,Delta_Coastal
Cyclone,19.663,100.6145,8.4,36227,12.7,2023.0,115.0,Mountain_Highland
Flash Flood,14.5881,100.275,5.4,2889,11.6,2009.0,6.0,Delta_Coastal
Flood,-4.7144,116.9771,6.6,10025,12.8,2015.0,26.0,Delta_Coastal
Landslide,7.5699,103.8158,6.6,32151,12.1,2013.0,19.0,Delta_Coastal
Landslide,12.0007,97.8647,6.2,9174,10.8,2008.0,29.0,Delta_Coastal
Earthquake,15.6204,98.3131,8.1,11116,14.0,2006.0,110.0,Delta_Coastal
Flash Flood,19.3745,106.1382,7.3,3067,12.6,2013.0,18.0,Mountain_Highland
Cyclone,13.7904,97.9587,6.6,42987,11.9,2010.0,32.0,Delta_Coastal
Landslide,22.5995,96.621,6.4,15142,13.7,2026.0,38.0,Mountain_Highland
Landslide,17.4216,97.1283,6.4,27642,10.4,2014.0,27.0,Delta_Coastal
Landslide,8.8739,124.1188,6.9,17244,12.2,2017.0,27.0,Delta_Coastal
Flood,16.0958,95.5876,7.6,49626,12.6,2007.0,27.0,Delta_Coastal
Flood,-5.2238,107.9238,7.9,31825,13.8,2024.0,67.0,Delta_Coastal
Earthquake,12.4189,100.9963,8.2,42823,12.9,2012.0,130.0,Delta_Coastal
Earthquake,18.5511,126.3666,7.4,40467,13.6,2022.0,41.0,Inland_Plain
Drought,12.086,106.5458,6.0,39459,9.3,2012.0,30.0,Delta_Coastal
Tsunami,5.1883,104.2403,5.9,25594,12.3,2006.0,5.0,Delta_Coastal
Flood,16.4605,100.316,5.9,945,13.2,2018.0,29.0,Delta_Coastal
Flood,13.0712,100.2053,8.1,47026,12.5,2009.0,92.0,Delta_Coastal
Earthquake,15.2019,126.3293,5.6,12642,11.4,2012.0,28.0,Delta_Coastal
Earthquake,11.0422,93.8294,7.3,15013,13.6,2016.0,44.0,Delta_Coastal
Flood,11.7909,94.2405,6.8,38781,11.8,2026.0,33.0,Delta_Coastal
Flood,6.835,100.6849,7.3,17152,13.6,2010.0,51.0,Delta_Coastal
Volcanic Eruption,0.2733,96.1988,5.8,8421,12.4,2016.0,24.0,Delta_Coastal
Flood,13.8349,97.7695,6.7,18526,11.3,2007.0,36.0,Delta_Coastal
Flood,15.8047,107.4768,5.3,29078,10.3,2015.0,16.0,Delta_Coastal
Flood,18.0759,117.8944,6.8,28989,14.2,2013.0,14.0,Inland_Plain
Earthquake,8.3653,118.3005,6.4,17359,12.6,2006.0,8.0,Delta_Coastal
Flood,-9.2596,130.1598,6.5,31118,13.9,2009.0,34.0,Delta_Coastal
Landslide,16.0711,99.7982,7.6,22184,12.7,2013.0,15.0,Delta_Coastal
Landslide,16.6867,108.9591,5.3,13007,9.5,2010.0,11.0,Delta_Coastal
Flood,25.1703,93.5331,5.8,26059,12.1,2013.0,18.0,Mountain_Highland
Flood,11.7641,106.8397,6.6,31099,11.6,2022.0,38.0,Delta_Coastal
Landslide,16.3329,95.6679,6.7,33155,10.8,2023.0,41.0,Delta_Coastal
Landslide,23.6309,100.9726,5.2,2341,12.1,2017.0,4.0,Mountain_Highland
Landslide,18.5995,106.6596,4.7,14304,10.1,2018.0,10.0,Inland_Plain
Earthquake,13.0136,95.2422,7.4,12982,10.4,2009.0,20.0,Delta_Coastal
Cyclone,21.8333,99.5827,5.1,1599,8.1,2016.0,6.0,Mountain_Highland
Landslide,13.1555,96.4868,7.2,37863,13.2,2009.0,40.0,Delta_Coastal
Flood,13.3535,119.6103,7.9,43111,14.8,2018.0,60.0,Delta_Coastal
Landslide,24.7681,97.6241,8.1,4100,12.2,2018.0,183.0,Mountain_Highland
Landslide,26.2371,96.0671,5.8,33856,11.8,2010.0,21.0,Inland_Plain
Cyclone,21.2833,97.5192,4.9,15463,10.7,2009.0,9.0,Mountain_Highland
Landslide,-6.7833,109.9091,8.1,10559,13.8,2019.0,139.0,Delta_Coastal
Tsunami,-2.7796,116.3821,4.7,31338,10.1,2014.0,7.0,Delta_Coastal
Flood,14.7338,102.2021,4.4,13357,8.9,2012.0,5.0,Delta_Coastal
Cyclone,21.3272,95.0521,6.6,45224,12.4,2019.0,11.0,Inland_Plain
Landslide,14.2466,103.0091,6.5,6455,9.7,2015.0,35.0,Delta_Coastal
Landslide,7.0737,119.8859,6.7,19905,11.3,2007.0,16.0,Delta_Coastal
Earthquake,19.7377,96.9168,5.8,11170,9.0,2011.0,32.0,Mountain_Highland
Earthquake,20.3498,95.6675,5.0,31260,9.2,2007.0,12.0,Inland_Plain
Volcanic Eruption,18.3025,120.7099,8.3,48485,15.3,2012.0,145.0,Inland_Plain
Flash Flood,4.7264,110.982,6.5,35400,12.1,2026.0,11.0,Delta_Coastal
Flood,22.0388,98.4636,4.8,3270,13.1,2024.0,9.0,Mountain_Highland
Landslide,6.1254,121.333,4.8,26464,10.0,2019.0,12.0,Delta_Coastal
Landslide,8.0917,101.4466,6.7,28993,11.1,2008.0,40.0,Delta_Coastal
Earthquake,19.0891,94.7612,6.6,29882,11.2,2021.0,35.0,Inland_Plain
Flood,18.8379,106.3261,6.4,4738,12.1,2026.0,30.0,Inland_Plain
Flood,27.3188,92.5476,6.8,25718,14.4,2012.0,10.0,Mountain_Highland
Cyclone,26.2922,94.9588,5.4,29995,12.0,2009.0,19.0,Inland_Plain
Landslide,23.5276,95.0857,6.0,1797,11.4,2021.0,30.0,Inland_Plain
Tsunami,-3.0297,111.7278,5.3,31236,12.0,2006.0,9.0,Delta_Coastal
Earthquake,26.6572,96.8615,5.7,29824,12.4,2018.0,23.0,Mountain_Highland
Typhoon,5.3322,126.2311,8.2,42743,14.2,2021.0,92.0,Delta_Coastal
Flood,10.4234,118.5367,6.9,11227,14.9,2016.0,19.0,Delta_Coastal
Cyclone,15.4049,99.1412,7.5,9303,10.8,2011.0,44.0,Delta_Coastal
Landslide,13.6584,102.8899,7.3,36511,12.0,2010.0,42.0,Delta_Coastal
Landslide,21.2103,107.4052,6.9,37019,10.0,2021.0,17.0,Mountain_Highland
Tsunami,-4.7668,119.0417,7.0,17621,11.8,2006.0,46.0,Delta_Coastal
Landslide,13.0693,100.5742,4.5,4718,7.6,2008.0,6.0,Delta_Coastal
Drought,15.8503,100.5994,6.3,34304,9.3,2024.0,37.0,Delta_Coastal
Landslide,21.7195,94.1952,7.0,14177,11.0,2022.0,33.0,Mountain_Highland
Earthquake,13.6186,94.3249,5.9,28711,11.6,2026.0,19.0,Delta_Coastal
Flood,-0.5108,134.9649,6.7,13874,11.9,2014.0,42.0,Delta_Coastal
Flood,-4.4604,111.2472,6.1,5870,12.7,2013.0,12.0,Delta_Coastal
Cyclone,10.3815,93.0802,8.1,48697,14.1,2008.0,93.0,Delta_Coastal
Landslide,20.7612,100.9261,8.0,26835,11.6,2006.0,26.0,Mountain_Highland
Landslide,1.5399,101.8091,6.6,41915,10.5,2014.0,23.0,Delta_Coastal
Flood,-1.3813,125.1327,4.7,25722,8.8,2016.0,12.0,Delta_Coastal
Typhoon,19.0221,119.1896,6.2,9891,10.5,2024.0,22.0,Mountain_Highland
Flood,14.45,97.9193,8.4,19452,14.2,2017.0,89.0,Delta_Coastal
Cyclone,11.0607,99.0539,7.6,12404,11.8,2013.0,35.0,Delta_Coastal
Cyclone,17.8842,99.7987,7.8,10180,11.6,2019.0,41.0,Inland_Plain
Landslide,6.8168,125.3679,5.3,10524,12.8,2011.0,22.0,Delta_Coastal
Landslide,27.411,97.8999,4.3,15203,7.9,2021.0,4.0,Mountain_Highland
Flood,-7.0198,118.4873,6.5,42655,13.3,2009.0,17.0,Delta_Coastal
Tsunami,4.5666,118.4549,7.9,49793,13.6,2011.0,16.0,Delta_Coastal
Earthquake,24.6103,94.8698,6.8,16854,14.3,2007.0,30.0,Inland_Plain
Drought,14.0795,107.306,8.9,3762,13.8,2020.0,142.0,Delta_Coastal
Flash Flood,1.9606,102.0092,5.4,26240,10.2,2010.0,10.0,Delta_Coastal
Cyclone,15.4933,95.1818,5.0,27673,10.0,2009.0,6.0,Delta_Coastal
Typhoon,12.7873,125.5292,7.9,9890,14.2,2013.0,50.0,Delta_Coastal
Flash Flood,4.728,111.1895,6.6,15463,10.1,2020.0,16.0,Delta_Coastal
Landslide,16.2317,98.5001,8.4,55026,12.1,2020.0,146.0,Delta_Coastal
Landslide,25.3432,95.1788,6.9,42528,14.1,2010.0,17.0,Inland_Plain
Flood,13.3081,124.208,6.4,5621,12.3,2007.0,7.0,Delta_Coastal
Landslide,27.141,100.1375,7.4,29682,14.4,2026.0,56.0,Mountain_Highland
Flash Flood,14.3063,101.5005,8.1,2966,13.1,2025.0,134.0,Delta_Coastal
Flood,16.0483,106.7013,6.5,7386,9.5,2026.0,40.0,Delta_Coastal
Landslide,6.9656,100.2757,7.4,25479,10.6,2011.0,25.0,Delta_Coastal
Landslide,27.0547,93.2641,5.2,10138,10.9,2026.0,20.0,Mountain_Highland
Volcanic Eruption,1.1982,122.4389,4.8,28272,12.4,2012.0,4.0,Delta_Coastal
Tsunami,-10.2328,134.3593,6.0,23367,14.7,2018.0,15.0,Delta_Coastal
Landslide,22.5613,100.7361,8.9,2726,17.5,2006.0,131.0,Mountain_Highland
Landslide,2.0395,113.9059,6.9,45021,10.8,2022.0,8.0,Delta_Coastal
Earthquake,13.3742,93.5138,5.5,34182,8.3,2014.0,17.0,Delta_Coastal
Tsunami,-5.9615,116.0188,8.6,40569,13.6,2026.0,177.0,Delta_Coastal
Landslide,25.7646,100.577,5.1,30729,11.7,2014.0,18.0,Mountain_Highland
Flood,19.7724,97.5233,7.4,36199,10.9,2010.0,38.0,Mountain_Highland
Tropical Cyclone,18.9592,97.9004,6.3,20036,10.2,2025.0,12.0,Inland_Plain
Landslide,9.6013,108.2815,7.1,49015,10.9,2018.0,44.0,Delta_Coastal
Earthquake,10.7658,92.6279,5.5,19179,9.3,2017.0,13.0,Delta_Coastal
Landslide,25.1505,99.5435,8.3,7873,17.3,2014.0,156.0,Mountain_Highland
Storm Surge,19.8876,105.9279,6.2,39800,11.4,2011.0,25.0,Mountain_Highland
Flood,13.8433,105.7723,6.9,41812,11.5,2012.0,38.0,Delta_Coastal
Earthquake,17.4568,96.708,6.4,43015,9.5,2025.0,9.0,Delta_Coastal
Flood,4.8592,108.6009,5.2,28041,9.7,2025.0,18.0,Delta_Coastal
Flood,24.2284,94.597,7.5,1777,15.8,2010.0,16.0,Inland_Plain
Earthquake,25.8318,101.1016,7.9,44252,13.9,2017.0,66.0,Mountain_Highland
Landslide,16.9071,102.6334,7.2,41670,11.3,2016.0,12.0,Delta_Coastal
Landslide,8.4858,122.5401,7.0,30840,11.7,2024.0,27.0,Delta_Coastal
Earthquake,17.2258,100.1813,5.6,22375,10.2,2020.0,9.0,Delta_Coastal
Storm Surge,14.0662,105.2657,8.6,34013,13.2,2010.0,160.0,Delta_Coastal
Flood,-2.7247,109.5691,8.1,3078,13.4,2007.0,138.0,Delta_Coastal
Landslide,23.2955,100.696,7.3,21958,13.3,2022.0,56.0,Mountain_Highland
Earthquake,1.7151,139.8677,6.0,21921,13.1,2021.0,20.0,Delta_Coastal
Typhoon,8.9401,102.8535,6.2,25793,10.6,2012.0,22.0,Delta_Coastal
Cyclone,26.1875,98.1637,6.3,13852,12.0,2016.0,18.0,Mountain_Highland
Flash Flood,18.3288,102.3054,6.9,636,10.9,2006.0,27.0,Inland_Plain
Flood,10.068,117.1677,7.5,35317,14.9,2021.0,15.0,Delta_Coastal
Flood,4.1944,103.2047,8.1,17726,12.3,2015.0,61.0,Delta_Coastal
Earthquake,5.3059,121.4549,5.9,20450,10.6,2021.0,13.0,Delta_Coastal
Tsunami,3.0225,112.6968,8.4,29830,14.4,2012.0,124.0,Delta_Coastal
Landslide,12.61,93.3107,6.7,10234,12.0,2013.0,26.0,Delta_Coastal
Landslide,27.4874,95.026,7.8,9165,14.8,2018.0,12.0,Inland_Plain
Tropical Cyclone,18.7259,98.5301,6.6,43109,11.8,2017.0,28.0,Inland_Plain
Landslide,4.9855,110.4205,7.8,33429,12.7,2017.0,16.0,Delta_Coastal
Flood,15.9921,102.2871,7.1,6360,12.6,2024.0,25.0,Delta_Coastal
Landslide,6.3296,125.4695,7.5,6954,12.0,2017.0,20.0,Delta_Coastal
Drought,17.9322,101.036,7.9,29492,11.5,2010.0,45.0,Inland_Plain
Volcanic Eruption,-4.9767,102.6739,6.5,35347,12.0,2008.0,11.0,Delta_Coastal
Flood,3.7765,111.8572,7.0,31579,13.5,2022.0,49.0,Delta_Coastal
Flood,13.4735,106.0976,5.4,28190,9.9,2015.0,20.0,Delta_Coastal
Earthquake,23.7121,96.555,5.8,29699,11.9,2024.0,13.0,Mountain_Highland
Earthquake,25.9437,95.4582,7.6,37575,16.1,2019.0,50.0,Inland_Plain
Landslide,10.1662,108.3952,8.2,53277,13.2,2015.0,152.0,Delta_Coastal
Landslide,19.1693,105.5724,5.9,19137,9.6,2018.0,19.0,Mountain_Highland
Landslide,8.5329,102.4433,7.4,4992,10.2,2008.0,12.0,Delta_Coastal
Landslide,16.0307,97.8566,6.0,38336,11.9,2021.0,33.0,Delta_Coastal
Drought,11.9329,103.0316,6.9,20868,10.2,2019.0,45.0,Delta_Coastal
Typhoon,18.9965,107.3687,8.8,54952,14.3,2018.0,165.0,Inland_Plain
Earthquake,11.7001,94.5234,7.3,22611,13.0,2023.0,30.0,Delta_Coastal
Earthquake,23.7465,99.165,6.8,40122,12.5,2010.0,9.0,Mountain_Highland
Landslide,12.6201,94.1418,7.4,30529,12.0,2005.0,24.0,Delta_Coastal
Flood,12.9747,93.2107,7.9,26517,12.0,2019.0,26.0,Delta_Coastal
Flash Flood,18.8364,100.1355,7.8,5177,15.4,2005.0,62.0,Inland_Plain
Flash Flood,1.2169,103.99,7.8,7222,10.5,2020.0,58.0,Delta_Coastal
Earthquake,3.3241,118.8681,6.4,33530,11.8,2024.0,7.0,Delta_Coastal
Landslide,17.8925,124.4982,8.0,16833,13.7,2005.0,69.0,Inland_Plain
Landslide,17.7984,103.0203,5.4,28612,9.4,2024.0,17.0,Inland_Plain
Volcanic Eruption,-4.7094,126.0321,7.0,15800,11.0,2015.0,22.0,Delta_Coastal
Landslide,-3.6412,119.084,7.0,25536,14.6,2023.0,10.0,Delta_Coastal
Volcanic Eruption,-0.7954,132.7403,7.3,15751,11.1,2009.0,18.0,Delta_Coastal
Landslide,10.4167,104.9208,7.1,47075,12.7,2016.0,24.0,Delta_Coastal
Landslide,18.421,96.9508,6.9,19095,12.5,2019.0,49.0,Inland_Plain
Volcanic Eruption,-1.239,102.7194,7.3,32274,14.0,2015.0,42.0,Delta_Coastal
Earthquake,11.7387,98.6711,6.8,33328,13.3,2019.0,12.0,Delta_Coastal
Landslide,19.6305,99.0361,8.0,50528,12.4,2017.0,57.0,Mountain_Highland
Storm Surge,21.9159,105.3957,4.8,16577,7.3,2022.0,7.0,Mountain_Highland
Earthquake,14.4688,99.2289,4.6,8106,10.2,2021.0,2.0,Delta_Coastal
Landslide,17.3389,105.3754,6.9,24846,10.8,2011.0,34.0,Delta_Coastal
Cyclone,17.8213,96.8709,6.6,23146,9.9,2022.0,10.0,Inland_Plain
Typhoon,5.3355,118.2293,5.9,8891,13.6,2018.0,12.0,Delta_Coastal
Landslide,15.5764,99.9719,5.0,14340,8.0,2026.0,12.0,Delta_Coastal
Flood,11.6308,95.955,6.4,4793,9.7,2011.0,22.0,Delta_Coastal
Flood,13.0025,104.2722,8.0,28843,13.7,2018.0,30.0,Delta_Coastal
Landslide,15.8706,92.9233,5.9,16417,9.6,2024.0,12.0,Delta_Coastal
Storm Surge,15.4802,106.942,6.3,2245,11.8,2022.0,29.0,Delta_Coastal
Landslide,9.7325,99.6386,7.5,18036,13.3,2021.0,53.0,Delta_Coastal
Landslide,18.6872,95.1797,6.6,40259,10.6,2017.0,42.0,Inland_Plain
Flood,15.8661,120.7533,7.3,30059,13.4,2021.0,50.0,Delta_Coastal
Landslide,23.0079,100.5517,6.4,16951,14.3,2007.0,33.0,Mountain_Highland
Landslide,14.0751,108.3805,7.9,27991,13.8,2025.0,55.0,Delta_Coastal
Landslide,-2.0922,139.8304,4.9,23938,9.4,2007.0,12.0,Delta_Coastal
Flood,21.3587,95.2177,5.9,2446,9.4,2019.0,16.0,Inland_Plain
Earthquake,23.14,96.5635,6.6,14806,12.4,2005.0,37.0,Mountain_Highland
Cyclone,12.6186,99.565,5.6,7732,10.6,2009.0,26.0,Delta_Coastal
Landslide,23.5455,95.3878,7.4,10139,15.5,2021.0,54.0,Inland_Plain
Flood,13.2038,99.1569,4.2,20033,7.9,2019.0,3.0,Delta_Coastal
Cyclone,15.7306,95.338,5.8,17033,10.8,2011.0,26.0,Delta_Coastal
Landslide,17.1056,96.4167,5.8,14342,10.7,2018.0,9.0,Delta_Coastal
Landslide,-4.8958,125.9044,8.7,5548,15.7,2007.0,67.0,Delta_Coastal
Flood,7.896,117.8385,6.1,38892,11.7,2006.0,31.0,Delta_Coastal
Earthquake,20.0983,97.4313,8.1,36718,12.2,2023.0,99.0,Mountain_Highland
Drought,12.5009,106.011,6.8,39181,9.7,2025.0,32.0,Delta_Coastal
Landslide,17.3949,101.2022,5.2,18845,8.5,2015.0,18.0,Delta_Coastal
Cyclone,16.6494,101.1649,7.5,10035,11.4,2025.0,58.0,Delta_Coastal
Landslide,15.2005,121.0197,4.9,3324,12.2,2014.0,3.0,Delta_Coastal
Landslide,-3.917,101.1743,7.0,17869,14.2,2010.0,28.0,Delta_Coastal
Flash Flood,4.3301,114.4261,6.5,2182,10.6,2017.0,32.0,Delta_Coastal
Flash Flood,6.5241,99.5601,6.7,45462,11.0,2024.0,20.0,Delta_Coastal
Earthquake,18.9684,98.1217,6.1,7894,10.6,2026.0,7.0,Inland_Plain
Flood,8.1544,122.7697,6.4,44229,11.2,2005.0,37.0,Delta_Coastal
Drought,18.5251,104.0876,6.4,1649,9.1,2025.0,26.0,Inland_Plain
Earthquake,23.221,93.5439,5.6,30387,14.3,2012.0,13.0,Mountain_Highland
Landslide,10.531,92.849,6.8,12079,10.4,2010.0,33.0,Delta_Coastal
Flood,12.7071,117.1775,5.9,20877,14.4,2021.0,5.0,Delta_Coastal
Volcanic Eruption,-9.1022,95.0595,8.0,24502,12.8,2008.0,14.0,Delta_Coastal
Earthquake,18.2492,94.6705,6.2,19733,10.3,2009.0,14.0,Inland_Plain
Cyclone,25.4417,100.1933,7.3,9484,14.3,2015.0,58.0,Mountain_Highland
Earthquake,11.8852,126.4099,4.3,13331,12.3,2008.0,4.0,Delta_Coastal
Landslide,4.3202,114.6322,5.9,2152,8.4,2020.0,20.0,Delta_Coastal
Earthquake,-1.5321,130.5955,6.3,1901,12.0,2018.0,33.0,Delta_Coastal
Drought,15.2189,100.6069,6.3,35959,10.9,2013.0,27.0,Delta_Coastal
Flood,3.2901,133.8587,5.7,10729,12.9,2013.0,10.0,Delta_Coastal
Volcanic Eruption,5.2311,120.611,6.0,3454,10.3,2016.0,31.0,Delta_Coastal
Typhoon,16.7291,107.0337,7.9,38247,11.6,2022.0,34.0,Delta_Coastal
Cyclone,10.7707,100.2664,5.9,37662,10.4,2006.0,21.0,Delta_Coastal
Landslide,17.149,100.07,5.1,4668,9.6,2018.0,10.0,Delta_Coastal
Landslide,-0.9189,118.9138,5.7,11892,14.4,2011.0,21.0,Delta_Coastal
Landslide,14.9455,94.2872,8.0,55737,10.4,2022.0,48.0,Delta_Coastal
Tropical Cyclone,9.048,102.768,5.3,10848,7.8,2010.0,4.0,Delta_Coastal
Earthquake,11.1642,121.1323,6.7,46555,12.3,2007.0,46.0,Delta_Coastal
Cyclone,12.403,100.5899,6.5,33257,11.2,2006.0,24.0,Delta_Coastal
Volcanic Eruption,15.6246,125.071,7.4,15911,13.1,2024.0,20.0,Delta_Coastal
Flood,11.5133,100.2128,6.7,20346,11.0,2012.0,18.0,Delta_Coastal
Flood,-5.0977,119.3205,6.7,26395,12.6,2025.0,15.0,Delta_Coastal
Landslide,-0.239,133.6121,5.7,34279,12.0,2016.0,20.0,Delta_Coastal
Flash Flood,3.3624,107.7039,7.5,37690,10.8,2014.0,30.0,Delta_Coastal
Earthquake,27.3808,97.7276,5.0,19962,10.5,2013.0,11.0,Mountain_Highland
Earthquake,10.7444,120.6907,6.0,6031,12.4,2014.0,32.0,Delta_Coastal
Landslide,14.3965,121.0877,6.3,16470,13.0,2020.0,9.0,Delta_Coastal
Earthquake,12.1975,125.6285,7.9,34252,13.6,2010.0,65.0,Delta_Coastal
Flood,1.6277,125.423,5.4,8753,10.4,2020.0,4.0,Delta_Coastal
Tropical Cyclone,19.2363,103.4352,7.8,6807,12.9,2022.0,46.0,Mountain_Highland
Cyclone,24.6837,93.169,7.7,6435,14.9,2009.0,11.0,Mountain_Highland
Typhoon,13.6698,106.9018,4.8,23244,10.1,2008.0,14.0,Delta_Coastal
Flood,12.5151,103.7861,7.0,5664,11.8,2017.0,21.0,Delta_Coastal
Flood,13.602,93.7817,6.0,26953,9.1,2025.0,23.0,Delta_Coastal
Landslide,6.4895,103.2411,6.1,14507,10.8,2009.0,14.0,Delta_Coastal
Earthquake,17.8484,98.9559,8.1,8807,14.4,2010.0,158.0,Inland_Plain
Flash Flood,1.2006,103.9873,6.7,4329,12.2,2009.0,35.0,Delta_Coastal
Cyclone,21.7894,95.5594,6.1,5818,9.2,2016.0,12.0,Inland_Plain
Flood,-2.9046,124.2597,6.7,32478,10.9,2016.0,27.0,Delta_Coastal
Landslide,5.0961,117.0426,6.2,4597,11.2,2005.0,11.0,Delta_Coastal
Landslide,21.6773,94.0329,5.6,2148,11.6,2023.0,17.0,Mountain_Highland
Earthquake,11.1101,122.4808,4.9,19677,10.8,2009.0,12.0,Delta_Coastal
Earthquake,25.728,97.5548,6.4,19078,12.2,2026.0,9.0,Mountain_Highland
Landslide,9.2073,109.3762,7.6,22863,12.8,2024.0,32.0,Delta_Coastal
Earthquake,16.3355,99.2718,8.4,6869,12.7,2014.0,119.0,Delta_Coastal
Tropical Cyclone,7.9441,101.4558,8.3,51684,12.7,2015.0,62.0,Delta_Coastal
Storm Surge,17.8142,104.6609,5.8,21382,11.2,2005.0,10.0,Inland_Plain
Landslide,2.3067,110.9839,6.5,17927,11.3,2013.0,17.0,Delta_Coastal
Typhoon,12.3235,108.4426,6.5,37046,11.8,2020.0,33.0,Delta_Coastal
Landslide,7.921,99.1004,5.2,24823,9.0,2019.0,6.0,Delta_Coastal
Landslide,15.1686,92.8547,6.7,19578,9.5,2007.0,44.0,Delta_Coastal
Flood,11.4754,100.8843,6.4,20519,10.4,2010.0,8.0,Delta_Coastal
Flash Flood,16.4559,105.0355,8.0,5704,14.3,2010.0,71.0,Delta_Coastal
Landslide,10.8059,103.3289,8.7,32651,12.8,2020.0,112.0,Delta_Coastal
Flash Flood,21.0193,102.9536,6.6,5438,12.1,2013.0,29.0,Mountain_Highland
Flood,13.3336,96.1666,8.3,16425,12.0,2013.0,142.0,Delta_Coastal
Tropical Cyclone,15.8212,104.3948,7.0,1703,12.7,2007.0,50.0,Delta_Coastal
Earthquake,26.2268,94.9339,7.6,26323,13.1,2025.0,43.0,Inland_Plain
Landslide,9.4877,103.4871,5.6,28292,11.7,2023.0,18.0,Delta_Coastal
Flash Flood,13.0994,103.9363,5.4,33997,8.9,2007.0,18.0,Delta_Coastal
Flood,15.2475,104.7818,6.2,24669,9.0,2007.0,12.0,Delta_Coastal
Flood,2.4222,110.1405,8.0,40230,13.0,2016.0,12.0,Delta_Coastal
Flood,21.5574,95.1894,5.3,32623,10.7,2013.0,22.0,Inland_Plain
Volcanic Eruption,-3.101,114.6951,7.9,31064,13.2,2009.0,39.0,Delta_Coastal
Earthquake,-6.6194,125.4781,7.8,18690,15.5,2010.0,23.0,Delta_Coastal
Landslide,2.0459,123.5776,7.2,11855,11.2,2025.0,53.0,Delta_Coastal
Earthquake,23.6261,93.5081,5.4,2007,12.0,2013.0,19.0,Mountain_Highland
Cyclone,22.5599,97.7037,6.9,26102,12.7,2007.0,37.0,Mountain_Highland
Earthquake,23.0869,100.8361,6.0,21900,11.1,2010.0,15.0,Mountain_Highland
Landslide,9.2028,117.6975,7.3,13135,15.5,2012.0,25.0,Delta_Coastal
Flood,-5.1391,128.3155,7.8,51949,16.5,2009.0,50.0,Delta_Coastal
Drought,10.556,105.1308,7.1,4099,12.4,2010.0,17.0,Delta_Coastal
Earthquake,-9.6059,107.8728,6.3,21131,12.8,2016.0,38.0,Delta_Coastal
Cyclone,21.5153,97.638,6.4,19784,9.4,2014.0,41.0,Mountain_Highland
Flash Flood,5.2123,109.5252,4.5,13666,9.1,2014.0,3.0,Delta_Coastal
Earthquake,20.2001,100.7077,9.0,54419,14.0,2018.0,182.0,Mountain_Highland
Drought,13.2257,106.3942,8.2,15274,11.6,2008.0,99.0,Delta_Coastal
Flood,26.6511,97.6119,5.4,24659,10.8,2009.0,21.0,Mountain_Highland
Landslide,15.7222,98.9256,6.2,10129,9.7,2017.0,31.0,Delta_Coastal
Flood,16.6755,100.7178,5.5,2168,9.4,2021.0,23.0,Delta_Coastal
Flood,-4.5055,124.3542,7.7,37885,14.7,2013.0,31.0,Delta_Coastal
Typhoon,20.7012,108.5606,5.2,20765,9.0,2022.0,14.0,Mountain_Highland
Tropical Cyclone,13.012,100.1977,8.0,52110,12.0,2012.0,31.0,Delta_Coastal
Flood,7.7528,119.0498,8.5,4370,16.1,2008.0,72.0,Delta_Coastal
Typhoon,13.838,104.4743,4.6,15405,9.3,2007.0,8.0,Delta_Coastal
Landslide,2.0621,117.9552,7.5,5700,12.6,2026.0,14.0,Delta_Coastal
Flood,5.1175,118.9378,8.1,2151,15.8,2012.0,122.0,Delta_Coastal
Volcanic Eruption,15.406,118.4462,8.2,39148,14.5,2024.0,103.0,Delta_Coastal
Earthquake,11.7887,93.7811,8.7,42285,13.2,2022.0,106.0,Delta_Coastal
Tsunami,-1.3358,139.8533,5.8,20709,10.8,2023.0,14.0,Delta_Coastal
Tsunami,0.3946,123.9005,8.0,52110,14.8,2009.0,17.0,Delta_Coastal
Earthquake,2.369,126.0591,5.7,13343,13.9,2011.0,7.0,Delta_Coastal
Earthquake,16.7714,117.8494,4.9,3401,10.9,2022.0,8.0,Delta_Coastal
Coastal Surge,1.2321,103.8332,8.2,7137,13.9,2005.0,82.0,Delta_Coastal
Earthquake,27.0424,98.8239,5.2,28798,12.0,2005.0,14.0,Mountain_Highland
Cyclone,16.8916,94.003,6.6,12763,11.2,2019.0,17.0,Delta_Coastal
Landslide,13.2089,107.7094,5.8,34088,9.9,2006.0,26.0,Delta_Coastal
Landslide,20.3138,108.9933,6.3,22009,9.7,2015.0,36.0,Mountain_Highland
Flood,19.8601,106.6095,6.8,2564,13.8,2017.0,33.0,Mountain_Highland
Earthquake,13.9631,98.082,7.3,38958,13.0,2020.0,20.0,Delta_Coastal
Volcanic Eruption,13.1994,123.3773,6.7,10094,11.2,2020.0,12.0,Delta_Coastal
Tropical Cyclone,18.5693,99.662,7.2,42428,11.5,2018.0,16.0,Inland_Plain
Drought,13.9569,99.1719,5.9,5846,11.3,2018.0,8.0,Delta_Coastal
Landslide,7.029,124.2559,6.8,28361,12.6,2026.0,37.0,Delta_Coastal
Volcanic Eruption,13.0244,123.3059,5.9,7229,10.8,2008.0,31.0,Delta_Coastal
Landslide,17.6375,101.4568,8.2,6023,12.8,2008.0,103.0,Inland_Plain
Flood,16.839,96.9193,4.6,5355,7.9,2015.0,7.0,Delta_Coastal
Flood,11.2468,98.0194,6.2,37291,10.7,2017.0,8.0,Delta_Coastal
Flood,21.8688,96.2642,6.6,39292,10.6,2018.0,28.0,Inland_Plain
Landslide,23.5774,101.4205,7.2,9895,13.7,2025.0,30.0,Mountain_Highland
Typhoon,10.8983,117.7047,7.3,7187,14.2,2025.0,36.0,Delta_Coastal
Flood,-7.9585,136.6374,5.3,26438,12.8,2017.0,7.0,Delta_Coastal
Coastal Surge,1.323,103.6343,7.3,6302,13.7,2016.0,38.0,Delta_Coastal
Earthquake,13.1755,98.9197,6.1,9114,9.8,2008.0,7.0,Delta_Coastal
Flash Flood,12.2585,104.141,7.6,24633,11.3,2024.0,53.0,Delta_Coastal
Flood,-4.4727,111.0906,6.2,25330,12.1,2026.0,23.0,Delta_Coastal
Earthquake,11.552,99.0151,6.0,12992,9.0,2013.0,21.0,Delta_Coastal
Flood,14.3154,124.9641,7.4,17429,13.2,2011.0,40.0,Delta_Coastal
Landslide,27.2783,100.3848,5.6,26724,12.6,2014.0,9.0,Mountain_Highland
Landslide,26.0785,101.4324,7.9,14717,12.8,2012.0,56.0,Mountain_Highland
Tsunami,-5.5914,100.9018,4.8,23686,10.0,2005.0,3.0,Delta_Coastal
Earthquake,-0.8974,98.8097,8.5,26210,15.6,2016.0,61.0,Delta_Coastal
Tropical Cyclone,19.2602,101.3837,7.0,42812,11.4,2007.0,12.0,Mountain_Highland
Cyclone,24.4188,94.4735,8.5,21389,16.4,2023.0,135.0,Mountain_Highland
Earthquake,24.8459,97.261,6.4,32641,14.6,2017.0,40.0,Mountain_Highland
Cyclone,22.8241,99.6946,7.1,8431,13.2,2010.0,24.0,Mountain_Highland
Flood,9.8457,122.6232,6.6,20995,13.4,2018.0,46.0,Delta_Coastal
Earthquake,22.9426,94.6833,6.3,41998,13.6,2012.0,12.0,Inland_Plain
Flash Flood,14.0754,103.5414,4.6,18478,7.1,2011.0,4.0,Delta_Coastal
Volcanic Eruption,3.0616,111.1148,6.4,36846,10.2,2024.0,41.0,Delta_Coastal
Flood,10.7324,98.0576,4.7,9317,10.5,2012.0,4.0,Delta_Coastal
Landslide,23.5071,100.3678,6.4,32352,11.3,2017.0,39.0,Mountain_Highland
Flash Flood,16.2777,104.2104,6.3,3943,12.2,2020.0,11.0,Delta_Coastal
Flash Flood,2.9008,117.2703,6.1,23394,12.6,2014.0,14.0,Delta_Coastal
Earthquake,16.3164,92.9893,7.0,24550,10.9,2015.0,18.0,Delta_Coastal
Typhoon,12.0597,125.9928,7.2,29604,13.1,2008.0,57.0,Delta_Coastal
Cyclone,27.3572,96.3502,9.0,17361,17.7,2007.0,116.0,Inland_Plain
Typhoon,14.3078,117.0248,6.7,20476,12.5,2021.0,21.0,Delta_Coastal
Landslide,6.2081,117.3515,7.3,23532,14.3,2023.0,11.0,Delta_Coastal
Flood,22.0253,104.3847,6.4,13902,11.6,2025.0,13.0,Mountain_Highland
Landslide,21.684,102.8331,7.1,856,13.5,2012.0,45.0,Mountain_Highland
Drought,6.961,98.2166,4.7,17233,8.2,2018.0,9.0,Delta_Coastal
Landslide,18.8516,98.9669,5.5,10434,10.3,2025.0,16.0,Inland_Plain
Cyclone,19.8637,93.1653,7.1,45756,11.2,2019.0,51.0,Mountain_Highland
Earthquake,23.1191,92.8631,5.9,1562,12.9,2012.0,19.0,Mountain_Highland
Flood,16.0355,100.0515,6.1,23310,10.7,2022.0,11.0,Delta_Coastal
Landslide,13.8423,98.8371,6.2,23595,9.1,2020.0,39.0,Delta_Coastal
Storm Surge,11.556,105.7336,4.5,30455,10.8,2022.0,2.0,Delta_Coastal
Cyclone,11.9981,97.8548,7.0,7188,13.2,2026.0,27.0,Delta_Coastal
Flash Flood,12.963,106.9837,8.2,19214,13.7,2005.0,103.0,Delta_Coastal
Landslide,22.6974,102.6924,7.9,32574,14.3,2005.0,45.0,Mountain_Highland
Flood,17.2152,120.8625,7.9,33860,15.1,2015.0,30.0,Delta_Coastal
Landslide,13.1604,92.8935,6.3,21427,10.7,2026.0,9.0,Delta_Coastal
Landslide,21.2859,95.4814,8.7,12613,13.4,2023.0,72.0,Inland_Plain
Cyclone,15.679,98.7919,7.1,16364,11.3,2017.0,44.0,Delta_Coastal
Flood,2.9106,116.207,6.6,40629,12.1,2024.0,26.0,Delta_Coastal
Landslide,-7.4167,120.8771,7.5,33477,12.5,2013.0,53.0,Delta_Coastal
Typhoon,11.8324,106.7003,6.1,9901,9.3,2013.0,16.0,Delta_Coastal
Earthquake,10.2474,119.8873,8.3,25469,14.4,2022.0,179.0,Delta_Coastal
Flood,15.0484,100.7592,8.8,13999,11.9,2021.0,91.0,Delta_Coastal
Flood,-5.5887,133.5944,5.9,16191,13.4,2018.0,17.0,Delta_Coastal
Flood,11.7016,95.8124,7.1,40799,11.3,2014.0,45.0,Delta_Coastal
Flood,12.1354,100.2347,6.2,34863,10.1,2025.0,24.0,Delta_Coastal
Drought,14.6383,99.166,5.6,27039,8.8,2025.0,15.0,Delta_Coastal
Earthquake,21.5068,97.3051,7.0,33724,13.4,2018.0,43.0,Mountain_Highland
Flood,20.3026,102.3037,7.5,7371,11.9,2019.0,22.0,Mountain_Highland
Landslide,12.9273,94.208,7.8,40954,11.0,2009.0,25.0,Delta_Coastal
Flash Flood,14.3336,104.866,5.5,21253,9.9,2023.0,10.0,Delta_Coastal
Flood,25.1635,95.9211,6.6,32879,14.0,2026.0,33.0,Inland_Plain
Flood,15.6419,106.6728,5.5,3235,12.9,2010.0,22.0,Delta_Coastal
Landslide,24.2986,94.4472,6.4,29024,12.0,2005.0,22.0,Mountain_Highland
Landslide,13.4074,99.8345,5.5,16640,8.6,2015.0,12.0,Delta_Coastal
Landslide,11.2743,99.291,5.3,31665,10.4,2022.0,4.0,Delta_Coastal
Earthquake,14.4109,98.0422,6.0,21406,9.7,2009.0,25.0,Delta_Coastal
Storm Surge,11.2991,107.1027,6.9,3342,11.8,2010.0,23.0,Delta_Coastal
Landslide,24.5967,94.7732,6.3,29160,11.9,2012.0,33.0,Inland_Plain
Flood,21.5905,97.3805,8.6,29986,13.0,2015.0,170.0,Mountain_Highland
Cyclone,26.3476,97.0981,6.7,25086,13.7,2009.0,26.0,Mountain_Highland
Flood,-1.816,95.4811,5.7,31129,13.8,2016.0,21.0,Delta_Coastal
Landslide,24.1022,99.1956,8.3,25376,16.4,2013.0,95.0,Mountain_Highland
Typhoon,18.5757,108.6989,6.2,19227,11.4,2023.0,26.0,Inland_Plain
Volcanic Eruption,16.0018,122.0949,5.5,35603,11.0,2020.0,8.0,Delta_Coastal
Cyclone,15.7027,98.3451,7.6,47439,12.5,2020.0,31.0,Delta_Coastal
Landslide,13.9523,104.3762,6.3,23832,12.1,2017.0,27.0,Delta_Coastal
Volcanic Eruption,-5.5839,116.2941,8.2,3476,12.6,2006.0,75.0,Delta_Coastal
Storm Surge,21.7148,108.1292,6.8,19193,9.4,2006.0,35.0,Mountain_Highland
Flood,14.8004,101.2687,6.8,12613,9.3,2014.0,28.0,Delta_Coastal
Landslide,27.3642,94.7657,6.4,23991,12.8,2025.0,17.0,Inland_Plain
Drought,14.3493,104.4441,8.2,53978,14.1,2008.0,94.0,Delta_Coastal
Landslide,18.1247,97.3324,7.5,32844,11.8,2020.0,20.0,Inland_Plain
Flood,3.0924,100.2317,7.9,5013,14.5,2021.0,68.0,Delta_Coastal
Cyclone,10.0486,96.917,6.3,14238,9.5,2005.0,9.0,Delta_Coastal
Typhoon,7.2815,119.6554,7.7,38664,13.7,2007.0,17.0,Delta_Coastal
Tsunami,1.709,113.6601,8.1,43437,14.5,2021.0,124.0,Delta_Coastal
Volcanic Eruption,-8.5849,95.5423,6.4,42360,12.7,2025.0,16.0,Delta_Coastal
Landslide,24.931,93.4059,5.1,1587,13.6,2025.0,5.0,Mountain_Highland
Tropical Cyclone,16.4563,105.4592,8.8,3363,13.2,2013.0,79.0,Delta_Coastal
Flash Flood,10.8485,105.099,7.9,40661,12.6,2017.0,14.0,Delta_Coastal
Landslide,11.6895,104.6996,6.6,20837,10.8,2008.0,34.0,Delta_Coastal
Flash Flood,4.0312,100.3541,7.3,42652,10.9,2005.0,21.0,Delta_Coastal
Volcanic Eruption,7.9695,119.0749,6.1,10050,13.8,2010.0,26.0,Delta_Coastal
Flash Flood,21.738,104.6432,8.0,5265,14.0,2010.0,71.0,Mountain_Highland
Storm Surge,14.1479,106.0493,6.7,22490,11.3,2005.0,38.0,Delta_Coastal
Earthquake,17.9547,101.1705,6.8,18006,10.9,2023.0,23.0,Inland_Plain
Flash Flood,11.3193,103.7484,6.5,6516,11.1,2012.0,18.0,Delta_Coastal
Cyclone,11.9665,92.9908,8.4,17939,12.2,2008.0,113.0,Delta_Coastal
Volcanic Eruption,2.5481,127.9022,6.5,16879,12.1,2025.0,37.0,Delta_Coastal
Typhoon,5.3676,117.5088,8.0,50728,15.4,2012.0,51.0,Delta_Coastal
Landslide,16.0206,97.5909,6.2,23216,10.7,2013.0,8.0,Delta_Coastal
Flash Flood,11.9572,106.045,7.3,38065,11.3,2017.0,49.0,Delta_Coastal
Typhoon,17.6637,122.3947,7.4,11366,14.8,2017.0,58.0,Inland_Plain
Cyclone,15.1541,97.0159,6.8,8325,9.4,2006.0,31.0,Delta_Coastal
Flood,12.3492,104.6061,4.6,26532,10.6,2017.0,9.0,Delta_Coastal
Volcanic Eruption,6.4987,122.6685,7.0,21393,12.1,2011.0,32.0,Delta_Coastal
Cyclone,25.589,93.8218,5.6,14333,13.8,2026.0,24.0,Mountain_Highland
Landslide,24.9137,93.8119,6.2,29990,12.1,2014.0,26.0,Mountain_Highland
Landslide,26.9192,95.4844,7.6,12073,14.2,2023.0,47.0,Inland_Plain
Landslide,17.9007,104.1011,8.2,27865,12.0,2019.0,171.0,Inland_Plain
Drought,12.1074,105.0456,6.9,7104,10.2,2023.0,42.0,Delta_Coastal
Flood,12.117,103.0207,5.9,29380,10.5,2006.0,26.0,Delta_Coastal
Tropical Cyclone,17.6675,101.0624,6.9,34878,11.0,2011.0,18.0,Inland_Plain
Earthquake,13.2578,125.4843,6.4,32840,12.2,2019.0,9.0,Delta_Coastal
Cyclone,20.3331,93.6538,6.3,3480,10.2,2016.0,21.0,Mountain_Highland
Landslide,11.7609,97.9622,6.6,41404,10.3,2007.0,30.0,Delta_Coastal
Flood,-0.7405,97.2528,4.3,13666,10.4,2006.0,2.0,Delta_Coastal
Flood,8.743,123.496,6.0,20727,12.5,2022.0,19.0,Delta_Coastal
Earthquake,26.0504,96.8088,7.5,22728,13.7,2023.0,35.0,Mountain_Highland
Flood,-1.6108,109.0893,6.6,44259,11.8,2016.0,23.0,Delta_Coastal
Volcanic Eruption,-9.0622,136.9056,6.0,20484,12.1,2022.0,12.0,Delta_Coastal
Flood,18.8437,92.7388,5.7,32482,9.8,2010.0,22.0,Mountain_Highland
Storm Surge,15.4446,102.7336,6.4,28670,9.6,2011.0,20.0,Delta_Coastal
Flood,14.6999,106.197,8.2,4862,15.0,2017.0,123.0,Delta_Coastal
Typhoon,16.4187,124.7368,8.0,41219,15.6,2005.0,35.0,Delta_Coastal
Flood,-0.3054,126.2009,7.2,28909,11.9,2006.0,18.0,Delta_Coastal
Typhoon,11.4142,102.747,7.2,48078,11.4,2008.0,57.0,Delta_Coastal
Typhoon,9.1447,123.0615,4.9,4925,11.6,2015.0,3.0,Delta_Coastal
Volcanic Eruption,-2.6547,112.004,7.0,27945,11.9,2014.0,48.0,Delta_Coastal
Tropical Cyclone,16.3342,99.2989,6.6,14987,10.3,2023.0,12.0,Delta_Coastal
Earthquake,11.1867,97.2967,7.3,19077,12.9,2018.0,57.0,Delta_Coastal
Flood,15.1475,97.3119,6.4,7787,10.1,2010.0,15.0,Delta_Coastal
Flood,11.815,100.701,6.7,39818,9.8,2026.0,43.0,Delta_Coastal
Landslide,20.6377,104.2952,6.1,1432,11.6,2017.0,11.0,Mountain_Highland
Flood,11.0313,96.9408,6.4,29621,11.5,2005.0,16.0,Delta_Coastal
Earthquake,26.2497,98.3489,7.1,9333,14.1,2022.0,39.0,Mountain_Highland
Typhoon,19.1103,102.8668,7.6,10982,11.2,2023.0,48.0,Mountain_Highland
Flash Flood,2.9881,101.074,8.1,46915,12.2,2026.0,118.0,Delta_Coastal
Tsunami,-7.8342,114.6162,7.2,35583,14.2,2022.0,32.0,Delta_Coastal
Flood,18.5082,126.254,7.0,44563,14.3,2020.0,51.0,Inland_Plain
Drought,13.9827,104.101,6.9,26657,13.2,2005.0,44.0,Delta_Coastal
Flood,23.7308,99.7675,5.7,8381,12.4,2006.0,22.0,Mountain_Highland
Landslide,12.0548,99.4352,5.7,11871,10.5,2009.0,10.0,Delta_Coastal
Landslide,23.6457,94.9244,8.3,53005,14.0,2016.0,126.0,Inland_Plain
Flood,0.469,130.2172,7.6,9414,11.6,2021.0,17.0,Delta_Coastal
Drought,14.0431,99.8476,8.2,26563,14.6,2005.0,63.0,Delta_Coastal
Flood,14.8375,94.2435,7.6,48778,12.3,2016.0,26.0,Delta_Coastal
Flood,18.4539,96.8931,8.0,47808,12.5,2026.0,43.0,Inland_Plain
Drought,8.7247,104.7108,6.0,22380,10.4,2025.0,13.0,Delta_Coastal
Flood,12.9433,92.7141,7.3,36952,12.4,2007.0,43.0,Delta_Coastal
Cyclone,15.3989,96.1883,6.9,16441,11.3,2024.0,23.0,Delta_Coastal
Storm Surge,12.3864,107.4452,7.4,8461,11.7,2024.0,20.0,Delta_Coastal
Flood,-0.8866,108.7839,7.4,5640,14.8,2019.0,20.0,Delta_Coastal
Landslide,3.113,126.7335,6.9,37580,11.5,2025.0,51.0,Delta_Coastal
Flood,21.7113,103.2582,7.9,6568,15.6,2013.0,18.0,Mountain_Highland
Landslide,0.2394,137.2388,7.8,15838,16.5,2007.0,39.0,Delta_Coastal
Drought,10.0473,97.8193,7.9,15389,14.1,2019.0,33.0,Delta_Coastal
Cyclone,25.7309,96.6873,6.0,13623,13.7,2018.0,26.0,Mountain_Highland
Flash Flood,20.9714,104.0463,7.9,4362,13.2,2015.0,30.0,Mountain_Highland
Tropical Cyclone,12.2391,103.7283,8.0,2729,11.2,2019.0,23.0,Delta_Coastal
Flood,14.0606,97.7976,5.8,4640,11.3,2007.0,6.0,Delta_Coastal
Earthquake,11.6575,98.1248,7.0,7524,11.0,2011.0,21.0,Delta_Coastal
Cyclone,13.3213,95.2947,6.7,27352,11.3,2011.0,11.0,Delta_Coastal
Earthquake,23.7462,95.7063,5.2,13062,13.5,2024.0,18.0,Inland_Plain
Landslide,25.8347,97.7567,7.3,37854,12.9,2018.0,36.0,Mountain_Highland
Typhoon,22.0674,104.1148,6.1,4005,12.7,2017.0,28.0,Mountain_Highland
Landslide,15.4701,101.1263,6.8,21851,12.4,2023.0,41.0,Delta_Coastal
Flash Flood,1.2704,103.7209,6.1,1201,10.8,2026.0,7.0,Delta_Coastal
Tropical Cyclone,13.6293,100.6672,6.3,15038,10.3,2012.0,37.0,Delta_Coastal
Earthquake,25.3559,96.3015,4.4,7019,10.6,2010.0,7.0,Inland_Plain
Landslide,13.849,93.7247,8.2,31904,14.8,2015.0,152.0,Delta_Coastal
Storm Surge,10.7671,102.5387,6.4,18520,10.2,2020.0,26.0,Delta_Coastal
Earthquake,20.5835,97.3268,7.7,20532,11.7,2011.0,40.0,Mountain_Highland
Volcanic Eruption,-3.9992,120.108,6.8,38802,13.8,2024.0,28.0,Delta_Coastal
Drought,6.8216,102.6833,6.9,8411,11.0,2017.0,17.0,Delta_Coastal
Tropical Cyclone,9.7821,104.5904,8.1,1822,11.7,2024.0,141.0,Delta_Coastal
Flood,22.211,97.7997,6.9,37896,13.6,2026.0,13.0,Mountain_Highland
Tsunami,0.9809,127.3792,7.2,20429,14.5,2021.0,25.0,Delta_Coastal
Landslide,15.0537,94.1263,8.1,23156,11.4,2020.0,65.0,Delta_Coastal
Flood,19.9831,98.3877,5.6,6139,8.8,2006.0,28.0,Mountain_Highland
Volcanic Eruption,8.2192,120.2714,8.7,4583,16.1,2026.0,72.0,Delta_Coastal
Flood,4.8771,106.5257,7.0,39491,10.4,2024.0,22.0,Delta_Coastal
Earthquake,25.422,94.0365,7.5,2455,14.3,2012.0,35.0,Mountain_Highland
Landslide,26.7583,100.7881,4.9,23416,11.4,2019.0,4.0,Mountain_Highland
Flood,21.0104,92.8797,8.3,14946,12.9,2026.0,60.0,Mountain_Highland
Flood,17.109,99.3679,6.8,14426,11.7,2017.0,22.0,Delta_Coastal
Tropical Cyclone,6.0076,104.5181,6.9,18558,10.5,2022.0,32.0,Delta_Coastal
Earthquake,-3.4384,135.3514,7.9,25401,15.5,2015.0,63.0,Delta_Coastal
Cyclone,18.1361,93.2438,7.2,11008,11.8,2009.0,37.0,Mountain_Highland
Flood,20.732,95.996,7.7,31080,13.3,2014.0,26.0,Inland_Plain
Earthquake,26.4081,99.9518,6.4,37507,11.8,2016.0,21.0,Mountain_Highland
Landslide,3.3907,105.4695,5.6,38321,11.2,2012.0,14.0,Delta_Coastal
Cyclone,13.2623,97.0059,6.6,3178,10.5,2010.0,8.0,Delta_Coastal
Flood,15.069,101.1022,4.9,13194,10.3,2007.0,4.0,Delta_Coastal
Typhoon,13.6091,118.4846,7.7,10381,14.3,2020.0,53.0,Delta_Coastal
Volcanic Eruption,7.5184,124.7656,6.6,35255,10.7,2010.0,28.0,Delta_Coastal
Flood,20.3192,94.3795,6.9,2025,12.3,2010.0,25.0,Mountain_Highland
Flash Flood,3.9537,109.6678,5.8,12445,10.9,2026.0,25.0,Delta_Coastal
Landslide,12.8046,94.1806,5.6,22706,10.7,2020.0,21.0,Delta_Coastal
Cyclone,20.4977,101.3327,7.3,14178,12.4,2026.0,33.0,Mountain_Highland
Landslide,-4.3341,134.913,7.2,37550,13.9,2007.0,26.0,Delta_Coastal
Flood,17.9782,103.2374,4.8,21578,8.2,2017.0,3.0,Inland_Plain
Earthquake,26.8023,93.7967,7.2,36652,14.3,2006.0,9.0,Mountain_Highland
Landslide,9.2955,118.3836,8.9,54069,14.1,2025.0,107.0,Delta_Coastal
Landslide,5.358,139.7593,6.5,1576,13.1,2015.0,32.0,Delta_Coastal
Earthquake,2.8727,134.3714,8.5,5878,14.6,2005.0,139.0,Delta_Coastal
Landslide,17.465,118.4006,7.9,52288,14.4,2011.0,34.0,Delta_Coastal
Landslide,19.6924,105.7442,7.0,3935,12.4,2009.0,23.0,Mountain_Highland
Flood,21.0759,95.4206,5.6,21385,10.2,2023.0,23.0,Inland_Plain
Flood,-2.3122,97.4428,7.3,13978,12.8,2011.0,32.0,Delta_Coastal
Drought,13.9764,103.2868,6.2,31891,9.2,2008.0,37.0,Delta_Coastal
Flood,12.2003,124.5965,7.3,1830,13.1,2025.0,55.0,Delta_Coastal
Landslide,8.8876,103.3646,6.8,10879,10.5,2014.0,21.0,Delta_Coastal
Volcanic Eruption,13.6683,121.9525,7.4,5954,14.2,2023.0,37.0,Delta_Coastal
Tsunami,-9.7787,134.1561,7.1,37706,14.5,2012.0,23.0,Delta_Coastal
Cyclone,10.0148,97.5403,8.7,14248,13.1,2017.0,169.0,Delta_Coastal
Flood,10.4852,99.7479,5.3,30096,11.5,2017.0,9.0,Delta_Coastal
Flood,21.9617,99.1542,7.8,41572,13.5,2023.0,64.0,Mountain_Highland
Flood,15.4784,100.6523,8.1,21925,13.5,2018.0,125.0,Delta_Coastal
Flood,2.5166,117.0745,6.1,9583,10.2,2009.0,28.0,Delta_Coastal
Volcanic Eruption,14.7006,117.0409,8.6,11668,16.3,2025.0,71.0,Delta_Coastal
Flood,4.7587,103.6201,7.8,43077,12.0,2022.0,20.0,Delta_Coastal
Landslide,16.6702,99.2136,7.9,42653,12.2,2026.0,55.0,Delta_Coastal
Earthquake,19.9393,93.4657,8.7,34189,14.2,2009.0,153.0,Mountain_Highland
Landslide,-8.4671,121.4368,8.3,56428,13.8,2013.0,99.0,Delta_Coastal
Landslide,12.2569,124.1258,7.8,26148,12.9,2017.0,64.0,Delta_Coastal
Flood,-7.7056,115.8654,5.6,15078,13.4,2025.0,5.0,Delta_Coastal
Flood,19.8949,100.8924,5.0,18271,9.2,2011.0,5.0,Mountain_Highland
Cyclone,23.7032,101.1182,8.0,14284,16.7,2019.0,40.0,Mountain_Highland
Landslide,0.7128,135.7539,6.7,13114,13.1,2006.0,8.0,Delta_Coastal
Landslide,6.8565,111.0663,6.1,37722,11.9,2014.0,33.0,Delta_Coastal
Flood,9.7067,126.0646,7.8,48080,12.6,2020.0,54.0,Delta_Coastal
Volcanic Eruption,-2.8437,106.0293,7.3,34898,12.0,2022.0,49.0,Delta_Coastal
Drought,12.5928,105.4917,7.2,3195,11.7,2005.0,52.0,Delta_Coastal
Landslide,16.8134,120.318,8.4,41830,15.2,2015.0,170.0,Delta_Coastal
Flood,21.8651,93.5519,4.6,14205,8.0,2023.0,6.0,Mountain_Highland
Typhoon,12.7486,121.1933,7.1,30116,14.6,2006.0,9.0,Delta_Coastal
Flood,1.3402,103.7636,7.9,13627,13.1,2007.0,44.0,Delta_Coastal
Flood,13.1262,101.1252,6.4,32906,11.7,2016.0,30.0,Delta_Coastal
Cyclone,22.5308,100.9924,4.7,13358,10.2,2021.0,6.0,Mountain_Highland
Cyclone,15.0784,94.8562,7.0,24182,10.4,2009.0,48.0,Delta_Coastal
Flood,-6.125,132.0956,6.3,34560,12.5,2015.0,8.0,Delta_Coastal
Landslide,-4.9062,111.445,8.8,44698,13.4,2023.0,101.0,Delta_Coastal
Cyclone,21.5717,94.7285,7.1,9323,10.7,2005.0,34.0,Inland_Plain
Flash Flood,11.2284,106.3458,6.1,33290,10.9,2010.0,8.0,Delta_Coastal
Flood,9.3041,121.2729,6.8,10255,14.4,2024.0,31.0,Delta_Coastal
Flood,9.9622,117.7623,7.1,41564,14.9,2023.0,20.0,Delta_Coastal
Flood,17.2622,97.5826,6.3,32433,10.1,2015.0,13.0,Delta_Coastal
Landslide,9.6184,108.4768,7.9,50299,12.6,2022.0,43.0,Delta_Coastal
Landslide,12.925,98.0648,6.9,14886,11.4,2015.0,46.0,Delta_Coastal
Flood,16.1373,100.4036,7.0,2977,14.9,2011.0,42.0,Delta_Coastal
Flood,23.1006,93.6459,7.0,48150,13.7,2024.0,32.0,Mountain_Highland
Earthquake,13.5672,93.4937,6.0,23490,9.7,2021.0,7.0,Delta_Coastal
Earthquake,15.4458,100.467,7.5,15990,12.4,2021.0,41.0,Delta_Coastal
Landslide,1.817,107.1484,7.8,34589,12.9,2006.0,16.0,Delta_Coastal
Flash Flood,14.4272,106.5453,4.7,19773,10.1,2024.0,11.0,Delta_Coastal
Volcanic Eruption,14.8495,120.1659,5.8,15274,13.4,2018.0,26.0,Delta_Coastal
Typhoon,16.1066,118.0238,6.9,9811,14.5,2005.0,45.0,Delta_Coastal
Earthquake,-2.9595,126.4923,7.5,40858,12.6,2019.0,44.0,Delta_Coastal
Landslide,2.6551,109.4218,4.2,2506,7.5,2021.0,2.0,Delta_Coastal
Flood,10.0983,95.2935,5.2,26180,7.8,2025.0,8.0,Delta_Coastal
Cyclone,16.0997,97.4635,6.1,40860,11.0,2011.0,27.0,Delta_Coastal
Landslide,17.9478,107.3024,7.1,1890,16.1,2018.0,29.0,Inland_Plain
Flood,23.9558,98.058,6.5,24640,12.2,2023.0,25.0,Mountain_Highland
Landslide,9.5318,105.2463,6.0,39278,11.5,2008.0,24.0,Delta_Coastal
Earthquake,16.5095,96.3265,5.6,19183,9.6,2019.0,15.0,Delta_Coastal
Earthquake,-6.7028,110.1258,6.5,36483,14.1,2011.0,21.0,Delta_Coastal
Earthquake,20.6149,95.0337,8.2,42633,12.8,2009.0,148.0,Inland_Plain
Flood,18.9146,124.2976,7.1,35336,13.5,2023.0,28.0,Inland_Plain
Drought,14.4345,103.6073,6.8,41992,10.6,2026.0,37.0,Delta_Coastal
Flood,19.8321,96.4444,6.2,22426,10.3,2007.0,35.0,Inland_Plain
Flood,16.4069,100.4749,7.7,49564,11.8,2019.0,58.0,Delta_Coastal
Flood,-0.432,102.5143,8.0,47886,13.8,2006.0,62.0,Delta_Coastal
Landslide,19.8437,96.0122,7.0,20385,11.1,2021.0,29.0,Inland_Plain
Typhoon,10.9752,108.8933,7.9,18751,10.6,2010.0,41.0,Delta_Coastal
Flash Flood,6.053,118.9994,6.3,39536,10.7,2022.0,15.0,Delta_Coastal
Flood,15.7013,95.8422,7.7,43520,10.7,2024.0,54.0,Delta_Coastal
Landslide,13.8811,94.1486,6.6,26992,11.5,2013.0,28.0,Delta_Coastal
Flood,2.3672,116.7171,4.8,29925,10.3,2014.0,7.0,Delta_Coastal
Landslide,25.4599,92.8118,7.0,23949,14.7,2007.0,21.0,Mountain_Highland
Flash Flood,14.4824,103.4732,7.8,2018,11.8,2023.0,63.0,Delta_Coastal
Earthquake,18.4806,123.4921,6.4,17684,13.9,2008.0,17.0,Inland_Plain
Drought,14.4312,103.6147,4.3,6737,8.6,2019.0,2.0,Delta_Coastal
Earthquake,-1.65,115.1338,7.6,31696,15.3,2022.0,37.0,Delta_Coastal
Typhoon,13.5025,125.0226,7.7,36384,15.5,2014.0,45.0,Delta_Coastal
Landslide,17.0044,96.6088,7.8,50453,12.3,2006.0,67.0,Delta_Coastal
Flash Flood,12.1283,104.9989,5.4,15309,10.3,2005.0,16.0,Delta_Coastal
Landslide,15.3178,104.638,5.3,3261,8.4,2018.0,4.0,Delta_Coastal
Flash Flood,1.3751,103.8826,5.7,5615,8.1,2008.0,20.0,Delta_Coastal
Landslide,16.2091,100.053,7.8,19562,12.6,2023.0,13.0,Delta_Coastal
Cyclone,15.9158,94.8479,6.2,6066,12.0,2026.0,36.0,Delta_Coastal
Flood,11.3593,93.4654,4.1,2496,10.2,2014.0,0.0,Delta_Coastal
Earthquake,-1.3536,119.0095,7.2,3487,13.6,2015.0,51.0,Delta_Coastal
Flood,0.009,115.9848,7.3,19245,13.0,2013.0,37.0,Delta_Coastal
Landslide,20.8333,94.4702,5.6,6786,9.7,2017.0,8.0,Mountain_Highland
Tsunami,0.4541,100.8196,5.8,28324,12.1,2007.0,18.0,Delta_Coastal
Landslide,7.252,104.1325,6.1,41562,11.9,2005.0,30.0,Delta_Coastal
Landslide,2.9449,125.8258,6.0,13755,12.3,2024.0,15.0,Delta_Coastal
Earthquake,23.6443,100.1971,8.2,43451,14.3,2026.0,101.0,Mountain_Highland
Landslide,11.9733,98.6721,7.4,3489,12.2,2016.0,35.0,Delta_Coastal
Flood,13.1534,106.8998,7.6,32321,12.6,2008.0,54.0,Delta_Coastal
Flood,23.2511,93.7633,5.5,11639,10.7,2020.0,9.0,Mountain_Highland
Cyclone,26.9256,94.739,7.3,23548,15.0,2009.0,57.0,Inland_Plain
Flood,14.3148,107.0054,7.5,20449,11.8,2021.0,22.0,Delta_Coastal
Volcanic Eruption,-0.8885,131.8948,4.9,14709,11.6,2008.0,13.0,Delta_Coastal
Earthquake,18.7865,100.3098,7.3,45090,12.5,2015.0,15.0,Inland_Plain
Earthquake,15.7775,92.8505,6.9,4952,9.9,2017.0,44.0,Delta_Coastal
Earthquake,12.1188,94.1714,7.5,8512,11.9,2026.0,31.0,Delta_Coastal
Cyclone,24.9239,98.3582,7.5,22636,14.4,2017.0,32.0,Mountain_Highland
Landslide,15.1743,94.8701,6.3,1319,12.0,2024.0,36.0,Delta_Coastal
Drought,7.7514,105.0015,8.3,5353,11.9,2005.0,122.0,Delta_Coastal
Earthquake,15.5642,96.3659,7.1,5718,12.0,2009.0,24.0,Delta_Coastal
Cyclone,26.6107,98.1456,5.9,30272,11.1,2020.0,28.0,Mountain_Highland
Cyclone,26.6713,98.653,6.0,15049,11.6,2019.0,32.0,Mountain_Highland
Earthquake,-8.6603,95.7131,5.3,33236,10.3,2006.0,17.0,Delta_Coastal
Earthquake,8.8238,121.864,6.5,24099,14.9,2012.0,23.0,Delta_Coastal
Flood,24.195,101.0421,5.1,17610,12.3,2012.0,16.0,Mountain_Highland
Cyclone,22.7005,99.0166,6.3,25998,14.0,2010.0,23.0,Mountain_Highland
Volcanic Eruption,13.6993,124.366,6.9,22517,12.8,2007.0,35.0,Delta_Coastal
Volcanic Eruption,-0.7027,110.9714,5.2,29220,10.6,2008.0,4.0,Delta_Coastal
Landslide,24.7021,100.2761,7.0,22947,13.2,2018.0,11.0,Mountain_Highland
Earthquake,7.3497,125.0843,6.4,18964,10.4,2006.0,7.0,Delta_Coastal
Landslide,20.534,93.1133,4.6,4742,9.3,2012.0,5.0,Mountain_Highland
Flash Flood,1.9843,108.257,5.4,19071,9.1,2005.0,16.0,Delta_Coastal
Landslide,15.2447,122.3795,4.4,13598,10.2,2020.0,1.0,Delta_Coastal
Flood,26.1597,97.8827,8.4,37868,15.1,2018.0,111.0,Mountain_Highland
Volcanic Eruption,-8.289,98.8467,7.4,47645,13.2,2020.0,27.0,Delta_Coastal
Cyclone,25.8525,92.671,5.8,12525,11.4,2014.0,11.0,Mountain_Highland
Flood,19.9173,97.3926,6.2,39303,11.7,2007.0,24.0,Mountain_Highland
Flood,14.0988,92.9068,5.6,16465,8.7,2024.0,8.0,Delta_Coastal
Drought,9.1109,102.7177,6.1,35538,10.9,2025.0,16.0,Delta_Coastal
Earthquake,12.7319,94.8849,8.0,27798,11.3,2011.0,56.0,Delta_Coastal
Flood,26.346,93.9533,6.0,29773,13.0,2020.0,35.0,Mountain_Highland
Flood,19.993,99.1132,7.0,5940,9.3,2014.0,50.0,Mountain_Highland
Cyclone,17.8161,97.2065,5.9,15306,10.0,2019.0,10.0,Inland_Plain
Cyclone,24.5925,92.7154,5.6,6479,14.2,2016.0,7.0,Mountain_Highland
Flood,4.7368,104.2232,6.6,15751,11.7,2013.0,16.0,Delta_Coastal
Landslide,18.0975,97.4888,7.6,5605,12.1,2020.0,37.0,Inland_Plain
Flood,10.51,123.2779,6.9,16464,14.2,2010.0,31.0,Delta_Coastal
Tsunami,1.0039,118.4341,6.3,35421,13.3,2026.0,12.0,Delta_Coastal
Typhoon,21.0721,107.7322,7.9,20780,12.3,2021.0,32.0,Mountain_Highland
Storm Surge,10.3386,106.0367,6.5,38916,11.6,2006.0,33.0,Delta_Coastal
Flood,-0.2084,131.3946,4.8,32836,10.7,2015.0,6.0,Delta_Coastal
Flood,-6.8112,140.1774,5.4,26202,13.3,2019.0,7.0,Delta_Coastal
Earthquake,26.5728,99.7265,8.5,29568,15.9,2015.0,156.0,Mountain_Highland
Volcanic Eruption,13.6538,121.1168,7.1,37577,14.3,2015.0,17.0,Delta_Coastal
Drought,13.9992,105.0508,5.3,4182,9.0,2013.0,10.0,Delta_Coastal
Landslide,18.6108,93.2627,6.7,14837,10.4,2013.0,17.0,Mountain_Highland
Tropical Cyclone,11.2356,104.0036,8.1,2250,12.1,2006.0,61.0,Delta_Coastal
Flood,15.5108,109.0826,8.3,26070,12.3,2014.0,188.0,Delta_Coastal
Volcanic Eruption,10.2503,119.2735,7.6,9933,13.4,2016.0,17.0,Delta_Coastal
Tsunami,-10.0349,134.0352,5.8,17478,13.0,2023.0,22.0,Delta_Coastal
Volcanic Eruption,-4.2545,131.3161,7.2,17222,15.5,2011.0,27.0,Delta_Coastal
Landslide,10.6673,108.2567,6.8,23507,11.5,2021.0,18.0,Delta_Coastal
Flood,15.4075,98.8462,6.8,13413,12.2,2023.0,46.0,Delta_Coastal
Flood,4.8636,103.0199,8.0,53195,14.6,2019.0,64.0,Delta_Coastal
Flood,14.4628,102.7187,4.4,1349,8.3,2021.0,5.0,Delta_Coastal
Flood,18.2933,96.2812,7.4,3562,12.3,2021.0,43.0,Inland_Plain
Cyclone,18.9284,92.6095,6.8,25057,11.5,2012.0,44.0,Mountain_Highland
Flood,-10.3151,125.9448,7.8,35544,13.4,2019.0,26.0,Delta_Coastal
Earthquake,20.3844,101.2275,7.0,38466,10.8,2024.0,51.0,Mountain_Highland
Landslide,17.9925,106.0706,6.6,1745,11.0,2007.0,44.0,Inland_Plain
Cyclone,12.6626,101.2274,4.6,7085,7.7,2007.0,3.0,Delta_Coastal
Cyclone,14.7956,93.2209,7.5,49834,13.3,2008.0,53.0,Delta_Coastal
Cyclone,16.5742,97.1807,8.5,31315,12.6,2016.0,122.0,Delta_Coastal
Landslide,26.2807,100.4011,5.4,23538,10.5,2009.0,14.0,Mountain_Highland
Flood,17.7062,99.8037,5.5,22495,10.8,2018.0,17.0,Inland_Plain
Flood,3.5614,102.9348,8.7,49692,13.0,2014.0,139.0,Delta_Coastal
Volcanic Eruption,-9.4263,128.4316,8.2,53119,14.1,2011.0,121.0,Delta_Coastal
Landslide,24.0332,99.0615,7.8,27477,14.7,2013.0,36.0,Mountain_Highland
Landslide,0.8857,116.5477,4.9,18351,11.2,2025.0,6.0,Delta_Coastal
Tropical Cyclone,6.2178,97.7647,5.4,2264,9.1,2010.0,25.0,Delta_Coastal
Drought,19.3539,99.6686,5.8,9818,10.8,2006.0,8.0,Mountain_Highland
Landslide,18.4287,105.1078,7.1,10949,13.3,2006.0,18.0,Inland_Plain
Cyclone,12.4865,99.0816,8.7,33602,13.5,2020.0,162.0,Delta_Coastal
Landslide,11.7541,97.241,7.4,2622,11.3,2025.0,57.0,Delta_Coastal
Landslide,18.1964,103.5352,6.3,20840,11.6,2009.0,36.0,Inland_Plain
Landslide,15.9731,97.0452,5.1,25915,9.2,2021.0,10.0,Delta_Coastal
Drought,6.5472,100.7017,6.8,6814,11.3,2016.0,30.0,Delta_Coastal
Flood,9.4434,105.9702,4.7,20842,9.9,2025.0,2.0,Delta_Coastal
Earthquake,10.3798,99.8975,7.2,27482,12.0,2008.0,11.0,Delta_Coastal
Flood,16.5891,125.5104,7.1,37328,13.1,2020.0,42.0,Delta_Coastal
Landslide,16.5119,101.3516,7.5,16012,12.1,2016.0,60.0,Delta_Coastal
Landslide,22.8197,93.3936,7.1,32557,13.5,2005.0,20.0,Mountain_Highland
Flood,13.2577,104.0568,4.7,24696,8.0,2015.0,8.0,Delta_Coastal
Flood,10.544,105.0065,5.9,34674,11.5,2005.0,19.0,Delta_Coastal
Flood,12.4866,93.5822,6.3,38140,9.4,2016.0,35.0,Delta_Coastal
Landslide,18.1378,123.3343,4.6,24826,10.5,2010.0,7.0,Inland_Plain
Earthquake,15.021,96.369,6.9,30522,10.6,2010.0,37.0,Delta_Coastal
Flash Flood,5.5558,100.7816,5.3,35424,9.2,2016.0,4.0,Delta_Coastal
Flood,15.2472,97.6539,5.5,37694,10.3,2025.0,15.0,Delta_Coastal
Volcanic Eruption,10.948,117.4638,7.0,24707,15.7,2021.0,52.0,Delta_Coastal
Landslide,21.7828,92.5374,8.1,5088,13.0,2024.0,72.0,Mountain_Highland
Flood,-6.2364,139.747,7.6,40777,13.9,2009.0,59.0,Delta_Coastal
Volcanic Eruption,14.1538,124.7156,8.2,14700,14.0,2007.0,92.0,Delta_Coastal
Typhoon,6.4288,122.0865,6.8,33593,14.7,2026.0,39.0,Delta_Coastal
Landslide,15.7988,106.9931,7.8,3464,12.9,2025.0,67.0,Delta_Coastal
Cyclone,18.7014,98.2853,5.5,2924,9.9,2009.0,9.0,Inland_Plain
Earthquake,13.2023,95.3008,5.6,32708,8.9,2012.0,13.0,Delta_Coastal
Flood,22.1973,95.9334,7.2,34588,13.9,2012.0,49.0,Inland_Plain
Flood,25.68,98.7609,5.9,37290,13.1,2018.0,25.0,Mountain_Highland
Landslide,21.4109,102.2377,7.9,18307,13.0,2019.0,50.0,Mountain_Highland
Landslide,12.1478,108.4916,7.6,33639,11.1,2019.0,29.0,Delta_Coastal
Storm Surge,22.5118,108.4256,7.1,40928,14.4,2025.0,38.0,Mountain_Highland
Earthquake,-7.1769,106.5881,7.9,27420,15.1,2022.0,68.0,Delta_Coastal
Landslide,4.2635,114.2908,7.4,3658,11.0,2018.0,33.0,Delta_Coastal
Volcanic Eruption,-8.524,96.8268,5.1,11256,10.1,2019.0,8.0,Delta_Coastal
Earthquake,3.1815,108.6304,6.3,5653,13.4,2026.0,12.0,Delta_Coastal
Storm Surge,10.5581,105.9118,7.9,39991,12.0,2007.0,58.0,Delta_Coastal
Flood,3.6513,102.8599,7.0,34466,11.4,2010.0,13.0,Delta_Coastal
Volcanic Eruption,-10.2681,97.4413,6.7,28858,12.8,2026.0,19.0,Delta_Coastal
Landslide,17.2105,100.9428,7.0,4851,10.9,2014.0,24.0,Delta_Coastal
Tsunami,0.2917,123.5331,6.0,33147,14.3,2011.0,7.0,Delta_Coastal
Typhoon,12.104,102.0895,6.8,32845,11.2,2010.0,13.0,Delta_Coastal
Landslide,16.0828,97.6929,8.6,16816,13.9,2016.0,45.0,Delta_Coastal
Flood,14.1375,108.4648,5.5,18739,9.1,2018.0,26.0,Delta_Coastal
Flood,20.4363,94.5782,4.6,5711,9.0,2025.0,5.0,Inland_Plain
Earthquake,-9.3703,102.336,7.4,42518,14.7,2007.0,25.0,Delta_Coastal
Flood,-8.6078,108.9647,8.2,22946,14.2,2005.0,124.0,Delta_Coastal
Storm Surge,18.1047,103.3123,6.2,39055,10.7,2020.0,37.0,Inland_Plain
Typhoon,9.1597,120.2764,6.7,42055,11.8,2025.0,10.0,Delta_Coastal
Cyclone,25.622,97.2907,6.5,5367,13.8,2008.0,22.0,Mountain_Highland
Flood,27.2413,100.0433,6.4,20517,12.2,2022.0,33.0,Mountain_Highland
Flood,17.3339,99.737,5.6,1741,9.6,2007.0,10.0,Delta_Coastal
Flood,18.1077,96.2422,4.9,10326,7.7,2019.0,14.0,Inland_Plain
Flash Flood,3.2925,100.4865,5.3,2476,8.8,2014.0,16.0,Delta_Coastal
Cyclone,16.6945,92.8485,6.6,18584,11.1,2012.0,16.0,Delta_Coastal
Flood,21.3065,96.019,5.7,27318,10.2,2008.0,23.0,Inland_Plain
Tropical Cyclone,15.1077,100.6189,7.4,51391,13.3,2026.0,41.0,Delta_Coastal
Flood,26.6021,93.0734,6.4,41107,13.4,2007.0,13.0,Mountain_Highland
Cyclone,16.8914,99.8572,7.6,50187,12.8,2025.0,17.0,Delta_Coastal
Landslide,20.1273,98.4018,7.6,49947,12.9,2014.0,41.0,Mountain_Highland
Flash Flood,13.3645,105.4199,7.0,45722,12.0,2011.0,43.0,Delta_Coastal
Flood,9.8867,117.2259,4.9,22950,11.7,2006.0,11.0,Delta_Coastal
Tsunami,2.8569,119.5719,7.2,41950,14.1,2026.0,56.0,Delta_Coastal
Typhoon,18.3227,105.1826,8.2,12480,11.8,2014.0,95.0,Inland_Plain
Landslide,22.0365,101.3916,5.8,35646,13.4,2021.0,26.0,Mountain_Highland
Tsunami,4.1874,104.4633,6.5,33813,11.5,2020.0,27.0,Delta_Coastal
Flash Flood,2.9145,109.0937,7.6,2789,12.5,2011.0,46.0,Delta_Coastal
Volcanic Eruption,2.7449,112.7577,4.7,20715,11.5,2007.0,6.0,Delta_Coastal
Earthquake,19.0204,98.1965,6.2,20326,8.9,2012.0,39.0,Mountain_Highland
Typhoon,22.719,103.6082,6.8,36238,14.0,2006.0,26.0,Mountain_Highland
Typhoon,15.9253,102.7905,6.4,2229,11.6,2024.0,15.0,Delta_Coastal
Landslide,14.8261,99.9491,4.3,18627,7.2,2022.0,2.0,Delta_Coastal
Tropical Cyclone,13.8767,100.1586,7.5,40273,11.0,2022.0,37.0,Delta_Coastal
Landslide,21.9373,96.4169,7.7,21536,13.2,2018.0,17.0,Inland_Plain
Landslide,-5.2153,119.327,8.2,48683,13.8,2026.0,111.0,Delta_Coastal
Flood,19.4209,120.2327,7.5,31206,15.4,2019.0,48.0,Mountain_Highland
Earthquake,16.8088,101.2177,5.6,17389,10.5,2016.0,7.0,Delta_Coastal
Flood,14.4083,103.2081,7.5,21604,13.2,2010.0,30.0,Delta_Coastal
Cyclone,16.7409,97.6893,5.9,34900,10.8,2026.0,11.0,Delta_Coastal
Storm Surge,12.9975,107.9222,7.0,31863,12.7,2021.0,51.0,Delta_Coastal
Flood,13.2337,95.6638,5.1,19561,8.5,2024.0,7.0,Delta_Coastal
Landslide,-1.4087,121.3171,5.7,31111,10.1,2008.0,19.0,Delta_Coastal
Volcanic Eruption,-6.8804,112.6679,6.5,14071,11.6,2011.0,31.0,Delta_Coastal
Cyclone,15.4788,94.1906,7.5,42559,11.9,2023.0,56.0,Delta_Coastal
Flood,14.3657,99.4005,7.9,27191,12.9,2008.0,52.0,Delta_Coastal
Volcanic Eruption,5.1884,122.1763,8.2,36972,16.2,2019.0,85.0,Delta_Coastal
Flood,11.8546,126.4299,5.8,31896,11.7,2013.0,30.0,Delta_Coastal
Typhoon,12.7748,108.5557,8.2,49498,12.0,2006.0,68.0,Delta_Coastal
Flood,18.5625,92.7763,7.9,40876,13.1,2005.0,50.0,Mountain_Highland
Flood,15.5101,96.178,8.7,37818,11.6,2005.0,162.0,Delta_Coastal
Tsunami,-3.2368,129.9627,5.5,14128,12.9,2007.0,17.0,Delta_Coastal
Landslide,18.7825,100.8121,7.8,41313,12.3,2016.0,39.0,Inland_Plain
Earthquake,21.2801,98.812,7.6,14053,12.5,2016.0,54.0,Mountain_Highland
Landslide,2.1489,116.5384,7.1,32479,13.5,2019.0,44.0,Delta_Coastal
Earthquake,19.8983,97.6168,8.0,7456,13.4,2009.0,21.0,Mountain_Highland
Flood,13.8168,100.3321,4.1,19430,8.0,2019.0,0.0,Delta_Coastal
Landslide,-8.7434,103.5359,6.6,32800,15.6,2008.0,35.0,Delta_Coastal
Flood,16.3366,119.97,7.2,25282,13.2,2019.0,28.0,Delta_Coastal
Landslide,11.7046,92.6345,7.5,31929,11.9,2008.0,34.0,Delta_Coastal
Cyclone,15.2859,94.8645,8.3,23923,14.6,2020.0,58.0,Delta_Coastal
Earthquake,27.0398,98.22,6.3,23119,11.7,2012.0,24.0,Mountain_Highland
Cyclone,17.8632,94.9855,8.4,55517,13.1,2026.0,70.0,Inland_Plain
Flood,11.7254,103.3375,8.0,22595,13.0,2025.0,51.0,Delta_Coastal
Landslide,24.5264,93.5825,7.3,13544,14.5,2007.0,57.0,Mountain_Highland
Tropical Cyclone,8.5625,98.9673,6.4,41157,11.7,2021.0,23.0,Delta_Coastal
Flood,12.3587,105.6697,8.5,16150,13.3,2025.0,140.0,Delta_Coastal
Tsunami,-4.2693,125.1795,6.4,25246,13.4,2013.0,19.0,Delta_Coastal
Flood,24.7826,100.2098,6.2,19733,13.2,2017.0,16.0,Mountain_Highland
Landslide,18.9889,122.3812,4.8,19710,11.5,2005.0,6.0,Inland_Plain
Tsunami,-5.8539,111.7617,6.6,15610,11.9,2019.0,27.0,Delta_Coastal
Flash Flood,10.7501,106.318,6.9,16758,11.8,2025.0,25.0,Delta_Coastal
Landslide,21.938,98.0871,7.7,10103,11.4,2026.0,27.0,Mountain_Highland
Flood,24.8804,93.9524,6.3,21020,13.8,2014.0,9.0,Mountain_Highland
Volcanic Eruption,-2.2238,128.5815,8.4,30938,15.2,2017.0,106.0,Delta_Coastal
Landslide,10.4275,123.7885,6.6,6074,11.5,2006.0,12.0,Delta_Coastal
Volcanic Eruption,13.7929,121.5065,6.4,31141,12.0,2018.0,24.0,Delta_Coastal
Earthquake,16.7817,98.209,6.4,44081,11.6,2022.0,9.0,Delta_Coastal
Landslide,13.8437,104.1157,7.0,4681,12.7,2015.0,29.0,Delta_Coastal
Flood,12.2867,92.7527,7.2,10739,12.7,2006.0,35.0,Delta_Coastal
Earthquake,4.6807,124.1764,6.5,39726,13.6,2017.0,29.0,Delta_Coastal
Flood,17.7025,101.4553,7.0,18720,9.6,2022.0,18.0,Inland_Plain
Landslide,17.5573,98.8364,7.1,10767,10.1,2009.0,31.0,Inland_Plain
Landslide,20.2148,99.6708,7.3,4009,13.1,2023.0,38.0,Mountain_Highland
Typhoon,17.5623,124.2762,7.4,42011,15.9,2005.0,41.0,Inland_Plain
Earthquake,18.7445,101.1846,7.7,3195,12.0,2008.0,22.0,Inland_Plain
Cyclone,26.6964,93.1203,6.6,25741,11.5,2016.0,15.0,Mountain_Highland
Flash Flood,17.539,104.6805,6.1,3357,10.9,2024.0,21.0,Inland_Plain
Flood,11.1072,96.4121,6.5,42554,12.5,2020.0,29.0,Delta_Coastal
Flash Flood,15.3767,103.372,6.3,5491,11.8,2017.0,7.0,Delta_Coastal
Landslide,11.5789,96.3028,6.3,16648,9.2,2019.0,30.0,Delta_Coastal
Storm Surge,17.3303,106.5099,5.2,20971,10.2,2006.0,15.0,Delta_Coastal
Flood,22.7105,99.7639,6.3,22768,14.5,2025.0,40.0,Mountain_Highland
Flash Flood,15.9834,104.8858,7.1,3525,14.2,2019.0,51.0,Delta_Coastal
Tsunami,-4.3063,103.2586,4.7,25236,11.8,2018.0,5.0,Delta_Coastal
Earthquake,26.5087,92.5871,7.7,37334,14.7,2022.0,27.0,Mountain_Highland
Cyclone,26.2106,93.5188,6.6,43210,13.8,2012.0,18.0,Mountain_Highland
Flood,3.4301,103.2155,7.5,19258,11.4,2010.0,53.0,Delta_Coastal
Cyclone,27.2704,100.9053,5.4,30867,13.5,2007.0,4.0,Mountain_Highland
Typhoon,17.2808,119.1924,7.3,25431,14.2,2022.0,58.0,Delta_Coastal
Earthquake,25.7562,97.4338,7.5,41628,13.6,2022.0,44.0,Mountain_Highland
Landslide,9.5899,104.036,7.2,8663,12.8,2015.0,40.0,Delta_Coastal
Flash Flood,1.2526,103.948,7.3,4052,11.9,2017.0,46.0,Delta_Coastal
Earthquake,10.5351,93.4884,4.9,4765,24.5,,,Delta_Coastal
Earthquake,21.8724,94.6484,4.8,3785,24.0,,,Inland_Plain
Earthquake,23.1907,101.2878,4.5,1897,22.5,,,Mountain_Highland
Earthquake,25.9839,95.2638,4.5,1897,22.5,,,Inland_Plain
Earthquake,23.3303,95.0165,4.6,2388,23.0,,,Inland_Plain
Earthquake,23.1468,101.4361,5.0,6000,25.0,,,Mountain_Highland
Earthquake,11.8801,93.2348,4.5,1897,22.5,,,Delta_Coastal
Earthquake,22.8649,95.977,4.9,4765,24.5,,,Inland_Plain
Earthquake,25.9651,100.6404,4.7,3007,23.5,,,Mountain_Highland
Earthquake,26.0138,100.6608,4.6,2388,23.0,,,Mountain_Highland
Earthquake,26.0576,100.8627,4.5,1897,22.5,,,Mountain_Highland
Earthquake,24.6492,94.7654,4.5,1897,22.5,,,Inland_Plain
Earthquake,24.3478,94.0847,4.5,1897,22.5,,,Mountain_Highland
Earthquake,13.8636,92.8447,4.5,1897,22.5,,,Delta_Coastal
Earthquake,16.4177,96.3726,5.2,9509,26.0,,,Delta_Coastal
Earthquake,11.0619,95.1269,4.6,2388,23.0,,,Delta_Coastal
Earthquake,13.0167,93.7021,4.7,3007,23.5,,,Delta_Coastal
Earthquake,20.5004,94.0661,5.0,6000,25.0,,,Mountain_Highland
Earthquake,25.3328,96.5593,4.5,1897,22.5,,,Mountain_Highland
Earthquake,16.6987,95.4164,4.5,1897,22.5,,,Delta_Coastal
Earthquake,28.4911,100.8041,4.7,3007,23.5,,,Mountain_Highland
Earthquake,23.8301,94.2031,4.5,1897,22.5,,,Mountain_Highland
Earthquake,24.6319,94.6985,5.0,6000,25.0,,,Inland_Plain
Earthquake,23.241,94.7793,4.7,3007,23.5,,,Inland_Plain
Earthquake,26.1409,99.7901,4.5,1897,22.5,,,Mountain_Highland
Earthquake,10.4649,93.722,4.6,2388,23.0,,,Delta_Coastal
Earthquake,24.768,92.8187,4.9,4765,24.5,,,Mountain_Highland
Earthquake,10.2798,93.7211,4.6,2388,23.0,,,Delta_Coastal
Earthquake,21.879,93.9051,4.6,2388,23.0,,,Mountain_Highland
Earthquake,22.9893,94.7613,4.9,4765,24.5,,,Inland_Plain
Earthquake,24.6435,97.4409,4.8,3785,24.0,,,Mountain_Highland
Earthquake,22.1555,100.824,4.6,2388,23.0,,,Mountain_Highland
Earthquake,23.4869,94.9447,5.2,9509,26.0,,,Inland_Plain
Earthquake,24.7625,95.2248,4.5,1897,22.5,,,Inland_Plain
Earthquake,20.5355,94.0461,5.1,7553,25.5,,,Mountain_Highland
Earthquake,20.4368,93.9466,5.8,37857,29.0,,,Mountain_Highland
Earthquake,22.7344,93.9441,4.5,1897,22.5,,,Mountain_Highland
Earthquake,27.3134,96.9254,5.2,9509,26.0,,,Mountain_Highland
Earthquake,21.0522,96.0397,4.9,4765,24.5,,,Inland_Plain
Earthquake,26.326,92.3084,4.9,4765,24.5,,,Mountain_Highland
Earthquake,26.3621,92.3991,5.2,9509,26.0,,,Mountain_Highland
Earthquake,22.8108,95.9011,5.0,6000,25.0,,,Inland_Plain
Earthquake,26.7466,92.3604,4.5,1897,22.5,,,Mountain_Highland
Earthquake,12.6319,92.7492,4.8,3785,24.0,,,Delta_Coastal
Earthquake,26.1352,97.1858,4.6,2388,23.0,,,Mountain_Highland
Earthquake,22.5952,96.0249,4.7,3007,23.5,,,Inland_Plain
Earthquake,21.9235,95.9869,4.8,3785,24.0,,,Inland_Plain
Earthquake,22.8791,94.4717,4.8,3785,24.0,,,Mountain_Highland
Earthquake,13.3595,95.8101,5.3,11971,26.5,,,Delta_Coastal
Earthquake,12.4989,93.7511,5.4,15071,27.0,,,Delta_Coastal
Earthquake,25.0088,95.3102,4.6,2388,23.0,,,Inland_Plain
Earthquake,21.9867,93.6089,4.6,2388,23.0,,,Mountain_Highland
Earthquake,13.3577,92.5564,5.0,6000,25.0,,,Delta_Coastal
Earthquake,24.7905,95.4782,4.8,3785,24.0,,,Inland_Plain
Earthquake,22.4404,94.5319,4.5,1897,22.5,,,Inland_Plain
Earthquake,18.5245,93.682,4.8,3785,24.0,,,Mountain_Highland
Earthquake,10.575,92.8178,4.5,1897,22.5,,,Delta_Coastal
Earthquake,24.6798,94.7389,4.9,4765,24.5,,,Inland_Plain
Earthquake,12.2024,95.3077,4.8,3785,24.0,,,Delta_Coastal
Earthquake,20.9575,93.7795,4.6,2388,23.0,,,Mountain_Highland
Earthquake,26.7097,92.2103,5.5,18973,27.5,,,Mountain_Highland
Earthquake,25.9678,96.9455,4.5,1897,22.5,,,Mountain_Highland
Earthquake,19.0137,96.264,4.6,2388,23.0,,,Inland_Plain
Earthquake,21.5879,95.5933,4.5,1897,22.5,,,Inland_Plain
Earthquake,15.4223,96.3416,4.7,3007,23.5,,,Delta_Coastal
Earthquake,23.403,94.2596,5.3,11971,26.5,,,Mountain_Highland
Earthquake,16.1249,96.5679,4.6,2388,23.0,,,Delta_Coastal
Earthquake,16.0999,96.4474,4.5,1897,22.5,,,Delta_Coastal
Earthquake,13.6724,92.7915,4.7,3007,23.5,,,Delta_Coastal
Earthquake,22.9169,94.4797,4.6,2388,23.0,,,Mountain_Highland
Earthquake,20.2387,96.2024,4.5,1897,22.5,,,Inland_Plain
Earthquake,20.8614,96.0989,4.5,1897,22.5,,,Inland_Plain
Earthquake,22.304,94.5958,4.7,3007,23.5,,,Inland_Plain
Earthquake,22.7101,95.897,4.6,2388,23.0,,,Inland_Plain
Earthquake,23.0801,94.7964,4.6,2388,23.0,,,Inland_Plain
Earthquake,11.0639,93.0478,4.5,1897,22.5,,,Delta_Coastal
Earthquake,22.6707,95.9569,5.1,7553,25.5,,,Inland_Plain
Earthquake,23.3928,94.3928,4.6,2388,23.0,,,Mountain_Highland
Earthquake,22.0738,96.1641,4.9,4765,24.5,,,Inland_Plain
Earthquake,21.6642,99.7826,4.5,1897,22.5,,,Mountain_Highland
Earthquake,28.3833,97.3521,4.5,1897,22.5,,,Mountain_Highland
Earthquake,9.5382,94.0096,4.5,1897,22.5,,,Delta_Coastal
Earthquake,9.5357,93.8546,5.1,7553,25.5,,,Delta_Coastal
Earthquake,9.5066,94.0004,4.8,3785,24.0,,,Delta_Coastal
Earthquake,9.5091,94.0036,4.6,2388,23.0,,,Delta_Coastal
Earthquake,9.5365,93.7405,4.6,2388,23.0,,,Delta_Coastal
Earthquake,9.5201,93.4167,4.5,1897,22.5,,,Delta_Coastal
Earthquake,23.7607,94.6583,4.6,2388,23.0,,,Inland_Plain
Earthquake,10.8873,93.5681,4.8,3785,24.0,,,Delta_Coastal
Earthquake,23.4149,94.6684,4.5,1897,22.5,,,Inland_Plain
Earthquake,18.4923,94.6762,4.9,4765,24.5,,,Inland_Plain
Earthquake,26.3717,100.0201,5.0,6000,25.0,,,Mountain_Highland
Earthquake,24.4467,93.8427,5.1,7553,25.5,,,Mountain_Highland
Earthquake,19.031,93.3045,4.9,4765,24.5,,,Mountain_Highland
Earthquake,21.4196,96.0564,5.1,7553,25.5,,,Inland_Plain
Earthquake,25.1128,98.1772,4.6,2388,23.0,,,Mountain_Highland
Earthquake,20.7669,95.9487,4.5,1897,22.5,,,Inland_Plain
Earthquake,13.0733,92.5283,4.6,2388,23.0,,,Delta_Coastal
Earthquake,19.3557,96.1241,4.5,1897,22.5,,,Inland_Plain
Earthquake,26.4164,100.0261,4.9,4765,24.5,,,Mountain_Highland
Earthquake,22.0411,96.1069,4.5,1897,22.5,,,Inland_Plain
Earthquake,19.82,95.5327,4.7,3007,23.5,,,Inland_Plain
Earthquake,21.2292,96.0897,5.3,11971,26.5,,,Inland_Plain
Earthquake,20.9582,96.0381,4.7,3007,23.5,,,Inland_Plain
Earthquake,22.784,95.8838,4.6,2388,23.0,,,Inland_Plain
Earthquake,21.5705,96.0529,4.6,2388,23.0,,,Inland_Plain
Earthquake,15.5172,95.6376,4.9,4765,24.5,,,Delta_Coastal
Earthquake,20.9095,96.0561,4.7,3007,23.5,,,Inland_Plain
Earthquake,20.0604,96.0923,4.8,3785,24.0,,,Inland_Plain
Earthquake,22.0634,95.9636,4.7,3007,23.5,,,Inland_Plain
Earthquake,22.2219,95.9368,4.6,2388,23.0,,,Inland_Plain
Earthquake,19.7498,95.994,4.5,1897,22.5,,,Inland_Plain
Earthquake,19.6858,96.0761,5.1,7553,25.5,,,Inland_Plain
Earthquake,20.2803,96.0242,4.5,1897,22.5,,,Inland_Plain
Earthquake,22.0401,95.9466,4.6,2388,23.0,,,Inland_Plain
Earthquake,19.3628,96.207,4.5,1897,22.5,,,Inland_Plain
Earthquake,22.4361,95.838,4.5,1897,22.5,,,Inland_Plain
Earthquake,22.7673,95.8531,4.6,2388,23.0,,,Inland_Plain
Earthquake,22.7436,95.8927,4.6,2388,23.0,,,Inland_Plain
Earthquake,22.0976,96.0667,4.5,1897,22.5,,,Inland_Plain
Earthquake,19.1284,96.2075,4.9,4765,24.5,,,Inland_Plain
Earthquake,21.8377,95.8747,4.9,4765,24.5,,,Inland_Plain
Earthquake,19.8979,95.8026,4.8,3785,24.0,,,Inland_Plain
Earthquake,21.6975,95.969,6.7,300712,33.5,,,Inland_Plain
Earthquake,22.011,95.9363,7.7,3007123,38.5,,,Inland_Plain
Earthquake,10.3688,93.9709,4.7,3007,23.5,,,Delta_Coastal
Earthquake,9.9009,93.6477,4.7,3007,23.5,,,Delta_Coastal
Earthquake,10.1202,93.7118,5.1,7553,25.5,,,Delta_Coastal
Earthquake,24.3088,94.8302,5.1,7553,25.5,,,Inland_Plain
Earthquake,24.5491,94.6954,5.4,15071,27.0,,,Inland_Plain
Earthquake,16.7654,95.7014,4.7,3007,23.5,,,Delta_Coastal
Earthquake,16.9032,95.623,5.1,7553,25.5,,,Delta_Coastal
Earthquake,16.3701,95.6877,4.5,1897,22.5,,,Delta_Coastal
Earthquake,26.3002,92.3408,5.3,11971,26.5,,,Mountain_Highland
Earthquake,21.5846,93.8043,5.0,6000,25.0,,,Mountain_Highland
Earthquake,23.9786,93.7854,4.5,1897,22.5,,,Mountain_Highland
Earthquake,24.6223,95.093,5.0,6000,25.0,,,Inland_Plain
Earthquake,24.4445,95.1109,4.5,1897,22.5,,,Inland_Plain
Earthquake,26.7009,96.9229,4.5,1897,22.5,,,Mountain_Highland
Earthquake,24.9577,95.5118,5.0,6000,25.0,,,Inland_Plain
Earthquake,19.5557,95.0613,4.9,4765,24.5,,,Inland_Plain
Earthquake,10.8051,95.5221,4.5,1897,22.5,,,Delta_Coastal
Earthquake,23.5806,94.6445,4.6,2388,23.0,,,Inland_Plain
Earthquake,18.4347,95.1919,4.6,2388,23.0,,,Inland_Plain
Earthquake,24.848,96.1065,4.9,4765,24.5,,,Inland_Plain
Earthquake,12.4768,93.1336,4.7,3007,23.5,,,Delta_Coastal
Earthquake,11.9804,92.8301,4.6,2388,23.0,,,Delta_Coastal
Earthquake,27.8841,94.0163,4.7,3007,23.5,,,Mountain_Highland
Earthquake,13.8634,92.8425,4.7,3007,23.5,,,Delta_Coastal
Earthquake,22.9505,95.9411,5.0,6000,25.0,,,Inland_Plain
Earthquake,23.1298,94.309,4.5,1897,22.5,,,Mountain_Highland
Earthquake,21.124,94.9956,4.5,1897,22.5,,,Inland_Plain
Earthquake,12.6154,93.5592,4.6,2388,23.0,,,Delta_Coastal
Earthquake,11.6903,95.0031,4.7,3007,23.5,,,Delta_Coastal
Earthquake,10.2045,93.8221,4.7,3007,23.5,,,Delta_Coastal
Earthquake,13.3206,93.1216,4.5,1897,22.5,,,Delta_Coastal
Earthquake,22.7449,101.1232,4.7,3007,23.5,,,Mountain_Highland
Earthquake,25.1089,96.4115,4.5,1897,22.5,,,Inland_Plain
Earthquake,13.2054,93.5461,4.5,1897,22.5,,,Delta_Coastal
Earthquake,21.3196,93.8961,4.8,3785,24.0,,,Mountain_Highland
Earthquake,19.1085,95.8613,4.5,1897,22.5,,,Inland_Plain
Earthquake,10.1256,93.6765,5.0,6000,25.0,,,Delta_Coastal
Earthquake,24.3949,93.8041,4.6,2388,23.0,,,Mountain_Highland
Earthquake,27.0157,100.8211,4.7,3007,23.5,,,Mountain_Highland
Earthquake,26.8514,100.8523,4.8,3785,24.0,,,Mountain_Highland
Earthquake,10.2337,93.8875,4.5,1897,22.5,,,Delta_Coastal
Earthquake,17.4183,94.6671,4.5,1897,22.5,,,Delta_Coastal
Earthquake,22.8369,94.5714,4.8,3785,24.0,,,Inland_Plain
Earthquake,23.527,94.6623,5.4,15071,27.0,,,Inland_Plain
Earthquake,28.2065,100.6462,4.5,1897,22.5,,,Mountain_Highland
Earthquake,28.1289,100.5735,4.8,3785,24.0,,,Mountain_Highland
Earthquake,28.1464,100.523,4.7,3007,23.5,,,Mountain_Highland
Earthquake,28.232,100.6748,5.1,7553,25.5,,,Mountain_Highland
Earthquake,17.3772,94.2304,4.8,3785,24.0,,,Delta_Coastal
Earthquake,25.5222,96.6471,4.6,2388,23.0,,,Mountain_Highland
Earthquake,11.3815,92.9599,5.0,6000,25.0,,,Delta_Coastal
Earthquake,28.049,100.2389,5.0,6000,25.0,,,Mountain_Highland
Earthquake,26.4924,96.9139,5.7,30071,28.5,,,Mountain_Highland
Earthquake,11.2699,95.1326,4.8,3785,24.0,,,Delta_Coastal
Earthquake,16.4052,94.6639,4.6,2388,23.0,,,Delta_Coastal
Earthquake,22.5174,93.9868,4.9,4765,24.5,,,Mountain_Highland
Earthquake,22.9227,93.7803,4.6,2388,23.0,,,Mountain_Highland
Earthquake,21.5206,94.0805,4.9,4765,24.5,,,Mountain_Highland
Earthquake,12.0638,93.6037,4.7,3007,23.5,,,Delta_Coastal
Earthquake,24.3685,94.6019,4.5,1897,22.5,,,Inland_Plain
Earthquake,9.5148,93.9579,4.5,1897,22.5,,,Delta_Coastal
Earthquake,20.745,93.6907,4.5,1897,22.5,,,Mountain_Highland
Earthquake,11.7494,93.2401,4.5,1897,22.5,,,Delta_Coastal
Earthquake,11.7568,92.6708,4.6,2388,23.0,,,Delta_Coastal
Earthquake,26.0489,95.4358,4.5,1897,22.5,,,Inland_Plain
Earthquake,25.0911,96.5235,5.0,6000,25.0,,,Mountain_Highland
Earthquake,18.111,95.9762,4.5,1897,22.5,,,Inland_Plain
Earthquake,24.2615,98.1476,5.0,6000,25.0,,,Mountain_Highland
Earthquake,25.0005,95.5436,4.6,2388,23.0,,,Inland_Plain
Earthquake,12.1737,95.2346,4.8,3785,24.0,,,Delta_Coastal
Earthquake,25.1849,95.4219,4.6,2388,23.0,,,Inland_Plain
Earthquake,12.6576,95.2787,4.5,1897,22.5,,,Delta_Coastal
Earthquake,27.257,96.995,4.7,3007,23.5,,,Mountain_Highland
Earthquake,21.1488,99.3556,4.5,1897,22.5,,,Mountain_Highland
Earthquake,21.217,99.3304,5.7,30071,28.5,,,Mountain_Highland
Earthquake,13.4736,92.909,4.5,1897,22.5,,,Delta_Coastal
Earthquake,10.9291,93.063,4.9,4765,24.5,,,Delta_Coastal
Earthquake,26.2481,95.5087,4.8,3785,24.0,,,Inland_Plain
Earthquake,17.1447,96.1004,4.8,3785,24.0,,,Delta_Coastal
Earthquake,24.3645,94.8511,5.0,6000,25.0,,,Inland_Plain
Earthquake,24.6464,92.7849,4.8,3785,24.0,,,Mountain_Highland
Earthquake,20.6207,94.4893,4.5,1897,22.5,,,Mountain_Highland
Earthquake,20.6364,94.4043,4.7,3007,23.5,,,Mountain_Highland
Earthquake,26.3499,92.845,4.8,3785,24.0,,,Mountain_Highland
Earthquake,9.5714,93.9359,4.7,3007,23.5,,,Delta_Coastal
Earthquake,24.9796,92.2481,5.3,11971,26.5,,,Mountain_Highland
Earthquake,9.5521,93.8372,4.5,1897,22.5,,,Delta_Coastal
Earthquake,11.8507,92.0472,4.8,3785,24.0,,,Delta_Coastal
Earthquake,9.5163,94.0695,5.2,9509,26.0,,,Delta_Coastal
Earthquake,10.5368,93.5418,5.9,47659,29.5,,,Delta_Coastal
Earthquake,18.562,93.6142,4.6,2388,23.0,,,Mountain_Highland
Earthquake,13.792,94.1092,4.5,1897,22.5,,,Delta_Coastal
Earthquake,26.5274,96.3583,4.6,2388,23.0,,,Inland_Plain
Earthquake,21.0899,99.5285,4.5,1897,22.5,,,Mountain_Highland
Earthquake,13.7408,92.7235,4.7,3007,23.5,,,Delta_Coastal
Earthquake,15.4378,96.2622,4.9,4765,24.5,,,Delta_Coastal
Earthquake,15.4201,96.1549,4.6,2388,23.0,,,Delta_Coastal
Earthquake,15.4018,96.2849,4.7,3007,23.5,,,Delta_Coastal
Earthquake,15.235,96.2152,4.6,2388,23.0,,,Delta_Coastal
Earthquake,15.2546,96.2895,5.6,23886,28.0,,,Delta_Coastal
Earthquake,24.7339,92.0224,5.0,6000,25.0,,,Mountain_Highland
Earthquake,16.8861,95.5462,4.8,3785,24.0,,,Delta_Coastal
Earthquake,12.8765,95.4751,4.6,2388,23.0,,,Delta_Coastal
Earthquake,25.1051,96.2315,5.9,47659,29.5,,,Inland_Plain
Earthquake,26.7587,92.4485,4.9,4765,24.5,,,Mountain_Highland
Earthquake,13.407,94.1485,4.6,2388,23.0,,,Delta_Coastal
Earthquake,27.0688,92.6797,4.5,1897,22.5,,,Mountain_Highland
Earthquake,26.8674,97.023,5.0,6000,25.0,,,Mountain_Highland
Earthquake,21.6539,93.1376,4.5,1897,22.5,,,Mountain_Highland
Earthquake,10.972,92.0333,5.1,7553,25.5,,,Delta_Coastal
Earthquake,27.3244,97.0318,4.6,2388,23.0,,,Mountain_Highland
Earthquake,25.4275,99.3564,4.6,2388,23.0,,,Mountain_Highland
Earthquake,25.4011,99.2692,5.3,11971,26.5,,,Mountain_Highland
Earthquake,23.0061,94.3511,4.6,2388,23.0,,,Mountain_Highland
Earthquake,22.9943,94.8376,4.6,2388,23.0,,,Inland_Plain
Earthquake,24.276,94.7151,4.6,2388,23.0,,,Inland_Plain
Earthquake,13.3077,92.4291,4.9,4765,24.5,,,Delta_Coastal
Earthquake,16.1726,93.3461,4.5,1897,22.5,,,Delta_Coastal
Earthquake,24.5866,94.459,4.6,2388,23.0,,,Mountain_Highland
Earthquake,12.1363,93.5873,5.0,6000,25.0,,,Delta_Coastal
Earthquake,24.8836,93.079,5.1,7553,25.5,,,Mountain_Highland
Earthquake,10.0936,93.5847,4.8,3785,24.0,,,Delta_Coastal
Earthquake,26.705,96.5576,4.6,2388,23.0,,,Mountain_Highland
Earthquake,24.1249,95.8673,4.5,1897,22.5,,,Inland_Plain
Earthquake,17.4535,93.4248,4.7,3007,23.5,,,Delta_Coastal
Earthquake,23.2161,94.14,4.5,1897,22.5,,,Mountain_Highland
Earthquake,20.0744,95.9786,4.5,1897,22.5,,,Inland_Plain
Earthquake,21.8211,95.8905,4.6,2388,23.0,,,Inland_Plain
Earthquake,21.8573,95.8778,4.8,3785,24.0,,,Inland_Plain
Earthquake,12.736,93.633,4.5,1897,22.5,,,Delta_Coastal
Earthquake,26.0254,95.3931,4.5,1897,22.5,,,Inland_Plain
Earthquake,28.3835,94.4118,5.5,18973,27.5,,,Mountain_Highland
Earthquake,23.0649,94.5122,4.7,3007,23.5,,,Inland_Plain
Earthquake,19.6848,94.5597,4.6,2388,23.0,,,Inland_Plain
Earthquake,26.6099,96.5205,4.6,2388,23.0,,,Mountain_Highland
Earthquake,13.5414,94.2712,4.5,1897,22.5,,,Delta_Coastal
Earthquake,24.1894,94.6086,4.5,1897,22.5,,,Inland_Plain
Earthquake,11.5884,93.1518,5.1,7553,25.5,,,Delta_Coastal
Earthquake,22.8755,95.9272,4.6,2388,23.0,,,Inland_Plain
Earthquake,21.1176,99.8969,4.6,2388,23.0,,,Mountain_Highland
Earthquake,24.7823,94.9256,4.6,2388,23.0,,,Inland_Plain
Earthquake,23.1002,94.8968,5.6,23886,28.0,,,Inland_Plain
Earthquake,14.4837,92.9479,4.6,2388,23.0,,,Delta_Coastal
Earthquake,21.3093,94.8301,4.5,1897,22.5,,,Inland_Plain
Earthquake,13.9359,93.6367,5.0,6000,25.0,,,Delta_Coastal
Earthquake,10.3923,93.8489,4.6,2388,23.0,,,Delta_Coastal
Earthquake,25.0099,95.2338,4.6,2388,23.0,,,Inland_Plain
Earthquake,23.7516,94.5482,5.0,6000,25.0,,,Inland_Plain
Earthquake,10.2856,93.8306,4.6,2388,23.0,,,Delta_Coastal
Earthquake,21.1847,99.8918,4.5,1897,22.5,,,Mountain_Highland
Earthquake,21.0393,99.9212,4.8,3785,24.0,,,Mountain_Highland
Earthquake,23.5693,93.2709,4.6,2388,23.0,,,Mountain_Highland
Earthquake,21.1527,99.998,4.6,2388,23.0,,,Mountain_Highland
Earthquake,21.144,99.9004,4.9,4765,24.5,,,Mountain_Highland
Earthquake,21.1504,99.8777,5.9,47659,29.5,,,Mountain_Highland
Earthquake,21.1024,99.8624,4.9,4765,24.5,,,Mountain_Highland
Earthquake,24.1883,94.4481,4.5,1897,22.5,,,Mountain_Highland
Earthquake,10.3187,94.1649,4.5,1897,22.5,,,Delta_Coastal
Earthquake,10.4818,94.1885,5.2,9509,26.0,,,Delta_Coastal
Earthquake,10.4109,94.2296,4.8,3785,24.0,,,Delta_Coastal
Earthquake,10.3602,94.1827,4.5,1897,22.5,,,Delta_Coastal
Earthquake,18.6394,96.782,4.6,2388,23.0,,,Inland_Plain
Earthquake,10.3391,94.2494,4.6,2388,23.0,,,Delta_Coastal
Earthquake,10.4174,94.1129,4.5,1897,22.5,,,Delta_Coastal
Earthquake,10.4009,94.3816,4.5,1897,22.5,,,Delta_Coastal
Earthquake,10.3877,94.0749,4.5,1897,22.5,,,Delta_Coastal
Earthquake,10.368,94.2181,4.9,4765,24.5,,,Delta_Coastal
Earthquake,10.4628,94.1034,4.9,4765,24.5,,,Delta_Coastal
Earthquake,10.553,94.1619,4.9,4765,24.5,,,Delta_Coastal
Earthquake,10.2992,94.3324,4.7,3007,23.5,,,Delta_Coastal
Earthquake,10.2608,94.1562,4.8,3785,24.0,,,Delta_Coastal
Earthquake,10.2666,94.2833,5.0,6000,25.0,,,Delta_Coastal
Earthquake,10.3288,94.0598,4.9,4765,24.5,,,Delta_Coastal
Earthquake,10.3277,94.2534,5.4,15071,27.0,,,Delta_Coastal
Earthquake,10.2778,93.8421,4.5,1897,22.5,,,Delta_Coastal
Earthquake,10.4198,94.0743,4.5,1897,22.5,,,Delta_Coastal
Earthquake,10.2329,94.2382,4.6,2388,23.0,,,Delta_Coastal
Earthquake,10.3032,94.1408,4.9,4765,24.5,,,Delta_Coastal
Earthquake,10.3526,94.2481,4.9,4765,24.5,,,Delta_Coastal
Earthquake,10.4204,94.2649,4.9,4765,24.5,,,Delta_Coastal
Earthquake,10.5545,94.1795,4.9,4765,24.5,,,Delta_Coastal
Earthquake,10.2384,94.0024,4.5,1897,22.5,,,Delta_Coastal
Earthquake,10.4646,94.4605,4.6,2388,23.0,,,Delta_Coastal
Earthquake,10.2638,93.9224,5.0,6000,25.0,,,Delta_Coastal
Earthquake,10.3725,93.6866,4.6,2388,23.0,,,Delta_Coastal
Earthquake,10.4137,94.2287,4.7,3007,23.5,,,Delta_Coastal
Earthquake,10.2429,94.1027,4.8,3785,24.0,,,Delta_Coastal
Earthquake,10.4304,94.2504,4.9,4765,24.5,,,Delta_Coastal
Earthquake,9.9627,94.1363,4.5,1897,22.5,,,Delta_Coastal
Earthquake,10.3479,94.0109,4.5,1897,22.5,,,Delta_Coastal
Earthquake,10.2341,94.2256,4.5,1897,22.5,,,Delta_Coastal
Earthquake,10.1412,94.2325,4.6,2388,23.0,,,Delta_Coastal
Earthquake,10.3944,94.2851,5.0,6000,25.0,,,Delta_Coastal
Earthquake,10.4709,94.1822,4.5,1897,22.5,,,Delta_Coastal
Earthquake,10.3591,94.1964,5.0,6000,25.0,,,Delta_Coastal
Earthquake,10.4254,94.2342,4.5,1897,22.5,,,Delta_Coastal
Earthquake,10.3642,94.1744,4.7,3007,23.5,,,Delta_Coastal
Earthquake,10.3072,94.1437,5.0,6000,25.0,,,Delta_Coastal
Earthquake,10.4305,94.1413,5.1,7553,25.5,,,Delta_Coastal
Earthquake,10.3129,94.1035,4.5,1897,22.5,,,Delta_Coastal
Earthquake,10.3181,94.033,4.8,3785,24.0,,,Delta_Coastal
Earthquake,10.3658,94.0742,4.7,3007,23.5,,,Delta_Coastal
Earthquake,19.5636,94.8605,5.1,7553,25.5,,,Inland_Plain
Earthquake,21.1319,99.8911,4.7,3007,23.5,,,Mountain_Highland
Earthquake,23.2297,94.5018,4.6,2388,23.0,,,Inland_Plain
Earthquake,17.4476,94.2503,5.2,9509,26.0,,,Delta_Coastal
Earthquake,12.9434,93.4548,4.5,1897,22.5,,,Delta_Coastal
Earthquake,22.8336,93.4891,4.5,1897,22.5,,,Mountain_Highland
Earthquake,10.179,93.8413,4.6,2388,23.0,,,Delta_Coastal
Earthquake,9.7019,93.498,4.5,1897,22.5,,,Delta_Coastal
Earthquake,26.0674,99.9874,4.5,1897,22.5,,,Mountain_Highland
Earthquake,10.3401,92.4602,4.6,2388,23.0,,,Delta_Coastal
Earthquake,22.6784,94.2561,5.0,6000,25.0,,,Mountain_Highland
Earthquake,13.1672,93.0378,4.5,1897,22.5,,,Delta_Coastal
Earthquake,27.8952,100.6915,4.6,2388,23.0,,,Mountain_Highland
Earthquake,13.9992,92.9511,4.9,4765,24.5,,,Delta_Coastal
Earthquake,27.9643,100.8872,4.6,2388,23.0,,,Mountain_Highland
Earthquake,27.94,100.6023,4.7,3007,23.5,,,Mountain_Highland
Earthquake,14.6269,93.0229,4.7,3007,23.5,,,Delta_Coastal
Earthquake,24.1944,94.4865,4.5,1897,22.5,,,Mountain_Highland
Earthquake,22.7307,94.5412,4.5,1897,22.5,,,Inland_Plain
Earthquake,22.6801,93.3976,4.6,2388,23.0,,,Mountain_Highland
Earthquake,26.0883,96.4951,4.8,3785,24.0,,,Inland_Plain
Earthquake,10.7745,92.8626,4.5,1897,22.5,,,Delta_Coastal
Earthquake,23.0871,93.8172,5.4,15071,27.0,,,Mountain_Highland
Earthquake,24.0361,93.5196,4.5,1897,22.5,,,Mountain_Highland
Earthquake,25.2468,93.8695,4.6,2388,23.0,,,Mountain_Highland
Earthquake,27.1302,100.2948,4.6,2388,23.0,,,Mountain_Highland
Earthquake,25.22,94.1077,4.5,1897,22.5,,,Mountain_Highland
Earthquake,23.1568,94.6845,4.6,2388,23.0,,,Inland_Plain
Earthquake,27.8527,100.5876,4.7,3007,23.5,,,Mountain_Highland
Earthquake,11.9077,93.6061,4.6,2388,23.0,,,Delta_Coastal
Earthquake,13.0711,93.0237,4.7,3007,23.5,,,Delta_Coastal
Earthquake,27.7998,100.7176,5.4,15071,27.0,,,Mountain_Highland
Earthquake,9.8601,93.4354,5.0,6000,25.0,,,Delta_Coastal
Earthquake,22.9337,94.1653,4.7,3007,23.5,,,Mountain_Highland
Earthquake,10.2993,94.0416,5.0,6000,25.0,,,Delta_Coastal
Earthquake,27.6752,96.9853,4.5,1897,22.5,,,Mountain_Highland
Earthquake,19.5613,101.3109,5.5,18973,27.5,,,Mountain_Highland
Earthquake,13.7358,92.7495,5.1,7553,25.5,,,Delta_Coastal
Earthquake,23.1346,93.8775,4.5,1897,22.5,,,Mountain_Highland
Earthquake,23.6643,94.7467,4.5,1897,22.5,,,Inland_Plain
Earthquake,23.4414,96.1089,5.0,6000,25.0,,,Inland_Plain
Earthquake,27.0398,96.3025,4.6,2388,23.0,,,Inland_Plain
Earthquake,22.8232,93.5061,6.2,95093,31.0,,,Mountain_Highland
Earthquake,24.637,95.1196,4.6,2388,23.0,,,Inland_Plain
Earthquake,15.9095,93.0067,4.8,3785,24.0,,,Delta_Coastal
Earthquake,24.7068,95.1714,4.5,1897,22.5,,,Inland_Plain
Earthquake,9.8651,93.6735,4.9,4765,24.5,,,Delta_Coastal
Earthquake,26.6453,96.7986,4.8,3785,24.0,,,Mountain_Highland
Earthquake,19.5449,101.2571,4.6,2388,23.0,,,Mountain_Highland
Earthquake,22.5257,92.7906,4.8,3785,24.0,,,Mountain_Highland
Earthquake,22.3124,94.7676,5.5,18973,27.5,,,Inland_Plain
Earthquake,13.7634,93.7206,4.9,4765,24.5,,,Delta_Coastal
Earthquake,9.7592,93.6952,4.7,3007,23.5,,,Delta_Coastal
Earthquake,25.2256,94.8803,5.0,6000,25.0,,,Inland_Plain
Earthquake,23.4599,93.4042,4.6,2388,23.0,,,Mountain_Highland
Earthquake,12.8565,95.722,4.5,1897,22.5,,,Delta_Coastal
Earthquake,14.1061,92.9896,5.2,9509,26.0,,,Delta_Coastal
Earthquake,10.3157,93.729,4.5,1897,22.5,,,Delta_Coastal
Earthquake,10.263,93.728,4.8,3785,24.0,,,Delta_Coastal
Earthquake,10.1311,93.8015,4.7,3007,23.5,,,Delta_Coastal
Earthquake,26.5115,96.5587,4.5,1897,22.5,,,Mountain_Highland
Earthquake,10.1828,93.6781,4.6,2388,23.0,,,Delta_Coastal
Earthquake,25.094,96.2561,4.6,2388,23.0,,,Inland_Plain
Earthquake,10.5565,92.1981,4.7,3007,23.5,,,Delta_Coastal
Earthquake,22.2644,94.6702,4.6,2388,23.0,,,Inland_Plain
Earthquake,14.0695,92.8419,4.6,2388,23.0,,,Delta_Coastal
Earthquake,24.6509,94.4519,4.9,4765,24.5,,,Mountain_Highland
Earthquake,12.3093,95.038,4.7,3007,23.5,,,Delta_Coastal
Earthquake,22.4535,95.9084,4.8,3785,24.0,,,Inland_Plain
Earthquake,21.4095,94.7377,4.5,1897,22.5,,,Inland_Plain
Earthquake,22.8638,95.9967,5.5,18973,27.5,,,Inland_Plain
Earthquake,24.5824,94.4421,4.9,4765,24.5,,,Mountain_Highland
Earthquake,23.5272,94.7567,4.5,1897,22.5,,,Inland_Plain
Earthquake,22.4445,94.2123,4.5,1897,22.5,,,Mountain_Highland
Earthquake,13.6942,92.7449,4.6,2388,23.0,,,Delta_Coastal
Earthquake,25.0311,95.2274,4.6,2388,23.0,,,Inland_Plain
Earthquake,19.6805,101.1637,4.7,3007,23.5,,,Mountain_Highland
Earthquake,26.608,96.5397,4.6,2388,23.0,,,Mountain_Highland
Earthquake,28.0137,92.2097,4.6,2388,23.0,,,Mountain_Highland
Earthquake,26.7357,92.4583,4.5,1897,22.5,,,Mountain_Highland
Earthquake,12.9872,92.3504,4.6,2388,23.0,,,Delta_Coastal
Earthquake,26.6776,92.3948,4.5,1897,22.5,,,Mountain_Highland
Earthquake,26.6187,97.0854,4.8,3785,24.0,,,Mountain_Highland
Earthquake,24.9597,97.8861,4.9,4765,24.5,,,Mountain_Highland
Earthquake,12.8061,93.3096,4.5,1897,22.5,,,Delta_Coastal
Earthquake,22.5949,94.7171,4.5,1897,22.5,,,Inland_Plain
Earthquake,13.2087,92.8437,4.5,1897,22.5,,,Delta_Coastal
Earthquake,11.7799,94.876,4.5,1897,22.5,,,Delta_Coastal
Earthquake,25.709,100.0706,4.7,3007,23.5,,,Mountain_Highland
Earthquake,25.6714,99.978,4.9,4765,24.5,,,Mountain_Highland
Earthquake,25.6603,100.2397,4.5,1897,22.5,,,Mountain_Highland
Earthquake,25.6815,99.9907,5.1,7553,25.5,,,Mountain_Highland
Earthquake,25.838,100.1301,5.0,6000,25.0,,,Mountain_Highland
Earthquake,25.8236,100.0176,5.0,6000,25.0,,,Mountain_Highland
Earthquake,25.7274,100.0082,6.1,75535,30.5,,,Mountain_Highland
Earthquake,25.5476,99.9993,5.1,7553,25.5,,,Mountain_Highland
Earthquake,25.6924,100.0183,5.2,9509,26.0,,,Mountain_Highland
Earthquake,25.6579,99.9889,4.6,2388,23.0,,,Mountain_Highland
Earthquake,25.5864,99.9677,4.6,2388,23.0,,,Mountain_Highland
Earthquake,24.9625,95.1088,4.5,1897,22.5,,,Inland_Plain
Earthquake,24.4093,99.192,4.6,2388,23.0,,,Mountain_Highland
Earthquake,26.7477,92.4849,4.8,3785,24.0,,,Mountain_Highland
Earthquake,26.7489,92.5136,5.0,6000,25.0,,,Mountain_Highland
Earthquake,26.7813,92.4565,6.0,60000,30.0,,,Mountain_Highland
Earthquake,10.5902,94.2339,4.6,2388,23.0,,,Delta_Coastal
Earthquake,22.5129,94.1955,5.1,7553,25.5,,,Mountain_Highland
Earthquake,27.6289,92.6692,5.0,6000,25.0,,,Mountain_Highland
Earthquake,28.2935,93.7808,4.6,2388,23.0,,,Mountain_Highland
Earthquake,22.6746,94.565,4.5,1897,22.5,,,Inland_Plain
Earthquake,25.3809,95.0793,4.6,2388,23.0,,,Inland_Plain
Earthquake,22.8779,96.0167,4.5,1897,22.5,,,Inland_Plain
Earthquake,22.8585,95.9211,4.9,4765,24.5,,,Inland_Plain
Earthquake,26.7322,92.5712,4.6,2388,23.0,,,Mountain_Highland
Earthquake,11.9865,94.5033,4.7,3007,23.5,,,Delta_Coastal
Earthquake,20.9738,97.8148,4.7,3007,23.5,,,Mountain_Highland
Earthquake,27.3034,96.9396,4.5,1897,22.5,,,Mountain_Highland
Earthquake,16.0246,92.9758,4.5,1897,22.5,,,Delta_Coastal
Earthquake,25.6397,96.6534,4.8,3785,24.0,,,Mountain_Highland
Earthquake,22.2089,94.3877,5.1,7553,25.5,,,Mountain_Highland
Earthquake,21.8358,93.4233,4.6,2388,23.0,,,Mountain_Highland
Earthquake,12.619,93.2653,4.6,2388,23.0,,,Delta_Coastal
Earthquake,25.0149,99.3985,4.5,1897,22.5,,,Mountain_Highland
Earthquake,24.9595,94.9967,4.5,1897,22.5,,,Inland_Plain
Earthquake,23.6092,94.6188,5.0,6000,25.0,,,Inland_Plain
Earthquake,22.7939,94.4538,4.5,1897,22.5,,,Mountain_Highland
Earthquake,13.9453,92.9836,4.5,1897,22.5,,,Delta_Coastal
Earthquake,23.1644,94.1126,4.5,1897,22.5,,,Mountain_Highland
Earthquake,24.6661,93.4997,5.5,18973,27.5,,,Mountain_Highland
Earthquake,25.643,94.7776,4.6,2388,23.0,,,Inland_Plain
Earthquake,22.9861,93.7677,5.1,7553,25.5,,,Mountain_Highland
Earthquake,13.1472,93.1904,4.7,3007,23.5,,,Delta_Coastal
Earthquake,24.8788,95.2425,4.9,4765,24.5,,,Inland_Plain
Earthquake,23.41,92.0138,4.9,4765,24.5,,,Mountain_Highland
Earthquake,23.0656,93.2324,4.5,1897,22.5,,,Mountain_Highland
Earthquake,23.1636,93.3258,5.3,11971,26.5,,,Mountain_Highland
Earthquake,26.0998,95.5832,4.6,2388,23.0,,,Inland_Plain
Earthquake,9.5672,93.3607,4.9,4765,24.5,,,Delta_Coastal
Earthquake,23.2575,93.3418,4.8,3785,24.0,,,Mountain_Highland
Earthquake,22.3603,99.8653,4.5,1897,22.5,,,Mountain_Highland
Earthquake,12.1567,94.9118,4.5,1897,22.5,,,Delta_Coastal
Earthquake,21.7851,97.0208,4.5,1897,22.5,,,Mountain_Highland
Earthquake,12.0979,94.9745,5.7,30071,28.5,,,Delta_Coastal
Earthquake,12.0447,95.1004,4.8,3785,24.0,,,Delta_Coastal
Earthquake,23.1162,93.3092,5.1,7553,25.5,,,Mountain_Highland
Earthquake,11.8485,94.8316,5.0,6000,25.0,,,Delta_Coastal
Earthquake,11.8485,94.9362,6.1,75535,30.5,,,Delta_Coastal
Earthquake,11.8395,94.9771,5.1,7553,25.5,,,Delta_Coastal
Earthquake,11.8654,95.0388,4.6,2388,23.0,,,Delta_Coastal
Earthquake,11.6984,95.0094,4.8,3785,24.0,,,Delta_Coastal
Earthquake,14.3503,92.992,4.6,2388,23.0,,,Delta_Coastal
Earthquake,23.0831,93.3665,4.6,2388,23.0,,,Mountain_Highland
Earthquake,12.9785,92.4828,4.6,2388,23.0,,,Delta_Coastal
Earthquake,23.1732,93.2967,4.8,3785,24.0,,,Mountain_Highland
Earthquake,23.2815,93.3716,4.6,2388,23.0,,,Mountain_Highland
Earthquake,20.8724,94.2917,4.5,1897,22.5,,,Mountain_Highland
Earthquake,23.1939,93.2827,4.8,3785,24.0,,,Mountain_Highland
Earthquake,23.206,93.2628,4.5,1897,22.5,,,Mountain_Highland
Earthquake,23.1449,93.2856,5.6,23886,28.0,,,Mountain_Highland
Earthquake,23.9075,93.1135,4.9,4765,24.5,,,Mountain_Highland
Earthquake,22.4515,94.43,4.8,3785,24.0,,,Mountain_Highland
Earthquake,18.954,94.3005,4.8,3785,24.0,,,Mountain_Highland
Earthquake,23.2948,93.7812,4.8,3785,24.0,,,Mountain_Highland
Earthquake,26.6545,97.0594,4.8,3785,24.0,,,Mountain_Highland
Earthquake,10.2409,93.6808,4.6,2388,23.0,,,Delta_Coastal
Earthquake,23.7804,98.3563,4.6,2388,23.0,,,Mountain_Highland
Earthquake,10.8899,92.5217,4.7,3007,23.5,,,Delta_Coastal
Earthquake,11.7257,92.3273,4.5,1897,22.5,,,Delta_Coastal
Earthquake,24.3856,93.9197,5.1,7553,25.5,,,Mountain_Highland
Earthquake,14.0757,94.0306,4.7,3007,23.5,,,Delta_Coastal
Earthquake,20.5275,96.0814,4.6,2388,23.0,,,Inland_Plain
Earthquake,24.8084,94.1112,4.6,2388,23.0,,,Mountain_Highland
Earthquake,24.0324,95.8305,4.6,2388,23.0,,,Inland_Plain
Earthquake,22.7356,94.0722,4.5,1897,22.5,,,Mountain_Highland
Earthquake,22.8004,94.0292,5.9,47659,29.5,,,Mountain_Highland
Earthquake,26.4085,92.7724,4.5,1897,22.5,,,Mountain_Highland
Earthquake,25.0857,95.0671,4.5,1897,22.5,,,Inland_Plain
Earthquake,23.2305,96.1055,4.5,1897,22.5,,,Inland_Plain
Earthquake,25.8362,96.7751,4.5,1897,22.5,,,Mountain_Highland
Earthquake,24.4202,96.1023,4.8,3785,24.0,,,Inland_Plain
Earthquake,17.6247,94.3051,4.9,4765,24.5,,,Mountain_Highland
Earthquake,17.6453,94.317,4.6,2388,23.0,,,Mountain_Highland
Earthquake,13.1329,93.2938,4.9,4765,24.5,,,Delta_Coastal
Earthquake,20.5392,93.8715,4.6,2388,23.0,,,Mountain_Highland
Earthquake,10.3105,93.7827,5.0,6000,25.0,,,Delta_Coastal
Earthquake,20.5189,93.4447,4.9,4765,24.5,,,Mountain_Highland
Earthquake,23.661,96.0256,4.6,2388,23.0,,,Inland_Plain
Earthquake,25.0212,99.3544,4.5,1897,22.5,,,Mountain_Highland
Earthquake,23.0905,93.6727,4.6,2388,23.0,,,Mountain_Highland
Earthquake,13.692,93.3959,4.9,4765,24.5,,,Delta_Coastal
Earthquake,23.1791,96.0354,5.2,9509,26.0,,,Inland_Plain
Earthquake,14.2308,93.0511,4.5,1897,22.5,,,Delta_Coastal
Earthquake,19.2269,94.9378,5.3,11971,26.5,,,Inland_Plain
Earthquake,19.2631,95.0235,4.7,3007,23.5,,,Inland_Plain
Earthquake,24.155,94.3136,4.5,1897,22.5,,,Mountain_Highland
Earthquake,19.2874,101.4205,4.6,2388,23.0,,,Mountain_Highland
Earthquake,19.4533,101.3558,6.2,95093,31.0,,,Mountain_Highland
Earthquake,19.3945,101.3767,4.5,1897,22.5,,,Mountain_Highland
Earthquake,19.4452,101.2534,5.7,30071,28.5,,,Mountain_Highland
Earthquake,10.9867,95.1124,4.6,2388,23.0,,,Delta_Coastal
Earthquake,28.3132,100.7915,4.6,2388,23.0,,,Mountain_Highland
Earthquake,11.2863,92.9571,5.1,7553,25.5,,,Delta_Coastal
Earthquake,26.1728,93.3051,4.7,3007,23.5,,,Mountain_Highland
Earthquake,23.1641,94.2177,4.9,4765,24.5,,,Mountain_Highland
Earthquake,24.8695,94.1024,4.8,3785,24.0,,,Mountain_Highland
Earthquake,16.2362,95.0235,4.6,2388,23.0,,,Delta_Coastal
Earthquake,21.2484,94.7538,4.7,3007,23.5,,,Inland_Plain
Earthquake,25.0899,95.0419,4.5,1897,22.5,,,Inland_Plain
Earthquake,22.7414,95.522,5.4,15071,27.0,,,Inland_Plain
Earthquake,13.092,93.2507,4.9,4765,24.5,,,Delta_Coastal
Earthquake,26.4642,96.1069,4.7,3007,23.5,,,Inland_Plain
Earthquake,24.0196,93.858,5.0,6000,25.0,,,Mountain_Highland
Earthquake,18.3975,94.5477,4.8,3785,24.0,,,Inland_Plain
Earthquake,18.4733,94.5394,5.2,9509,26.0,,,Inland_Plain
Earthquake,25.6762,96.6433,4.7,3007,23.5,,,Mountain_Highland
Earthquake,11.9126,95.0085,5.0,6000,25.0,,,Delta_Coastal
Earthquake,25.2858,96.8919,4.8,3785,24.0,,,Mountain_Highland
Earthquake,23.627,94.6517,4.6,2388,23.0,,,Inland_Plain
Earthquake,14.1694,93.4565,4.5,1897,22.5,,,Delta_Coastal
Earthquake,26.2639,100.7307,4.8,3785,24.0,,,Mountain_Highland
Earthquake,27.7365,92.8044,4.9,4765,24.5,,,Mountain_Highland
Earthquake,27.7047,92.7236,4.7,3007,23.5,,,Mountain_Highland
Earthquake,27.7188,92.8302,5.5,18973,27.5,,,Mountain_Highland
Earthquake,11.8122,94.8487,4.9,4765,24.5,,,Delta_Coastal
Earthquake,18.6186,92.8565,4.7,3007,23.5,,,Mountain_Highland
Earthquake,18.5189,92.7871,4.8,3785,24.0,,,Mountain_Highland
Earthquake,24.9278,94.9219,4.5,1897,22.5,,,Inland_Plain
Earthquake,17.8972,96.1277,4.8,3785,24.0,,,Inland_Plain
Earthquake,12.1229,92.709,4.9,4765,24.5,,,Delta_Coastal
Earthquake,25.0414,94.8689,4.6,2388,23.0,,,Inland_Plain
Earthquake,23.9515,94.7518,4.5,1897,22.5,,,Inland_Plain
Earthquake,13.8733,92.9509,5.0,6000,25.0,,,Delta_Coastal
Earthquake,13.8921,92.9916,5.6,23886,28.0,,,Delta_Coastal
Earthquake,10.737,93.5702,4.6,2388,23.0,,,Delta_Coastal
Earthquake,26.2288,95.7216,5.2,9509,26.0,,,Inland_Plain
Earthquake,23.0333,94.8184,4.7,3007,23.5,,,Inland_Plain
Earthquake,26.4403,93.0258,4.6,2388,23.0,,,Mountain_Highland
Earthquake,23.5884,95.1868,4.5,1897,22.5,,,Inland_Plain
Earthquake,28.4073,94.5605,5.9,47659,29.5,,,Inland_Plain
Earthquake,10.2311,92.3966,4.5,1897,22.5,,,Delta_Coastal
Earthquake,22.7481,93.4162,4.6,2388,23.0,,,Mountain_Highland
Earthquake,14.069,93.1441,4.5,1897,22.5,,,Delta_Coastal
Earthquake,11.8466,92.8676,4.7,3007,23.5,,,Delta_Coastal
Earthquake,13.1345,95.4198,5.1,7553,25.5,,,Delta_Coastal
Earthquake,25.4467,94.4235,5.1,7553,25.5,,,Mountain_Highland
Earthquake,11.1534,95.1558,5.2,9509,26.0,,,Delta_Coastal
Earthquake,20.6982,93.4157,4.7,3007,23.5,,,Mountain_Highland
Earthquake,23.4028,98.4577,4.6,2388,23.0,,,Mountain_Highland
Earthquake,24.3186,93.5079,4.6,2388,23.0,,,Mountain_Highland
Earthquake,13.9762,93.1001,4.9,4765,24.5,,,Delta_Coastal
Earthquake,14.1145,93.0433,5.2,9509,26.0,,,Delta_Coastal
Earthquake,11.9231,92.8488,4.9,4765,24.5,,,Delta_Coastal
Earthquake,21.9349,94.4682,4.6,2388,23.0,,,Mountain_Highland
Earthquake,23.0149,93.9436,4.5,1897,22.5,,,Mountain_Highland
Earthquake,11.8129,93.6513,4.5,1897,22.5,,,Delta_Coastal
Earthquake,9.9158,92.8115,4.7,3007,23.5,,,Delta_Coastal
Earthquake,19.1948,99.615,4.6,2388,23.0,,,Mountain_Highland
Earthquake,22.4139,92.8472,4.8,3785,24.0,,,Mountain_Highland
Earthquake,22.8653,101.4423,4.5,1897,22.5,,,Mountain_Highland
Earthquake,27.3345,96.3645,5.0,6000,25.0,,,Inland_Plain
Earthquake,24.5236,93.8824,4.5,1897,22.5,,,Mountain_Highland
Earthquake,18.2393,96.0814,4.5,1897,22.5,,,Inland_Plain
Earthquake,24.4032,94.0239,4.7,3007,23.5,,,Mountain_Highland
Earthquake,24.8046,94.3026,4.7,3007,23.5,,,Mountain_Highland
Earthquake,24.3098,93.8919,4.6,2388,23.0,,,Mountain_Highland
Earthquake,24.0031,94.8664,4.5,1897,22.5,,,Inland_Plain
Earthquake,14.0245,92.9974,4.5,1897,22.5,,,Delta_Coastal
Earthquake,24.8046,96.3344,4.7,3007,23.5,,,Inland_Plain
Earthquake,26.7955,99.4683,4.5,1897,22.5,,,Mountain_Highland
Earthquake,11.7558,93.3604,4.5,1897,22.5,,,Delta_Coastal
Earthquake,23.3862,94.5614,5.0,6000,25.0,,,Inland_Plain
Earthquake,26.4496,96.6002,4.7,3007,23.5,,,Mountain_Highland
Earthquake,24.5152,94.8152,4.5,1897,22.5,,,Inland_Plain
Earthquake,28.0036,92.6174,4.8,3785,24.0,,,Mountain_Highland
Earthquake,23.5204,94.274,4.5,1897,22.5,,,Mountain_Highland
Earthquake,27.1986,96.9185,5.4,15071,27.0,,,Mountain_Highland
Earthquake,20.2418,93.6524,4.5,1897,22.5,,,Mountain_Highland
Earthquake,21.5181,94.3974,4.9,4765,24.5,,,Mountain_Highland
Earthquake,23.9724,93.3925,5.2,9509,26.0,,,Mountain_Highland
Earthquake,19.9145,95.4886,4.6,2388,23.0,,,Inland_Plain
Earthquake,19.0858,95.6347,4.9,4765,24.5,,,Inland_Plain
Earthquake,19.0329,95.6084,5.1,7553,25.5,,,Inland_Plain
Earthquake,19.3133,96.2332,4.5,1897,22.5,,,Inland_Plain
Earthquake,12.9046,92.2347,5.1,7553,25.5,,,Delta_Coastal
Earthquake,19.0589,95.7362,4.5,1897,22.5,,,Inland_Plain
Earthquake,24.7558,95.3651,4.6,2388,23.0,,,Inland_Plain
Earthquake,24.6758,94.7739,4.5,1897,22.5,,,Inland_Plain
Earthquake,23.9936,94.7501,4.9,4765,24.5,,,Inland_Plain
Earthquake,14.0665,93.2233,4.9,4765,24.5,,,Delta_Coastal
Earthquake,18.9496,94.8278,4.7,3007,23.5,,,Inland_Plain
Earthquake,15.4142,94.2819,4.6,2388,23.0,,,Delta_Coastal
Earthquake,12.9343,93.4058,4.5,1897,22.5,,,Delta_Coastal
Earthquake,14.5358,96.4672,5.1,7553,25.5,,,Delta_Coastal
Earthquake,15.5507,94.3396,4.5,1897,22.5,,,Delta_Coastal
Earthquake,13.1648,92.4982,4.8,3785,24.0,,,Delta_Coastal
Earthquake,20.2592,97.9109,4.6,2388,23.0,,,Mountain_Highland
Earthquake,19.8314,96.1403,4.7,3007,23.5,,,Inland_Plain
Earthquake,22.2092,95.0342,4.6,2388,23.0,,,Inland_Plain
Earthquake,23.927,93.8741,4.6,2388,23.0,,,Mountain_Highland
Earthquake,10.1921,93.0909,4.5,1897,22.5,,,Delta_Coastal
Earthquake,24.6071,94.3727,4.5,1897,22.5,,,Mountain_Highland
Earthquake,18.3467,96.1535,4.6,2388,23.0,,,Inland_Plain
Earthquake,18.2751,96.0703,5.0,6000,25.0,,,Inland_Plain
Earthquake,26.3263,92.6686,4.9,4765,24.5,,,Mountain_Highland
Earthquake,13.5505,92.9769,4.5,1897,22.5,,,Delta_Coastal
Earthquake,23.8585,94.4873,4.7,3007,23.5,,,Mountain_Highland
Earthquake,24.5969,95.1002,4.8,3785,24.0,,,Inland_Plain
Earthquake,27.1823,96.9851,4.9,4765,24.5,,,Mountain_Highland
Earthquake,23.1945,94.6164,4.5,1897,22.5,,,Inland_Plain
Earthquake,9.5212,93.4269,5.2,9509,26.0,,,Delta_Coastal
Earthquake,22.9983,94.5796,4.5,1897,22.5,,,Inland_Plain
Earthquake,10.8902,93.6517,4.7,3007,23.5,,,Delta_Coastal
Earthquake,12.2515,95.9839,4.7,3007,23.5,,,Delta_Coastal
Earthquake,24.6396,96.0213,4.6,2388,23.0,,,Inland_Plain
Earthquake,21.1341,94.4582,4.5,1897,22.5,,,Mountain_Highland
Earthquake,18.3623,96.1394,5.1,7553,25.5,,,Inland_Plain
Earthquake,22.9621,94.6137,5.1,7553,25.5,,,Inland_Plain
Earthquake,13.1779,92.3513,4.9,4765,24.5,,,Delta_Coastal
Earthquake,18.2489,96.0331,4.9,4765,24.5,,,Inland_Plain
Earthquake,18.3529,96.0939,4.7,3007,23.5,,,Inland_Plain
Earthquake,18.3221,96.1596,5.0,6000,25.0,,,Inland_Plain
Earthquake,18.3668,96.1628,4.9,4765,24.5,,,Inland_Plain
Earthquake,22.6019,96.0753,4.5,1897,22.5,,,Inland_Plain
Earthquake,24.8388,95.3185,4.6,2388,23.0,,,Inland_Plain
Earthquake,26.4448,96.9676,4.9,4765,24.5,,,Mountain_Highland
Earthquake,18.3849,96.151,5.1,7553,25.5,,,Inland_Plain
Earthquake,24.4242,93.5687,4.5,1897,22.5,,,Mountain_Highland
Earthquake,25.1354,98.9952,4.6,2388,23.0,,,Mountain_Highland
Earthquake,19.8317,95.9379,4.8,3785,24.0,,,Inland_Plain
Earthquake,18.4234,96.1598,4.9,4765,24.5,,,Inland_Plain
Earthquake,24.4632,100.8439,4.7,3007,23.5,,,Mountain_Highland
Earthquake,18.751,95.3043,4.7,3007,23.5,,,Inland_Plain
Earthquake,12.3508,93.1579,5.2,9509,26.0,,,Delta_Coastal
Earthquake,22.2796,100.9456,4.6,2388,23.0,,,Mountain_Highland
Earthquake,18.2777,96.234,4.6,2388,23.0,,,Inland_Plain
Earthquake,20.5966,99.5264,4.6,2388,23.0,,,Mountain_Highland
Earthquake,22.8042,94.4713,4.6,2388,23.0,,,Mountain_Highland
Earthquake,18.2864,96.0706,4.7,3007,23.5,,,Inland_Plain
Earthquake,25.2304,95.0332,4.5,1897,22.5,,,Inland_Plain
Earthquake,18.4364,96.0954,4.5,1897,22.5,,,Inland_Plain
Earthquake,18.3202,96.0978,4.7,3007,23.5,,,Inland_Plain
Earthquake,12.1779,92.4336,4.7,3007,23.5,,,Delta_Coastal
Earthquake,18.3725,96.0922,4.6,2388,23.0,,,Inland_Plain
Earthquake,18.3926,96.2827,4.9,4765,24.5,,,Inland_Plain
Earthquake,18.5356,96.1126,4.6,2388,23.0,,,Inland_Plain
Earthquake,18.348,96.0162,4.7,3007,23.5,,,Inland_Plain
Earthquake,18.4286,96.1265,4.6,2388,23.0,,,Inland_Plain
Earthquake,18.4183,96.0697,4.9,4765,24.5,,,Inland_Plain
Earthquake,18.4505,96.1686,5.2,9509,26.0,,,Inland_Plain
Earthquake,18.3156,96.1079,4.9,4765,24.5,,,Inland_Plain
Earthquake,18.4229,95.9558,5.2,9509,26.0,,,Inland_Plain
Earthquake,18.3719,96.0717,6.0,60000,30.0,,,Inland_Plain
Earthquake,24.7382,94.9055,5.6,23886,28.0,,,Inland_Plain
Earthquake,23.9454,99.2463,4.6,2388,23.0,,,Mountain_Highland
Earthquake,26.6901,96.1232,4.7,3007,23.5,,,Inland_Plain
Earthquake,22.0556,94.4044,5.0,6000,25.0,,,Mountain_Highland
Earthquake,23.4302,94.6812,4.6,2388,23.0,,,Inland_Plain
Earthquake,10.0394,93.0186,4.8,3785,24.0,,,Delta_Coastal
Earthquake,9.7595,93.5468,4.9,4765,24.5,,,Delta_Coastal
Earthquake,27.6391,94.2556,4.6,2388,23.0,,,Mountain_Highland
Earthquake,11.8055,93.8373,4.6,2388,23.0,,,Delta_Coastal
Earthquake,22.3606,94.5037,4.7,3007,23.5,,,Inland_Plain
Earthquake,19.471,94.3463,4.5,1897,22.5,,,Mountain_Highland
Earthquake,23.6935,94.543,4.9,4765,24.5,,,Inland_Plain
Earthquake,12.7959,95.4699,4.5,1897,22.5,,,Delta_Coastal
Earthquake,13.7225,92.9359,4.7,3007,23.5,,,Delta_Coastal
Earthquake,13.032,93.3537,4.6,2388,23.0,,,Delta_Coastal
Earthquake,12.9368,92.4082,4.5,1897,22.5,,,Delta_Coastal
Earthquake,11.9798,95.0763,5.0,6000,25.0,,,Delta_Coastal
Earthquake,19.0907,95.0896,4.6,2388,23.0,,,Inland_Plain
Earthquake,25.0388,94.7337,4.5,1897,22.5,,,Inland_Plain
Earthquake,21.4428,94.5413,4.6,2388,23.0,,,Inland_Plain
Earthquake,12.8898,92.3055,4.5,1897,22.5,,,Delta_Coastal
Earthquake,21.6629,94.5729,4.5,1897,22.5,,,Inland_Plain
Earthquake,12.8183,92.0967,5.0,6000,25.0,,,Delta_Coastal
Earthquake,12.7773,92.0628,4.5,1897,22.5,,,Delta_Coastal
Earthquake,18.83,94.8786,4.8,3785,24.0,,,Inland_Plain
Earthquake,17.4028,95.9326,4.6,2388,23.0,,,Delta_Coastal
Earthquake,10.2437,93.1611,5.0,6000,25.0,,,Delta_Coastal
Earthquake,25.8288,94.5263,4.6,2388,23.0,,,Inland_Plain
Earthquake,13.639,92.8043,4.5,1897,22.5,,,Delta_Coastal
Earthquake,24.3214,93.6199,5.1,7553,25.5,,,Mountain_Highland
Earthquake,20.9992,93.5667,4.6,2388,23.0,,,Mountain_Highland
Earthquake,23.5329,94.5573,4.8,3785,24.0,,,Inland_Plain
Earthquake,10.4269,93.8907,4.5,1897,22.5,,,Delta_Coastal
Earthquake,24.3592,94.7001,4.9,4765,24.5,,,Inland_Plain
Earthquake,23.8429,94.7107,4.6,2388,23.0,,,Inland_Plain
Earthquake,23.0408,94.4765,4.6,2388,23.0,,,Mountain_Highland
Earthquake,24.6306,93.9674,4.6,2388,23.0,,,Mountain_Highland
Earthquake,25.2784,95.1091,4.6,2388,23.0,,,Inland_Plain
Earthquake,11.5138,95.0885,4.6,2388,23.0,,,Delta_Coastal
Earthquake,12.7126,93.5971,4.6,2388,23.0,,,Delta_Coastal
Earthquake,11.4865,95.052,4.6,2388,23.0,,,Delta_Coastal
Earthquake,13.7401,92.548,5.0,6000,25.0,,,Delta_Coastal
Earthquake,11.7813,94.8399,4.7,3007,23.5,,,Delta_Coastal
Earthquake,20.7105,100.1532,4.7,3007,23.5,,,Mountain_Highland
Earthquake,14.4592,93.0491,5.3,11971,26.5,,,Delta_Coastal
Earthquake,25.9382,99.8406,5.0,6000,25.0,,,Mountain_Highland
Earthquake,25.8832,99.8842,4.6,2388,23.0,,,Mountain_Highland
Earthquake,25.0469,95.0201,4.5,1897,22.5,,,Inland_Plain
Earthquake,9.9624,93.5567,4.6,2388,23.0,,,Delta_Coastal
Earthquake,11.1741,92.8778,4.8,3785,24.0,,,Delta_Coastal
Earthquake,17.3991,95.9998,5.1,7553,25.5,,,Delta_Coastal
Earthquake,24.7062,94.5703,4.7,3007,23.5,,,Inland_Plain
Earthquake,25.1865,94.6658,5.1,7553,25.5,,,Inland_Plain
Earthquake,12.2124,93.2046,4.5,1897,22.5,,,Delta_Coastal
Earthquake,24.0437,93.4825,5.0,6000,25.0,,,Mountain_Highland
Earthquake,22.5372,94.7713,4.5,1897,22.5,,,Inland_Plain
Earthquake,25.9321,96.4968,4.5,1897,22.5,,,Inland_Plain
Earthquake,12.2,94.9698,4.9,4765,24.5,,,Delta_Coastal
Earthquake,24.559,94.5655,4.5,1897,22.5,,,Inland_Plain
Earthquake,26.4049,95.364,4.5,1897,22.5,,,Inland_Plain
Earthquake,22.9682,94.7422,4.6,2388,23.0,,,Inland_Plain
Earthquake,23.3168,94.5035,5.1,7553,25.5,,,Inland_Plain
Earthquake,24.0151,92.0177,5.7,30071,28.5,,,Mountain_Highland
Earthquake,21.1208,98.4506,4.6,2388,23.0,,,Mountain_Highland
Earthquake,28.0362,101.4146,4.7,3007,23.5,,,Mountain_Highland
Earthquake,23.447,94.8822,4.6,2388,23.0,,,Inland_Plain
Earthquake,13.1382,93.0599,4.6,2388,23.0,,,Delta_Coastal
Earthquake,25.7955,99.9766,4.5,1897,22.5,,,Mountain_Highland
Earthquake,24.6475,92.3284,4.6,2388,23.0,,,Mountain_Highland
Earthquake,10.6904,93.6834,4.6,2388,23.0,,,Delta_Coastal
Earthquake,23.1261,92.8708,4.7,3007,23.5,,,Mountain_Highland
Earthquake,22.899,94.6,4.9,4765,24.5,,,Inland_Plain
Earthquake,24.8275,96.2738,4.6,2388,23.0,,,Inland_Plain
Earthquake,25.2519,95.0006,4.7,3007,23.5,,,Inland_Plain
Earthquake,23.1834,94.1855,4.5,1897,22.5,,,Mountain_Highland
Earthquake,25.2601,95.6127,4.6,2388,23.0,,,Inland_Plain
Earthquake,10.3504,92.6927,4.6,2388,23.0,,,Delta_Coastal
Earthquake,9.8342,93.2204,4.6,2388,23.0,,,Delta_Coastal
Earthquake,27.2224,96.8182,4.5,1897,22.5,,,Mountain_Highland
Earthquake,20.9317,94.6688,4.5,1897,22.5,,,Inland_Plain
Earthquake,20.9228,94.569,6.8,378574,34.0,,,Inland_Plain
Earthquake,23.8972,94.6983,5.0,6000,25.0,,,Inland_Plain
Earthquake,11.9017,93.5881,4.6,2388,23.0,,,Delta_Coastal
Earthquake,22.5185,94.7324,4.5,1897,22.5,,,Inland_Plain
Earthquake,21.3109,94.9305,5.1,7553,25.5,,,Inland_Plain
Earthquake,21.809,99.8216,4.7,3007,23.5,,,Mountain_Highland
Earthquake,21.5143,94.5705,4.9,4765,24.5,,,Inland_Plain
Earthquake,14.9748,96.4342,5.0,6000,25.0,,,Delta_Coastal
Earthquake,15.4873,93.8979,4.6,2388,23.0,,,Delta_Coastal
Earthquake,12.0821,95.1704,4.5,1897,22.5,,,Delta_Coastal
Earthquake,22.4144,93.7739,4.5,1897,22.5,,,Mountain_Highland
Earthquake,24.9691,95.3737,4.7,3007,23.5,,,Inland_Plain
Earthquake,22.7084,92.0667,4.7,3007,23.5,,,Mountain_Highland
Earthquake,22.6845,94.6296,4.6,2388,23.0,,,Inland_Plain
Earthquake,20.5353,93.9691,4.5,1897,22.5,,,Mountain_Highland
Earthquake,25.7858,95.2245,4.5,1897,22.5,,,Inland_Plain
Earthquake,18.5171,96.5261,4.6,2388,23.0,,,Inland_Plain
Earthquake,26.5252,96.4968,4.6,2388,23.0,,,Inland_Plain
Earthquake,22.7638,93.9152,4.8,3785,24.0,,,Mountain_Highland
Earthquake,26.0846,99.575,4.8,3785,24.0,,,Mountain_Highland
Earthquake,26.0476,99.492,4.9,4765,24.5,,,Mountain_Highland
Earthquake,24.2716,94.3125,4.8,3785,24.0,,,Mountain_Highland
Earthquake,9.9398,93.8287,4.5,1897,22.5,,,Delta_Coastal
Earthquake,10.2153,93.6895,5.3,11971,26.5,,,Delta_Coastal
Earthquake,12.9466,92.3335,4.7,3007,23.5,,,Delta_Coastal
Earthquake,23.816,94.1986,4.6,2388,23.0,,,Mountain_Highland
Earthquake,12.5623,95.1787,4.9,4765,24.5,,,Delta_Coastal
Earthquake,23.0944,94.8654,6.9,476596,34.5,,,Inland_Plain
Earthquake,24.6302,96.1321,4.5,1897,22.5,,,Inland_Plain
Earthquake,26.245,92.2565,4.5,1897,22.5,,,Mountain_Highland
Earthquake,28.0616,101.4009,4.7,3007,23.5,,,Mountain_Highland
Earthquake,22.7585,93.9433,4.5,1897,22.5,,,Mountain_Highland
Earthquake,20.98,95.0238,4.6,2388,23.0,,,Inland_Plain
Earthquake,21.6851,101.3736,4.5,1897,22.5,,,Mountain_Highland
Earthquake,13.4762,93.915,4.5,1897,22.5,,,Delta_Coastal
Earthquake,26.196,93.4977,4.7,3007,23.5,,,Mountain_Highland
Earthquake,26.0834,99.5903,4.6,2388,23.0,,,Mountain_Highland
Earthquake,14.2933,93.204,5.1,7553,25.5,,,Delta_Coastal
Earthquake,13.7261,93.8004,4.6,2388,23.0,,,Delta_Coastal
Earthquake,24.8036,93.6505,6.7,300712,33.5,,,Mountain_Highland
Earthquake,12.6843,93.4126,4.7,3007,23.5,,,Delta_Coastal
Earthquake,10.4689,93.9392,4.5,1897,22.5,,,Delta_Coastal
Earthquake,22.5864,94.9855,4.6,2388,23.0,,,Inland_Plain
Earthquake,26.4076,92.9745,4.7,3007,23.5,,,Mountain_Highland
Earthquake,13.714,93.5448,4.5,1897,22.5,,,Delta_Coastal
Earthquake,25.0907,99.5721,5.2,9509,26.0,,,Mountain_Highland
Earthquake,24.6819,92.4488,4.8,3785,24.0,,,Mountain_Highland
Earthquake,27.55,100.3,4.7,3007,23.5,,,Mountain_Highland
Earthquake,24.2558,96.0264,4.5,1897,22.5,,,Inland_Plain
Earthquake,22.5271,93.4444,4.6,2388,23.0,,,Mountain_Highland
Earthquake,22.9503,94.4498,4.7,3007,23.5,,,Mountain_Highland
Earthquake,12.1895,95.0107,4.7,3007,23.5,,,Delta_Coastal
Earthquake,24.5969,94.6668,4.7,3007,23.5,,,Inland_Plain
Earthquake,27.6703,100.2728,4.6,2388,23.0,,,Mountain_Highland
Earthquake,24.5826,94.8224,4.5,1897,22.5,,,Inland_Plain
Earthquake,13.257,93.6061,4.5,1897,22.5,,,Delta_Coastal
Earthquake,18.3756,95.7085,4.5,1897,22.5,,,Inland_Plain
Earthquake,24.6339,94.8588,4.5,1897,22.5,,,Inland_Plain
Earthquake,18.4281,95.9666,4.5,1897,22.5,,,Inland_Plain
Earthquake,11.7006,92.3479,4.7,3007,23.5,,,Delta_Coastal
Earthquake,19.0777,96.2302,5.0,6000,25.0,,,Inland_Plain
Earthquake,26.4644,96.5118,4.5,1897,22.5,,,Mountain_Highland
Earthquake,12.9416,93.2393,4.5,1897,22.5,,,Delta_Coastal
Earthquake,11.4234,95.032,5.5,18973,27.5,,,Delta_Coastal
Earthquake,11.4867,94.9322,4.8,3785,24.0,,,Delta_Coastal
Earthquake,13.1543,93.2895,4.8,3785,24.0,,,Delta_Coastal
Earthquake,11.1788,94.7854,4.5,1897,22.5,,,Delta_Coastal
Earthquake,14.0119,93.5776,5.2,9509,26.0,,,Delta_Coastal
Earthquake,22.1323,93.2059,4.5,1897,22.5,,,Mountain_Highland
Earthquake,20.465,98.9465,4.6,2388,23.0,,,Mountain_Highland
Earthquake,13.6955,92.8907,4.5,1897,22.5,,,Delta_Coastal
Earthquake,26.2401,94.7996,4.8,3785,24.0,,,Inland_Plain
Earthquake,12.2983,94.9874,4.9,4765,24.5,,,Delta_Coastal
Earthquake,14.1208,92.9493,5.1,7553,25.5,,,Delta_Coastal
Earthquake,26.7924,92.7714,4.8,3785,24.0,,,Mountain_Highland
Earthquake,14.0702,92.8474,5.1,7553,25.5,,,Delta_Coastal
Earthquake,10.5197,93.3413,4.6,2388,23.0,,,Delta_Coastal
Earthquake,23.255,94.263,4.5,1897,22.5,,,Mountain_Highland
Earthquake,9.891,93.3838,4.9,4765,24.5,,,Delta_Coastal
Earthquake,13.4596,92.7483,4.6,2388,23.0,,,Delta_Coastal
Earthquake,23.4662,99.0155,4.5,1897,22.5,,,Mountain_Highland
Earthquake,23.5657,98.8539,5.2,9509,26.0,,,Mountain_Highland
Earthquake,10.8233,92.0612,4.5,1897,22.5,,,Delta_Coastal
Earthquake,23.9982,93.923,4.8,3785,24.0,,,Mountain_Highland
Earthquake,13.2332,92.3474,5.1,7553,25.5,,,Delta_Coastal
Earthquake,10.1025,92.9256,4.7,3007,23.5,,,Delta_Coastal
Earthquake,25.0231,95.1923,4.7,3007,23.5,,,Inland_Plain
Earthquake,10.9378,93.5415,4.6,2388,23.0,,,Delta_Coastal
Earthquake,21.9688,93.3698,4.5,1897,22.5,,,Mountain_Highland
Earthquake,22.6329,94.1131,4.5,1897,22.5,,,Mountain_Highland
Earthquake,21.4859,98.4374,4.8,3785,24.0,,,Mountain_Highland
Earthquake,24.2001,94.6939,5.1,7553,25.5,,,Inland_Plain
Earthquake,24.405,94.5261,4.7,3007,23.5,,,Inland_Plain
Earthquake,11.8283,93.5972,4.5,1897,22.5,,,Delta_Coastal
Earthquake,23.3802,100.5213,4.6,2388,23.0,,,Mountain_Highland
Earthquake,23.3577,100.533,5.6,23886,28.0,,,Mountain_Highland
Earthquake,23.3363,100.4736,5.6,23886,28.0,,,Mountain_Highland
Earthquake,26.886,92.6206,4.6,2388,23.0,,,Mountain_Highland
Earthquake,11.1086,93.6105,4.6,2388,23.0,,,Delta_Coastal
Earthquake,12.5135,92.7957,5.3,11971,26.5,,,Delta_Coastal
Earthquake,23.8065,93.7677,4.5,1897,22.5,,,Mountain_Highland
Earthquake,23.5043,93.5255,4.6,2388,23.0,,,Mountain_Highland
Earthquake,23.5081,93.5148,5.6,23886,28.0,,,Mountain_Highland
Earthquake,23.3318,100.5036,4.5,1897,22.5,,,Mountain_Highland
Earthquake,20.7795,94.4211,5.3,11971,26.5,,,Mountain_Highland
Earthquake,23.5981,94.0857,4.7,3007,23.5,,,Mountain_Highland
Earthquake,19.4662,94.9167,4.6,2388,23.0,,,Inland_Plain
Earthquake,24.8744,94.866,4.8,3785,24.0,,,Inland_Plain
Earthquake,24.8777,96.298,4.8,3785,24.0,,,Inland_Plain
Earthquake,23.6866,94.6864,4.6,2388,23.0,,,Inland_Plain
Earthquake,23.9814,93.9631,4.6,2388,23.0,,,Mountain_Highland
Earthquake,27.1694,97.0744,4.7,3007,23.5,,,Mountain_Highland
Earthquake,12.8728,93.8655,4.9,4765,24.5,,,Delta_Coastal
Earthquake,23.4364,100.5024,4.7,3007,23.5,,,Mountain_Highland
Earthquake,18.2953,95.2938,4.5,1897,22.5,,,Inland_Plain
Earthquake,23.3834,100.4702,6.1,75535,30.5,,,Mountain_Highland
Earthquake,14.2611,93.1258,4.6,2388,23.0,,,Delta_Coastal
Earthquake,12.5193,95.2254,5.5,18973,27.5,,,Delta_Coastal
Earthquake,23.4256,94.6821,4.5,1897,22.5,,,Inland_Plain
Earthquake,20.5933,92.9736,4.5,1897,22.5,,,Mountain_Highland
Earthquake,22.1989,93.244,5.4,15071,27.0,,,Mountain_Highland
Earthquake,14.2877,92.8678,4.6,2388,23.0,,,Delta_Coastal
Earthquake,25.0074,95.365,4.7,3007,23.5,,,Inland_Plain
Earthquake,14.3762,93.1925,4.6,2388,23.0,,,Delta_Coastal
Earthquake,19.5784,99.4487,4.5,1897,22.5,,,Mountain_Highland
Earthquake,24.593,94.5693,5.0,6000,25.0,,,Inland_Plain
Earthquake,15.8545,96.2541,4.6,2388,23.0,,,Delta_Coastal
Earthquake,11.8708,93.6433,4.7,3007,23.5,,,Delta_Coastal
Earthquake,11.9976,95.1248,4.6,2388,23.0,,,Delta_Coastal
Earthquake,12.4019,95.5705,4.6,2388,23.0,,,Delta_Coastal
Earthquake,24.3849,94.7039,4.7,3007,23.5,,,Inland_Plain
Earthquake,12.3436,95.0439,5.1,7553,25.5,,,Delta_Coastal
Earthquake,12.4743,95.2033,4.9,4765,24.5,,,Delta_Coastal
Earthquake,12.4404,95.3165,4.6,2388,23.0,,,Delta_Coastal
Earthquake,12.4337,95.2033,5.8,37857,29.0,,,Delta_Coastal
Earthquake,22.4269,94.6179,4.6,2388,23.0,,,Inland_Plain
Earthquake,14.3603,93.0904,5.3,11971,26.5,,,Delta_Coastal
Earthquake,21.7702,93.5718,4.5,1897,22.5,,,Mountain_Highland
Earthquake,19.6266,96.1897,4.6,2388,23.0,,,Inland_Plain
Earthquake,22.5351,93.3926,4.6,2388,23.0,,,Mountain_Highland
Earthquake,24.8779,97.7542,4.5,1897,22.5,,,Mountain_Highland
Earthquake,16.5243,95.6809,4.7,3007,23.5,,,Delta_Coastal
Earthquake,24.9766,97.912,4.7,3007,23.5,,,Mountain_Highland
Earthquake,24.9997,97.845,5.9,47659,29.5,,,Mountain_Highland
Earthquake,24.2536,94.4977,4.6,2388,23.0,,,Mountain_Highland
Earthquake,24.9737,97.8437,5.8,37857,29.0,,,Mountain_Highland
Earthquake,12.1894,95.2604,4.5,1897,22.5,,,Delta_Coastal
Earthquake,19.6549,99.5832,4.5,1897,22.5,,,Mountain_Highland
Earthquake,19.6832,99.5271,4.6,2388,23.0,,,Mountain_Highland
Earthquake,19.6185,99.4702,5.0,6000,25.0,,,Mountain_Highland
Earthquake,19.7013,99.6272,5.0,6000,25.0,,,Mountain_Highland
Earthquake,19.6647,99.6675,4.6,2388,23.0,,,Mountain_Highland
Earthquake,19.6557,99.6696,6.1,75535,30.5,,,Mountain_Highland
Earthquake,26.0417,100.6494,4.5,1897,22.5,,,Mountain_Highland
Earthquake,12.2036,93.1363,4.8,3785,24.0,,,Delta_Coastal
Earthquake,26.1904,100.7567,4.5,1897,22.5,,,Mountain_Highland
Earthquake,13.8067,92.8859,4.6,2388,23.0,,,Delta_Coastal
Earthquake,22.9777,94.2498,4.5,1897,22.5,,,Mountain_Highland
Earthquake,23.362,94.4366,4.5,1897,22.5,,,Mountain_Highland
Earthquake,13.6975,92.9178,4.8,3785,24.0,,,Delta_Coastal
Earthquake,19.1942,95.7207,5.1,7553,25.5,,,Inland_Plain
Earthquake,22.6262,94.5476,4.5,1897,22.5,,,Inland_Plain
Earthquake,11.8466,94.8755,4.5,1897,22.5,,,Delta_Coastal
Earthquake,27.4652,96.9988,4.5,1897,22.5,,,Mountain_Highland
Earthquake,12.2849,95.0592,5.2,9509,26.0,,,Delta_Coastal
Earthquake,22.8394,94.3778,4.7,3007,23.5,,,Mountain_Highland
Earthquake,23.8428,93.9581,5.1,7553,25.5,,,Mountain_Highland
Earthquake,22.5756,101.2739,4.5,1897,22.5,,,Mountain_Highland
Earthquake,23.0007,95.9078,5.2,9509,26.0,,,Inland_Plain
Earthquake,25.8578,100.6549,4.5,1897,22.5,,,Mountain_Highland
Earthquake,15.375,96.16,4.6,2388,23.0,,,Delta_Coastal
Earthquake,26.9059,101.1773,4.8,3785,24.0,,,Mountain_Highland
Earthquake,21.6226,94.0575,4.6,2388,23.0,,,Mountain_Highland
Earthquake,20.5592,94.7299,4.8,3785,24.0,,,Inland_Plain
Earthquake,14.3321,93.0763,4.9,4765,24.5,,,Delta_Coastal
Earthquake,9.6129,92.9987,4.9,4765,24.5,,,Delta_Coastal
Earthquake,11.4417,93.7452,4.6,2388,23.0,,,Delta_Coastal
Earthquake,13.8291,92.9508,4.7,3007,23.5,,,Delta_Coastal
Earthquake,28.1744,99.2997,4.5,1897,22.5,,,Mountain_Highland
Earthquake,25.4965,100.5706,4.9,4765,24.5,,,Mountain_Highland
Earthquake,26.2586,96.153,4.5,1897,22.5,,,Inland_Plain
Earthquake,12.3975,95.1481,5.5,18973,27.5,,,Delta_Coastal
Earthquake,26.3701,93.5345,4.8,3785,24.0,,,Mountain_Highland
Earthquake,26.4118,93.6451,5.4,15071,27.0,,,Mountain_Highland
Earthquake,14.2853,93.1914,4.8,3785,24.0,,,Delta_Coastal
Earthquake,10.5493,92.8679,4.8,3785,24.0,,,Delta_Coastal
Earthquake,23.661,100.8091,4.5,1897,22.5,,,Mountain_Highland
Earthquake,23.0264,94.4265,4.6,2388,23.0,,,Mountain_Highland
Earthquake,14.2917,93.0654,5.4,15071,27.0,,,Delta_Coastal
Earthquake,9.7794,93.8132,4.6,2388,23.0,,,Delta_Coastal
Earthquake,12.9734,92.981,4.5,1897,22.5,,,Delta_Coastal
Earthquake,23.8621,93.2795,4.6,2388,23.0,,,Mountain_Highland
Earthquake,22.9341,95.9607,5.7,30071,28.5,,,Inland_Plain
Earthquake,22.8604,95.8765,4.9,4765,24.5,,,Inland_Plain
Earthquake,10.4984,92.3039,4.5,1897,22.5,,,Delta_Coastal
Earthquake,27.1438,92.3593,4.5,1897,22.5,,,Mountain_Highland
Earthquake,22.9608,95.9365,5.0,6000,25.0,,,Inland_Plain
Earthquake,25.3564,95.0718,4.5,1897,22.5,,,Inland_Plain
Earthquake,28.2649,99.4911,4.9,4765,24.5,,,Mountain_Highland
Earthquake,28.2704,99.2852,4.6,2388,23.0,,,Mountain_Highland
Earthquake,28.2123,99.3107,4.6,2388,23.0,,,Mountain_Highland
Earthquake,28.2199,99.3432,5.0,6000,25.0,,,Mountain_Highland
Earthquake,28.2316,99.4322,4.9,4765,24.5,,,Mountain_Highland
Earthquake,28.2425,99.3502,5.6,23886,28.0,,,Mountain_Highland
Earthquake,28.3438,99.364,4.5,1897,22.5,,,Mountain_Highland
Earthquake,28.239,99.3276,5.2,9509,26.0,,,Mountain_Highland
Earthquake,11.183,93.3084,4.6,2388,23.0,,,Delta_Coastal
Earthquake,11.0299,95.039,4.6,2388,23.0,,,Delta_Coastal
Earthquake,20.5931,93.9641,4.8,3785,24.0,,,Mountain_Highland
Earthquake,23.9377,94.7314,5.0,6000,25.0,,,Inland_Plain
Earthquake,14.038,92.892,4.5,1897,22.5,,,Delta_Coastal
Earthquake,12.978,93.235,4.7,3007,23.5,,,Delta_Coastal
Earthquake,19.455,94.735,4.6,2388,23.0,,,Inland_Plain
Earthquake,25.9,99.009,4.7,3007,23.5,,,Mountain_Highland
Earthquake,10.623,93.507,4.8,3785,24.0,,,Delta_Coastal
Earthquake,20.667,99.851,4.9,4765,24.5,,,Mountain_Highland
Earthquake,12.887,93.333,4.5,1897,22.5,,,Delta_Coastal
Earthquake,22.999,94.028,4.6,2388,23.0,,,Mountain_Highland
Earthquake,25.953,99.782,5.1,7553,25.5,,,Mountain_Highland
Earthquake,19.281,95.759,4.6,2388,23.0,,,Inland_Plain
Earthquake,19.258,95.623,5.5,18973,27.5,,,Inland_Plain
Earthquake,18.787,97.479,4.6,2388,23.0,,,Inland_Plain
Earthquake,19.243,95.611,4.6,2388,23.0,,,Inland_Plain
Earthquake,19.247,95.745,5.1,7553,25.5,,,Inland_Plain
Earthquake,19.25,95.748,4.6,2388,23.0,,,Inland_Plain
Earthquake,19.223,95.646,5.4,15071,27.0,,,Inland_Plain
Earthquake,23.071,95.976,4.8,3785,24.0,,,Inland_Plain
Earthquake,11.05,93.477,4.5,1897,22.5,,,Delta_Coastal
Earthquake,12.599,93.703,4.7,3007,23.5,,,Delta_Coastal
Earthquake,25.98,99.812,5.2,9509,26.0,,,Mountain_Highland
Earthquake,24.677,92.222,5.2,9509,26.0,,,Mountain_Highland
Earthquake,22.609,94.557,4.6,2388,23.0,,,Inland_Plain
Earthquake,13.228,95.809,4.5,1897,22.5,,,Delta_Coastal
Earthquake,13.857,92.933,4.8,3785,24.0,,,Delta_Coastal
Earthquake,11.724,92.699,4.6,2388,23.0,,,Delta_Coastal
Earthquake,13.975,93.088,4.6,2388,23.0,,,Delta_Coastal
Earthquake,23.61,94.707,4.7,3007,23.5,,,Inland_Plain
Earthquake,13.304,92.342,4.9,4765,24.5,,,Delta_Coastal
Earthquake,25.329,95.048,5.8,37857,29.0,,,Inland_Plain
Earthquake,22.783,95.908,4.9,4765,24.5,,,Inland_Plain
Earthquake,22.443,94.782,5.5,18973,27.5,,,Inland_Plain
Earthquake,22.862,95.99,4.7,3007,23.5,,,Inland_Plain
Earthquake,25.399,96.61,4.6,2388,23.0,,,Mountain_Highland
Earthquake,22.745,95.874,4.7,3007,23.5,,,Inland_Plain
Earthquake,23.11,95.889,4.6,2388,23.0,,,Inland_Plain
Earthquake,14.469,94.174,4.7,3007,23.5,,,Delta_Coastal
Earthquake,13.85,93.637,5.1,7553,25.5,,,Delta_Coastal
Earthquake,22.992,95.959,4.9,4765,24.5,,,Inland_Plain
Earthquake,19.235,95.652,4.6,2388,23.0,,,Inland_Plain
Earthquake,22.895,95.943,5.0,6000,25.0,,,Inland_Plain
Earthquake,23.1,96.013,4.7,3007,23.5,,,Inland_Plain
Earthquake,19.121,95.999,4.8,3785,24.0,,,Inland_Plain
Earthquake,23.132,95.866,5.5,18973,27.5,,,Inland_Plain
Earthquake,22.749,95.938,4.8,3785,24.0,,,Inland_Plain
Earthquake,22.72,95.832,5.8,37857,29.0,,,Inland_Plain
Earthquake,22.985,96.148,4.5,1897,22.5,,,Inland_Plain
Earthquake,22.679,95.839,4.9,4765,24.5,,,Inland_Plain
Earthquake,22.794,95.919,4.8,3785,24.0,,,Inland_Plain
Earthquake,22.81,95.926,4.9,4765,24.5,,,Inland_Plain
Earthquake,23.005,95.885,6.8,378574,34.0,,,Inland_Plain
Earthquake,24.893,95.088,4.5,1897,22.5,,,Inland_Plain
Earthquake,26.117,92.337,4.6,2388,23.0,,,Mountain_Highland
Earthquake,10.345,92.575,5.0,6000,25.0,,,Delta_Coastal
Earthquake,13.694,96.175,4.7,3007,23.5,,,Delta_Coastal
Earthquake,26.913,92.939,4.5,1897,22.5,,,Mountain_Highland
Earthquake,26.953,92.994,4.6,2388,23.0,,,Mountain_Highland
Earthquake,26.879,92.818,5.2,9509,26.0,,,Mountain_Highland
Earthquake,25.459,96.682,4.6,2388,23.0,,,Mountain_Highland
Earthquake,22.035,93.881,4.6,2388,23.0,,,Mountain_Highland
Earthquake,24.41,93.53,4.5,1897,22.5,,,Mountain_Highland
Earthquake,23.803,94.382,4.8,3785,24.0,,,Mountain_Highland
Earthquake,24.647,99.267,5.0,6000,25.0,,,Mountain_Highland
Earthquake,24.688,99.281,4.6,2388,23.0,,,Mountain_Highland
Earthquake,10.433,93.423,4.6,2388,23.0,,,Delta_Coastal
Earthquake,10.459,93.616,5.2,9509,26.0,,,Delta_Coastal
Earthquake,10.397,93.408,4.5,1897,22.5,,,Delta_Coastal
Earthquake,13.643,92.848,4.9,4765,24.5,,,Delta_Coastal
Earthquake,25.175,96.895,4.6,2388,23.0,,,Mountain_Highland
Earthquake,10.21,92.802,5.2,9509,26.0,,,Delta_Coastal
Earthquake,26.599,92.57,4.8,3785,24.0,,,Mountain_Highland
Earthquake,13.942,93.077,4.5,1897,22.5,,,Delta_Coastal
Earthquake,13.936,93.099,4.5,1897,22.5,,,Delta_Coastal
Earthquake,26.103,96.324,5.1,7553,25.5,,,Inland_Plain
Earthquake,26.055,96.311,4.7,3007,23.5,,,Inland_Plain
Earthquake,22.935,94.299,5.7,30071,28.5,,,Mountain_Highland
Earthquake,24.998,96.427,5.1,7553,25.5,,,Inland_Plain
Earthquake,25.424,94.48,5.2,9509,26.0,,,Mountain_Highland
Earthquake,25.347,96.529,5.1,7553,25.5,,,Mountain_Highland
Earthquake,25.592,94.696,5.6,23886,28.0,,,Inland_Plain
Earthquake,27.767,100.781,5.5,18973,27.5,,,Mountain_Highland
Earthquake,23.71,94.305,4.7,3007,23.5,,,Mountain_Highland
Earthquake,25.137,96.577,4.5,1897,22.5,,,Mountain_Highland
Earthquake,24.517,95.085,4.5,1897,22.5,,,Inland_Plain
Earthquake,14.42,93.318,4.9,4765,24.5,,,Delta_Coastal
Earthquake,15.17,96.828,4.6,2388,23.0,,,Delta_Coastal
Earthquake,26.175,92.889,5.4,15071,27.0,,,Mountain_Highland
Earthquake,10.1,93.101,4.9,4765,24.5,,,Delta_Coastal
Earthquake,10.037,93.633,4.7,3007,23.5,,,Delta_Coastal
Earthquake,14.405,93.327,5.2,9509,26.0,,,Delta_Coastal
Earthquake,25.244,94.983,4.5,1897,22.5,,,Inland_Plain
Earthquake,21.619,94.754,4.5,1897,22.5,,,Inland_Plain
Earthquake,10.542,93.808,4.8,3785,24.0,,,Delta_Coastal
Earthquake,10.478,93.661,4.6,2388,23.0,,,Delta_Coastal
Earthquake,10.533,93.746,4.6,2388,23.0,,,Delta_Coastal
Earthquake,10.535,93.768,4.6,2388,23.0,,,Delta_Coastal
Earthquake,10.535,93.854,5.0,6000,25.0,,,Delta_Coastal
Earthquake,10.679,94.004,4.9,4765,24.5,,,Delta_Coastal
Earthquake,11.517,92.036,4.5,1897,22.5,,,Delta_Coastal
Earthquake,13.004,92.558,4.8,3785,24.0,,,Delta_Coastal
Earthquake,23.999,94.613,4.6,2388,23.0,,,Inland_Plain
Earthquake,12.249,92.683,4.6,2388,23.0,,,Delta_Coastal
Earthquake,26.146,94.253,4.8,3785,24.0,,,Mountain_Highland
Earthquake,13.645,93.027,4.8,3785,24.0,,,Delta_Coastal
Earthquake,25.203,95.153,4.6,2388,23.0,,,Inland_Plain
Earthquake,23.355,94.255,4.7,3007,23.5,,,Mountain_Highland
Earthquake,14.045,93.148,4.7,3007,23.5,,,Delta_Coastal
Earthquake,24.886,95.26,4.6,2388,23.0,,,Inland_Plain
Earthquake,12.484,93.256,4.6,2388,23.0,,,Delta_Coastal
Earthquake,21.388,94.345,4.8,3785,24.0,,,Mountain_Highland
Earthquake,25.2,97.602,5.2,9509,26.0,,,Mountain_Highland
Earthquake,24.96,95.232,5.7,30071,28.5,,,Inland_Plain
Earthquake,11.143,93.648,4.7,3007,23.5,,,Delta_Coastal
Earthquake,24.923,95.588,4.7,3007,23.5,,,Inland_Plain
Earthquake,24.19,93.516,4.7,3007,23.5,,,Mountain_Highland
Earthquake,24.884,94.211,4.5,1897,22.5,,,Mountain_Highland
Earthquake,13.721,93.823,4.9,4765,24.5,,,Delta_Coastal
Earthquake,13.071,95.797,4.8,3785,24.0,,,Delta_Coastal
Earthquake,12.874,95.923,4.5,1897,22.5,,,Delta_Coastal
Earthquake,12.989,95.784,5.0,6000,25.0,,,Delta_Coastal
Earthquake,12.969,95.838,5.2,9509,26.0,,,Delta_Coastal
Earthquake,12.939,95.847,4.6,2388,23.0,,,Delta_Coastal
Earthquake,12.745,92.424,5.1,7553,25.5,,,Delta_Coastal
Earthquake,23.647,95.067,4.7,3007,23.5,,,Inland_Plain
Earthquake,25.002,95.178,4.5,1897,22.5,,,Inland_Plain
Earthquake,26.521,96.748,4.5,1897,22.5,,,Mountain_Highland
Earthquake,24.932,98.73,5.1,7553,25.5,,,Mountain_Highland
Earthquake,9.693,92.624,4.6,2388,23.0,,,Delta_Coastal
Earthquake,21.088,93.901,4.9,4765,24.5,,,Mountain_Highland
Earthquake,23.734,94.259,4.7,3007,23.5,,,Mountain_Highland
Earthquake,25.075,98.721,5.0,6000,25.0,,,Mountain_Highland
Earthquake,13.57,92.894,4.5,1897,22.5,,,Delta_Coastal
Earthquake,14.123,92.876,4.9,4765,24.5,,,Delta_Coastal
Earthquake,9.635,92.459,5.5,18973,27.5,,,Delta_Coastal
Earthquake,25.062,98.79,4.7,3007,23.5,,,Mountain_Highland
Earthquake,23.077,94.971,4.7,3007,23.5,,,Inland_Plain
Earthquake,24.487,94.561,4.5,1897,22.5,,,Inland_Plain
Earthquake,21.654,94.679,4.5,1897,22.5,,,Inland_Plain
Earthquake,20.737,100.114,5.0,6000,25.0,,,Mountain_Highland
Earthquake,20.702,100.114,4.6,2388,23.0,,,Mountain_Highland
Earthquake,20.712,99.879,5.0,6000,25.0,,,Mountain_Highland
Earthquake,20.65,99.77,5.7,30071,28.5,,,Mountain_Highland
Earthquake,20.655,99.93,4.8,3785,24.0,,,Mountain_Highland
Earthquake,20.687,99.822,6.9,476596,34.5,,,Mountain_Highland
Earthquake,22.803,94.571,4.7,3007,23.5,,,Inland_Plain
Earthquake,12.95,92.42,4.8,3785,24.0,,,Delta_Coastal
Earthquake,24.727,97.957,5.5,18973,27.5,,,Mountain_Highland
Earthquake,19.98,95.333,4.6,2388,23.0,,,Inland_Plain
Earthquake,19.55,95.124,4.7,3007,23.5,,,Inland_Plain
Earthquake,26.114,96.326,4.8,3785,24.0,,,Inland_Plain
Earthquake,13.904,92.928,4.5,1897,22.5,,,Delta_Coastal
Earthquake,24.618,94.68,6.2,95093,31.0,,,Inland_Plain
Earthquake,13.879,93.008,4.5,1897,22.5,,,Delta_Coastal
Earthquake,10.622,94.109,5.6,23886,28.0,,,Delta_Coastal
Earthquake,14.265,96.546,4.5,1897,22.5,,,Delta_Coastal
Earthquake,24.693,97.943,4.8,3785,24.0,,,Mountain_Highland
Earthquake,24.267,94.627,4.7,3007,23.5,,,Inland_Plain
Earthquake,24.401,94.756,4.8,3785,24.0,,,Inland_Plain
Earthquake,24.653,97.918,5.0,6000,25.0,,,Mountain_Highland
Earthquake,14.385,93.165,4.7,3007,23.5,,,Delta_Coastal
Earthquake,24.588,98.024,4.5,1897,22.5,,,Mountain_Highland
Earthquake,24.792,93.304,4.8,3785,24.0,,,Mountain_Highland
Earthquake,13.081,92.58,4.9,4765,24.5,,,Delta_Coastal
Earthquake,19.312,95.625,4.6,2388,23.0,,,Inland_Plain
Earthquake,23.376,94.218,4.6,2388,23.0,,,Mountain_Highland
Earthquake,28.469,94.174,4.6,2388,23.0,,,Mountain_Highland
Earthquake,13.85,93.555,4.9,4765,24.5,,,Delta_Coastal
Earthquake,28.397,92.896,4.6,2388,23.0,,,Mountain_Highland
Earthquake,14.136,92.94,4.6,2388,23.0,,,Delta_Coastal
Earthquake,12.964,92.355,5.0,6000,25.0,,,Delta_Coastal
Earthquake,14.014,93.019,4.8,3785,24.0,,,Delta_Coastal
Earthquake,12.34,92.573,4.6,2388,23.0,,,Delta_Coastal
Earthquake,11.078,94.999,4.9,4765,24.5,,,Delta_Coastal
Earthquake,11.455,94.867,4.5,1897,22.5,,,Delta_Coastal
Earthquake,12.788,92.563,5.1,7553,25.5,,,Delta_Coastal
Earthquake,25.148,95.176,4.7,3007,23.5,,,Inland_Plain
Earthquake,11.141,95.071,5.1,7553,25.5,,,Delta_Coastal
Earthquake,11.602,94.973,5.4,15071,27.0,,,Delta_Coastal
Earthquake,13.608,92.817,5.2,9509,26.0,,,Delta_Coastal
Earthquake,26.329,96.998,4.6,2388,23.0,,,Mountain_Highland
Earthquake,10.94,93.246,5.1,7553,25.5,,,Delta_Coastal
Earthquake,9.629,93.266,4.5,1897,22.5,,,Delta_Coastal
Earthquake,16.345,94.611,4.6,2388,23.0,,,Delta_Coastal
Earthquake,22.272,93.595,4.6,2388,23.0,,,Mountain_Highland
Earthquake,14.372,93.26,5.0,6000,25.0,,,Delta_Coastal
Earthquake,10.227,92.249,5.4,15071,27.0,,,Delta_Coastal
Earthquake,13.417,95.768,5.0,6000,25.0,,,Delta_Coastal
Earthquake,14.002,95.347,5.0,6000,25.0,,,Delta_Coastal
Earthquake,13.197,93.087,5.9,47659,29.5,,,Delta_Coastal
Earthquake,14.074,92.865,4.8,3785,24.0,,,Delta_Coastal
Earthquake,24.917,99.304,4.9,4765,24.5,,,Mountain_Highland
Earthquake,25.048,96.501,4.6,2388,23.0,,,Mountain_Highland
Earthquake,11.132,93.471,6.5,189736,32.5,,,Delta_Coastal
Earthquake,11.219,92.178,4.6,2388,23.0,,,Delta_Coastal
Earthquake,14.423,93.18,5.3,11971,26.5,,,Delta_Coastal
Earthquake,13.695,92.84,4.9,4765,24.5,,,Delta_Coastal
Earthquake,13.633,92.75,4.5,1897,22.5,,,Delta_Coastal
Earthquake,13.624,92.777,5.0,6000,25.0,,,Delta_Coastal
Earthquake,24.151,94.39,4.5,1897,22.5,,,Mountain_Highland
Earthquake,19.392,93.163,5.2,9509,26.0,,,Mountain_Highland
Earthquake,10.967,93.644,4.8,3785,24.0,,,Delta_Coastal
Earthquake,14.405,93.114,4.8,3785,24.0,,,Delta_Coastal
Earthquake,14.523,92.998,4.8,3785,24.0,,,Delta_Coastal
Earthquake,13.613,92.915,4.9,4765,24.5,,,Delta_Coastal
Earthquake,13.667,92.831,6.6,238864,33.0,,,Delta_Coastal
Earthquake,13.905,92.944,4.5,1897,22.5,,,Delta_Coastal
Earthquake,21.421,100.089,4.9,4765,24.5,,,Mountain_Highland
Earthquake,15.007,96.321,4.7,3007,23.5,,,Delta_Coastal
Earthquake,23.062,94.623,5.5,18973,27.5,,,Inland_Plain
Earthquake,14.086,93.046,4.7,3007,23.5,,,Delta_Coastal
Earthquake,14.199,93.162,4.9,4765,24.5,,,Delta_Coastal
Earthquake,25.818,93.282,4.7,3007,23.5,,,Mountain_Highland
Earthquake,23.219,94.639,4.8,3785,24.0,,,Inland_Plain
Earthquake,12.957,93.656,4.8,3785,24.0,,,Delta_Coastal
Earthquake,13.823,92.846,4.7,3007,23.5,,,Delta_Coastal
Earthquake,13.932,93.037,4.6,2388,23.0,,,Delta_Coastal
Earthquake,14.043,92.959,4.5,1897,22.5,,,Delta_Coastal
Earthquake,10.768,92.07,4.7,3007,23.5,,,Delta_Coastal
Earthquake,20.719,94.809,4.6,2388,23.0,,,Inland_Plain
Earthquake,14.161,93.145,4.9,4765,24.5,,,Delta_Coastal
Earthquake,26.29,99.866,5.0,6000,25.0,,,Mountain_Highland
Flood,17.5,96.2,8.5,6000,18.5,,,Delta_Coastal
