event_type,latitude,longitude,severity,affected_people,water_used_liters,food_used_packs,rescue_time_hours,year,fatalities
Flash Flood,13.3539,106.9027,5.1,12133,48189.5,27921.3,9.3,2012,4
Landslide,4.3249,114.5421,6.6,3072,10433.7,7227.8,10.2,2014,33
Cyclone,20.7424,97.2679,7.4,20355,70200.3,48056.4,11.9,2010,11
Flash Flood,4.3924,114.8991,6.3,2261,9161.3,5084.5,10.7,2005,25
Flood,22.1852,97.4807,6.5,4767,15890.2,11796.6,13.1,2010,8
Flood,12.7875,109.2583,7.7,36964,124583.3,82938.8,12.5,2023,44
Tsunami,-3.9782,118.5019,7.9,48378,185367.1,109292.1,13.0,2017,39
Landslide,21.9261,101.2446,6.7,4154,13945.3,8813.1,13.7,2007,20
Earthquake,11.7458,93.9192,8.6,51942,172919.5,125427.6,12.2,2006,104
Flood,15.6875,97.4079,7.7,28462,108842.4,60842.1,13.9,2005,13
Flood,21.9042,102.0786,6.2,2193,8347.0,4582.0,14.8,2016,15
Earthquake,24.1372,94.8513,7.3,47857,161795.4,110857.5,13.1,2009,39
Landslide,14.3824,103.1485,6.5,28135,112930.2,56509.8,10.8,2026,15
Earthquake,16.1677,95.778,6.4,18558,69862.9,45235.3,8.6,2015,39
Flood,18.4257,104.5841,8.9,56557,212669.4,128177.4,13.8,2021,65
Landslide,-10.0197,137.7362,7.1,40867,146505.7,87337.7,15.0,2014,31
Landslide,12.9959,120.2213,5.9,23577,80221.9,60038.1,12.9,2023,9
Earthquake,14.5457,97.0675,5.3,9725,35484.0,22790.2,8.0,2012,19
Cyclone,17.3036,100.7443,5.3,10176,41959.8,23279.7,8.8,2019,21
Flood,4.756,105.2058,6.6,15094,56140.5,31883.2,11.6,2010,30
Landslide,9.9993,107.1827,5.8,9082,37520.9,21661.6,9.5,2012,22
Landslide,18.6688,100.265,6.4,5004,17135.9,11146.9,11.3,2026,18
Landslide,21.7221,101.1459,6.9,33655,110929.9,76838.2,10.1,2006,46
Flood,22.5762,96.418,5.3,22076,91338.0,46930.6,10.6,2010,11
Typhoon,17.554,105.6938,7.2,12008,40795.5,25953.0,12.1,2026,27
Landslide,18.4284,97.3196,7.6,45030,160067.8,108780.8,10.9,2024,21
Flood,3.6553,107.9077,6.3,35378,117476.0,74273.2,14.2,2025,7
Landslide,-5.9393,132.4153,5.0,20443,80720.5,49899.5,10.6,2020,6
Flood,9.2307,118.0424,6.2,6116,22879.3,12411.0,14.6,2023,27
Flood,18.3682,96.5948,8.8,44853,162181.5,104486.9,13.4,2026,190
Cyclone,18.0659,100.2703,6.9,39469,136824.0,95419.3,12.5,2017,33
Typhoon,9.3795,120.8691,6.8,17119,70276.4,37927.3,11.7,2017,24
Typhoon,7.4052,118.328,7.2,28683,110923.4,73911.8,13.6,2017,18
Flood,12.0749,125.5236,8.5,42891,171029.3,108231.3,15.4,2018,74
Earthquake,10.205,96.827,7.9,21020,80479.5,52343.9,12.5,2011,38
Storm Surge,17.1547,104.5616,6.1,17799,66827.7,41300.9,8.9,2015,31
Flash Flood,5.6811,105.1897,7.3,25477,97944.2,65598.8,12.4,2012,43
Flood,15.9261,97.8546,8.9,16100,55269.2,36302.6,14.1,2023,174
Landslide,12.9483,124.8932,5.5,21172,88905.3,45111.1,11.6,2015,21
Flash Flood,16.3396,106.6073,7.6,2401,9989.9,5182.9,12.8,2015,14
Landslide,5.2418,120.1281,7.5,26700,108317.6,61747.3,15.6,2012,39
Landslide,17.3637,99.9608,6.1,34741,141698.3,85196.7,11.5,2009,9
Flood,20.0732,98.1805,6.7,22954,81348.3,55812.2,12.0,2026,35
Landslide,17.4882,104.4381,7.4,45381,146121.4,97437.1,11.9,2014,51
Earthquake,16.3022,123.716,8.4,14187,54780.6,29801.2,16.3,2024,55
Tropical Cyclone,8.7902,103.3148,7.2,15442,62790.6,34212.8,12.0,2011,9
Volcanic Eruption,12.5831,123.8748,7.1,22103,79909.8,44325.9,14.0,2026,13
Earthquake,-1.7118,136.6388,6.7,4409,17784.8,9301.9,11.6,2012,12
Cyclone,12.8834,93.5082,5.5,11949,48692.1,27631.0,9.7,2026,16
Drought,12.1767,106.1909,6.1,24471,89873.6,52395.8,12.1,2018,23
Landslide,11.0062,92.553,6.6,27128,96410.0,54339.9,11.4,2016,8
Cyclone,25.6751,96.4658,7.0,37249,125242.8,90462.5,12.6,2017,43
Typhoon,14.0837,123.1043,7.5,20784,66883.3,42835.9,15.0,2005,13
Landslide,10.3557,124.0495,4.6,2687,11081.9,6854.7,11.9,2019,2
Typhoon,18.0785,117.8838,8.6,38469,144650.5,99199.0,17.6,2023,148
Earthquake,-2.4812,111.7014,4.7,10382,35718.9,21383.2,8.8,2011,4
Landslide,16.0976,108.0468,6.7,31755,130295.8,80126.0,10.5,2025,32
Flood,26.7421,100.8348,6.2,15260,51200.2,39265.7,13.4,2018,35
Earthquake,5.7319,126.3647,6.5,9943,40220.8,20795.9,14.7,2005,31
Drought,14.0072,104.3004,7.3,42239,167359.6,91254.1,12.9,2010,42
Landslide,15.5331,99.2668,5.0,31034,118585.9,72551.2,8.3,2021,6
Flood,-5.5098,137.3866,5.8,37560,123823.5,77880.3,12.8,2012,29
Flood,17.8918,106.8616,5.8,1610,5225.8,3413.2,12.0,2025,24
Flood,14.0519,102.6665,6.4,16980,56315.4,43034.4,10.5,2008,28
Flood,21.7139,105.4997,5.6,5475,20883.2,12537.6,9.3,2012,18
Earthquake,12.9351,98.6703,8.2,9038,30998.7,20166.3,11.2,2021,94
Volcanic Eruption,1.1324,119.9706,6.9,31152,105221.5,77312.9,13.0,2023,46
Landslide,3.4254,114.8649,6.0,11541,43704.4,29093.1,10.6,2016,16
Landslide,17.9958,100.3999,8.0,27364,101758.6,61223.3,13.3,2021,57
Flood,4.4312,112.5829,6.8,22446,85657.3,55713.0,12.4,2024,30
Landslide,22.3779,96.4194,7.4,27676,105609.2,70622.8,14.8,2023,23
Flood,1.7665,101.5582,7.1,3398,11350.8,7140.9,11.5,2008,37
Earthquake,22.4578,100.9196,7.1,20114,68583.0,48849.5,15.1,2009,54
Earthquake,15.3666,98.9425,6.9,28939,106359.1,65515.5,11.3,2009,15
Flood,9.2072,123.9766,6.8,10258,36202.5,24552.9,12.8,2023,48
Flood,20.3382,101.3506,7.1,5221,18564.3,11479.2,11.5,2021,36
Earthquake,26.7651,100.6944,8.6,49976,209168.9,100713.5,15.7,2006,75
Landslide,18.2346,101.027,5.4,19343,79555.1,43236.4,10.5,2015,13
Volcanic Eruption,2.4703,133.9549,5.2,7353,30229.8,17171.9,11.9,2007,14
Flood,26.6895,98.9188,5.4,15003,54491.7,38272.0,10.0,2016,9
Landslide,7.0201,121.4302,8.5,20782,83114.9,42054.2,15.4,2021,68
Volcanic Eruption,-3.6658,131.7063,4.8,1507,5404.9,3495.1,10.3,2014,8
Landslide,19.011,98.4421,4.2,18575,59748.9,41164.5,7.8,2015,2
Landslide,23.667,100.9489,7.4,45154,163186.1,95289.9,12.7,2026,23
Volcanic Eruption,12.8866,125.9296,6.3,42086,143406.9,86657.9,13.5,2020,32
Earthquake,24.5333,94.8127,7.7,50170,209077.7,109224.3,16.1,2019,64
Flash Flood,10.5178,104.0791,5.8,21272,86725.5,42860.6,10.5,2005,26
Flood,15.5363,99.5901,6.3,21697,71112.5,45016.3,9.8,2007,18
Landslide,16.8585,98.8421,8.0,48348,184511.2,105759.5,13.8,2026,60
Flood,20.1594,109.2114,9.0,18945,69414.2,42181.5,14.6,2017,183
Landslide,14.599,99.0006,8.8,16260,62345.6,38753.3,12.7,2011,133
Earthquake,17.9504,93.819,6.5,36405,119479.3,74168.5,11.8,2019,10
Drought,18.3435,98.6209,7.7,6842,22647.3,15259.3,11.5,2011,14
Flash Flood,4.2159,114.7195,6.6,2304,8522.1,5394.2,11.5,2026,23
Landslide,21.5203,100.6115,6.2,9740,37299.1,24560.4,9.2,2015,17
Flash Flood,1.4212,103.7232,8.6,2734,9433.7,6621.9,14.0,2009,150
Earthquake,14.5495,126.2864,5.4,11638,47547.2,27710.5,11.3,2008,7
Landslide,24.5486,98.856,7.5,10918,39169.1,23921.5,15.3,2015,57
Landslide,14.9671,103.0041,5.1,460,1701.4,1029.4,11.5,2006,7
Earthquake,16.2529,98.0413,5.3,6950,28464.3,16420.8,8.8,2024,7
Earthquake,26.0851,97.0169,7.3,41996,173504.4,90841.4,12.1,2009,46
Cyclone,26.464,97.6442,7.4,43186,177319.0,102445.1,13.9,2019,30
Landslide,-5.8397,112.8972,6.5,44042,159839.4,97045.2,12.3,2009,8
Flood,15.0829,95.0887,7.3,34600,142690.7,82818.0,11.8,2022,23
Tropical Cyclone,18.1762,101.8475,6.8,37141,129917.5,74470.0,11.1,2015,19
Flood,20.179,93.8152,6.6,13040,46388.3,26493.8,10.9,2016,9
Earthquake,20.2746,100.4513,5.3,16473,66002.5,40911.8,9.0,2019,14
Volcanic Eruption,7.2602,122.6452,4.9,9948,41469.0,21362.3,10.2,2018,13
Tsunami,-9.1977,97.0065,8.1,7213,24432.2,18679.6,14.3,2024,130
Earthquake,15.5081,100.2866,6.7,40250,142481.6,102053.0,11.9,2014,39
Landslide,26.7203,97.1485,4.4,16067,55403.2,33030.6,11.8,2007,4
Tropical Cyclone,14.4328,102.8693,7.0,2227,8827.8,5440.3,12.6,2024,10
Drought,8.4785,101.139,5.9,24743,103057.9,51099.1,10.8,2026,20
Flood,26.5966,101.1373,8.7,15285,55348.4,35615.2,16.8,2015,186
Landslide,22.4333,94.0753,5.4,15499,62486.4,37030.5,11.3,2012,9
Earthquake,6.8442,117.8383,5.1,18290,62988.5,43425.2,8.7,2014,11
Tsunami,-5.0655,111.2186,6.9,21125,68886.4,43844.9,13.7,2026,44
Landslide,20.1175,97.6557,7.1,28570,114534.2,67842.0,10.2,2021,12
Flood,6.7517,118.2384,4.9,2165,9049.8,5263.8,8.7,2015,8
Landslide,10.9449,121.3143,7.4,13981,52437.2,29432.4,14.7,2024,21
Cyclone,17.3673,99.4667,8.4,45801,173726.7,96109.5,11.8,2024,163
Flood,20.7091,93.2759,6.1,39490,147127.7,97204.6,10.4,2015,26
Flood,11.0116,102.4401,4.9,22834,83738.4,53106.0,8.5,2006,14
Landslide,19.8085,96.9108,7.6,13497,50720.4,30520.1,10.8,2016,56
Flash Flood,1.6613,118.9214,4.5,30882,110372.5,72381.5,8.8,2022,5
Flood,1.4654,95.9903,4.9,23725,79259.0,53113.7,9.8,2018,3
Flood,19.0357,122.4192,8.1,5757,23016.4,11890.6,15.0,2010,142
Flood,3.9782,116.243,4.9,26546,88179.4,62710.7,9.1,2019,3
Volcanic Eruption,17.3716,125.7954,6.4,4046,15973.6,8267.6,12.3,2014,12
Tsunami,1.9754,102.7638,4.8,19762,64891.9,47655.3,12.2,2025,12
Tsunami,-0.3938,122.7514,7.6,10589,42100.8,26747.8,13.5,2007,31
Flash Flood,2.6167,116.6305,6.3,7421,29759.2,19061.3,9.1,2009,7
Flood,12.6696,121.8574,6.9,15825,53246.2,39380.3,14.0,2008,9
Flood,17.5202,102.0784,7.4,27890,100996.0,69044.6,13.6,2009,54
Flood,17.6403,97.5789,8.9,33375,119917.3,85397.1,13.8,2007,101
Volcanic Eruption,7.1269,125.9809,7.4,22393,77339.4,53922.4,13.1,2017,36
Landslide,16.8592,103.6253,4.7,19732,81830.8,46456.8,10.4,2021,7
Cyclone,20.6849,99.2652,8.2,26367,88015.2,55707.7,11.9,2015,79
Landslide,15.5482,95.6392,8.3,31408,109544.5,73623.1,13.8,2017,183
Volcanic Eruption,5.0698,117.8856,6.4,20729,82102.7,49308.4,12.5,2019,21
Flood,11.8942,107.0937,5.3,17449,69184.0,45252.8,9.6,2011,7
Typhoon,8.874,106.0543,6.2,27678,103200.1,57867.8,10.2,2016,32
Flood,23.0545,93.6469,8.3,26458,107975.2,64487.1,14.8,2005,184
Flood,22.4436,103.408,5.6,5491,18561.2,11802.2,10.8,2017,20
Flood,26.463,99.5557,6.3,43413,152568.7,111762.5,12.5,2007,30
Flood,18.544,94.9564,6.7,35488,125490.2,85436.8,10.2,2019,45
Volcanic Eruption,-7.0759,103.4123,7.8,6286,23541.8,13404.3,13.6,2022,19
Landslide,23.558,96.5224,5.1,20172,73905.2,51921.9,12.9,2015,10
Flood,-7.7991,132.0259,6.4,40779,168933.0,96631.7,12.6,2024,39
Flood,0.009,108.3409,6.1,21321,84590.1,44489.0,12.6,2013,8
Flood,19.6328,106.102,7.9,19941,75942.4,42547.7,12.7,2022,61
Cyclone,11.9123,97.6535,7.6,15735,54585.1,33448.1,13.1,2005,64
Cyclone,14.6077,96.6855,5.8,21576,81217.4,45108.5,9.8,2026,14
Cyclone,25.6772,96.7896,7.3,7561,29351.9,15418.8,14.7,2005,45
Tropical Cyclone,13.7232,100.1561,6.8,38675,160047.5,91930.7,12.9,2016,32
Flash Flood,6.0307,101.7975,7.5,13510,54865.5,31582.0,12.0,2016,20
Flood,13.9099,100.2901,6.9,45998,157714.8,104268.3,12.7,2008,15
Landslide,18.6003,93.7376,5.7,3547,12799.7,9155.8,12.0,2012,24
Earthquake,17.7458,94.8639,5.5,16721,69929.8,43298.7,8.2,2021,4
Flood,14.9332,108.9232,6.6,24130,79445.8,61165.0,9.6,2024,20
Flood,9.0138,109.3573,5.0,17875,72645.7,36591.3,9.9,2025,11
Flood,14.271,101.6251,5.7,35477,114956.6,77303.0,8.8,2014,12
Landslide,18.5866,95.657,6.8,44719,154438.7,101746.9,11.7,2015,45
Landslide,6.9733,101.529,6.3,37061,118957.4,85896.6,9.9,2013,37
Cyclone,24.3874,100.9422,7.2,13963,47546.6,28232.2,14.0,2008,9
Volcanic Eruption,14.8516,119.8272,5.0,10581,36399.6,23853.6,10.4,2012,15
Landslide,13.4762,99.4389,6.9,12653,41664.5,26635.3,12.8,2008,15
Earthquake,-3.7487,101.0582,4.3,7651,25509.5,16594.6,11.2,2005,1
Flash Flood,6.3573,106.5627,5.4,20655,86018.5,47569.7,9.5,2026,23
Cyclone,10.3952,95.5877,5.3,12477,51529.0,30497.5,9.7,2015,14
Flood,20.4701,95.1996,4.4,25664,104225.1,53045.3,10.1,2011,4
Earthquake,22.4081,99.5701,7.6,31936,121739.6,71450.8,15.8,2024,23
Landslide,18.533,104.0048,5.2,14680,55829.8,35931.1,10.9,2009,21
Drought,11.6258,106.2388,5.4,5436,18593.2,13348.6,10.1,2019,18
Landslide,5.8994,103.724,5.2,28869,110819.0,65864.9,10.2,2008,19
Flood,10.1935,93.4117,7.4,27630,90070.7,63706.6,12.0,2019,30
Cyclone,16.582,93.7927,7.1,17326,58569.7,41192.7,10.4,2017,40
Tsunami,1.3264,119.7373,6.1,8631,29221.1,18227.0,13.3,2020,15
Drought,10.6074,101.5191,6.2,5033,18054.4,12335.2,10.2,2026,33
Landslide,16.7153,94.7379,6.0,34962,112774.2,79427.9,9.0,2005,10
Volcanic Eruption,16.1861,122.7958,5.8,20303,71076.1,51219.6,13.9,2015,28
Earthquake,-2.4359,123.429,7.1,43298,161846.8,109789.0,12.5,2007,54
Cyclone,19.7599,94.2271,8.8,12795,48863.1,32213.2,14.7,2019,173
Tsunami,-5.2617,128.4156,5.5,18764,71903.8,40952.5,12.8,2022,22
Cyclone,27.418,93.1888,5.2,23259,83967.2,48818.4,9.5,2005,4
Landslide,14.8478,106.8375,6.9,4591,15604.9,9452.3,11.6,2023,11
Earthquake,0.4896,126.1,4.8,6652,24246.2,15160.4,11.9,2026,10
Tropical Cyclone,10.8789,99.0394,5.7,1629,6772.4,3497.1,8.2,2016,28
Flash Flood,20.3547,102.2548,4.5,4085,14857.0,10109.2,11.4,2023,2
Landslide,13.0254,101.3593,8.6,23443,77975.8,52841.1,14.3,2025,120
Flood,12.1205,117.1248,6.9,3138,12071.0,7944.4,14.8,2025,19
Flood,7.2158,102.2351,6.4,1765,6874.4,3974.6,9.7,2019,24
Cyclone,26.947,97.9037,6.3,43158,147287.0,103322.1,10.9,2022,19
Flood,1.9466,99.6528,5.5,16252,55917.9,34668.9,10.1,2012,6
Typhoon,14.6516,109.0974,6.8,13886,49653.3,28222.6,11.0,2024,17
Flash Flood,13.623,105.0401,7.2,10487,36440.6,26327.5,11.9,2007,36
Cyclone,24.0983,98.113,5.7,6156,19699.4,14542.2,9.9,2011,7
Flash Flood,13.8649,107.0697,7.5,6714,26395.1,14561.4,9.9,2014,13
Flood,22.4567,95.0672,8.6,19019,63927.7,39372.2,17.1,2019,74
Volcanic Eruption,12.1547,124.6744,5.9,40660,160978.6,91176.3,13.2,2018,29
Flood,7.5814,100.3703,6.9,39232,143182.7,101859.2,10.7,2015,44
Earthquake,15.7854,118.2867,7.1,33372,116295.1,71394.6,15.2,2023,14
Earthquake,14.1458,100.3863,8.8,27255,98487.6,59009.6,13.8,2010,133
Tropical Cyclone,13.2321,103.1873,6.0,4716,16558.7,12210.3,9.7,2007,15
Flood,12.3434,107.368,8.6,47490,181870.7,95007.6,12.7,2013,112
Flood,12.5903,105.4527,7.1,19828,74054.0,44901.0,12.8,2016,24
Landslide,17.0742,95.8936,6.7,44478,146969.5,103934.0,11.0,2014,39
Drought,8.8656,98.9196,5.1,34176,138138.8,84622.2,7.6,2025,14
Flash Flood,1.3115,103.925,6.6,6358,23504.7,16013.2,10.1,2025,34
Earthquake,9.6851,125.3262,4.4,17142,66430.6,36756.4,8.8,2011,3
Flood,12.3449,121.1363,5.6,33806,131982.8,78811.9,9.9,2007,28
Landslide,4.9104,114.3249,7.3,4453,18325.3,10294.9,10.9,2011,29
Flood,1.6132,112.4703,7.1,47494,167628.5,105899.9,11.1,2008,49
Typhoon,13.9674,123.542,7.5,14170,47169.4,35797.2,12.1,2011,32
Cyclone,24.603,93.2014,5.8,8542,28199.1,18268.0,11.1,2026,12
Landslide,-2.0019,138.0574,6.3,6848,25499.7,14285.4,10.7,2014,11
Landslide,13.3037,93.1265,7.8,50189,207736.4,111442.9,11.5,2026,17
Cyclone,22.6143,99.7368,6.8,35306,119901.4,87559.7,14.0,2005,15
Landslide,14.1604,124.2644,6.8,2233,7717.1,4951.2,15.7,2021,42
Tsunami,0.0811,120.5793,5.7,5926,23171.7,12185.8,13.5,2007,16
Flood,8.5899,121.2186,7.5,31254,130348.7,69355.7,15.0,2018,39
Landslide,0.3086,130.2876,8.5,29950,110217.6,62126.3,13.3,2023,166
Landslide,7.2576,103.0606,8.5,20245,82273.2,47694.3,11.7,2011,103
Landslide,15.0006,92.5736,5.3,10363,42306.5,25249.5,10.0,2017,4
Landslide,14.6626,98.8005,8.1,2012,7475.4,5158.7,12.5,2007,65
Typhoon,10.4004,118.3285,4.6,3714,15042.9,7681.8,9.9,2011,3
Drought,11.5983,102.8314,4.7,14484,51368.5,32817.6,8.0,2005,7
Cyclone,19.5266,97.9581,5.7,7969,30528.2,16884.7,9.1,2015,30
Drought,9.6679,104.7483,4.9,2842,11053.9,5875.3,9.3,2020,5
Landslide,10.3322,93.0182,6.0,33820,122616.6,73942.7,10.1,2007,29
Landslide,0.0171,130.4381,7.4,5363,18491.5,12765.1,13.3,2015,36
Tsunami,-5.3013,113.502,5.1,6832,28385.7,16868.5,9.9,2012,7
Flood,22.0106,98.2448,6.6,32332,119864.9,81064.5,15.0,2010,19
Earthquake,6.0679,124.868,9.0,6085,25432.1,14655.9,17.6,2012,113
Landslide,6.0208,118.881,8.5,41932,161135.5,102345.3,11.7,2025,162
Typhoon,8.6965,108.6709,4.7,18982,74280.6,40866.8,8.8,2017,7
Landslide,13.6217,104.8904,6.8,14138,56796.0,31925.7,9.5,2022,19
Cyclone,10.8261,95.2265,5.7,5057,20348.1,12189.9,9.9,2010,18
Volcanic Eruption,-9.063,122.2128,5.5,8521,31073.9,20037.9,11.9,2005,23
Landslide,14.9146,98.3515,8.8,41147,144158.4,95509.4,12.6,2020,120
Flood,18.7957,93.4921,6.9,20604,69757.7,41937.2,11.1,2013,51
Typhoon,6.592,126.0226,7.1,44446,162443.6,94991.3,13.7,2012,40
Flash Flood,4.2752,114.2039,6.1,6070,21887.3,13806.6,9.5,2006,36
Landslide,9.9548,104.3756,5.8,40218,130716.4,80876.4,8.1,2005,17
Drought,15.3671,99.491,7.2,39034,126739.1,89588.4,10.7,2005,37
Landslide,21.3801,93.764,5.3,34977,113311.2,87981.2,10.0,2026,6
Flood,12.3618,97.8959,7.7,30943,120479.2,76700.4,13.5,2016,16
Volcanic Eruption,-6.9139,129.3396,6.6,12963,45473.7,28852.1,12.8,2024,41
Flash Flood,14.3892,107.0076,4.5,11822,44303.4,29062.8,8.1,2018,4
Landslide,8.8477,103.8291,7.1,33624,129072.2,82359.2,12.3,2008,21
Cyclone,23.805,100.2554,8.7,18454,64962.8,41232.9,16.7,2020,105
Earthquake,18.7288,97.6247,7.1,2554,10318.1,6404.0,12.3,2012,43
Flood,16.5897,101.3443,7.2,17314,71437.3,35625.8,12.2,2006,15
Flood,4.5105,139.0072,6.7,36541,121442.7,94770.4,13.5,2021,21
Tsunami,2.6327,96.3891,6.6,5035,16878.1,11940.8,12.6,2014,24
Flood,8.5183,100.0333,4.8,22554,80862.3,55368.9,8.0,2021,11
Landslide,3.2693,115.42,6.8,42720,139113.5,85568.1,9.5,2015,17
Landslide,3.6149,128.8611,7.6,33952,113086.2,87121.9,12.1,2018,29
Landslide,14.9995,98.2035,5.3,35311,140329.8,82204.8,7.8,2012,3
Flash Flood,20.6841,101.4764,8.3,4921,16616.3,10324.3,15.3,2017,129
Landslide,13.2837,124.8527,6.4,31164,117773.2,75656.3,11.1,2018,9
Landslide,19.4252,95.6061,6.8,34979,127860.3,76711.3,10.8,2023,24
Tropical Cyclone,8.9578,100.6709,7.1,21054,67841.3,47218.5,12.8,2008,34
Typhoon,11.4515,122.5788,4.2,18005,65726.1,41436.6,10.2,2013,2
Cyclone,18.4265,96.8093,5.8,13417,51618.7,30141.8,8.7,2023,9
Cyclone,18.2161,101.2228,6.2,33540,129123.5,84220.9,12.2,2017,38
Landslide,3.4422,114.4861,6.2,13718,50697.1,29563.7,9.0,2022,36
Landslide,15.7202,100.1378,5.4,22953,76894.4,46156.2,10.6,2026,4
Cyclone,10.5125,92.9305,4.4,6943,29115.8,17474.4,8.6,2007,2
Flood,3.3401,95.3051,5.9,15093,61418.7,34432.9,13.2,2009,24
Volcanic Eruption,13.8828,118.2047,6.6,23625,78040.0,56592.9,12.3,2018,21
Cyclone,10.0816,95.9628,4.6,23519,95472.1,60524.4,8.3,2010,6
Coastal Surge,1.3456,103.6159,5.3,4894,19610.7,11491.2,11.2,2008,11
Flood,-9.366,109.504,6.4,37475,144655.4,83226.5,13.6,2014,19
Landslide,4.659,114.2173,6.6,456,1741.4,1065.3,9.8,2007,18
Flood,20.4518,93.8883,5.6,13269,52030.2,26885.9,10.0,2019,19
Landslide,22.348,102.5397,6.3,21157,79621.6,49221.9,11.2,2013,34
Cyclone,10.6836,96.3176,5.6,36879,123170.9,93102.1,8.7,2008,15
Cyclone,26.5937,94.0066,8.5,2516,9628.6,5350.2,15.0,2026,75
Tsunami,-3.6604,119.6418,7.2,33330,112860.5,69540.2,13.3,2005,44
Earthquake,-7.6262,114.3368,6.3,4829,16300.5,10241.1,11.1,2016,18
Flash Flood,21.3222,103.3875,7.3,2060,7955.2,5164.8,14.3,2019,52
Flood,17.48,99.8939,6.8,41632,170637.6,94807.4,12.8,2021,20
Cyclone,10.281,98.0869,8.4,18159,70767.9,43327.1,12.9,2007,80
Landslide,19.3399,108.1608,4.9,31158,100165.4,71449.8,8.3,2019,8
Landslide,16.0376,97.2926,7.5,41217,153272.9,84587.8,12.5,2016,35
Flood,-0.8179,112.0614,6.3,9054,33441.7,22125.2,14.9,2012,7
Earthquake,16.4674,92.941,6.1,14830,59099.6,32999.6,9.7,2025,21
Tropical Cyclone,6.242,105.2459,6.3,25435,83861.5,54854.0,11.5,2022,29
Flood,-7.0887,126.9534,6.7,13958,47393.3,34257.4,13.4,2015,20
Drought,6.1378,97.5354,5.0,20496,66605.2,53030.0,10.6,2009,15
Tsunami,-2.986,104.4796,6.2,41572,137928.0,92228.5,14.9,2007,11
Flood,7.8952,105.341,4.3,8902,32818.2,18917.8,8.3,2008,2
Earthquake,-1.4994,137.8616,7.5,27568,89357.5,55998.8,15.1,2026,14
Flash Flood,10.5328,102.9953,6.6,7675,25599.7,17387.4,10.2,2015,22
Flash Flood,6.6358,108.1547,8.2,42451,171976.8,98778.9,13.1,2020,94
Landslide,13.5847,125.7736,4.3,25471,88875.2,60716.1,11.7,2020,3
Landslide,7.2434,100.8516,4.2,7023,27524.8,17773.4,7.3,2020,1
Typhoon,15.3942,108.9629,7.3,26066,85008.2,66594.3,12.3,2006,12
Flood,4.3265,102.113,7.1,42781,150810.4,101029.7,11.8,2025,23
Flood,14.2171,107.9427,7.1,43014,157808.7,98304.5,11.6,2012,18
Earthquake,-7.24,113.8222,8.2,36760,135856.6,78915.1,16.8,2015,156
Earthquake,12.4023,98.0411,6.9,23306,75762.3,59269.7,10.1,2008,26
Volcanic Eruption,1.6537,110.5832,7.3,13792,48035.7,31017.0,14.6,2015,20
Earthquake,2.7585,117.5356,6.0,34494,111860.3,74124.6,11.5,2014,6
Flood,14.8011,106.0877,6.8,8109,28865.7,18563.3,12.2,2007,30
Volcanic Eruption,2.1095,124.9841,6.7,14867,52478.9,34962.3,11.6,2010,39
Landslide,14.25,94.33,7.1,43277,175147.8,88954.9,11.5,2013,26
Flood,11.6393,103.6807,6.7,43779,181875.2,113740.6,12.0,2026,36
Flood,9.6366,120.8644,7.8,45740,157225.8,113441.2,14.5,2008,56
Landslide,-9.3218,106.205,6.5,29104,110057.1,63095.4,10.6,2026,25
Landslide,7.2749,117.429,6.8,33294,106793.5,69608.9,13.3,2006,12
Drought,14.5033,100.7515,7.2,4289,17144.6,9908.5,13.7,2023,42
Cyclone,10.4612,99.5364,5.7,29483,114451.3,72019.7,9.3,2017,22
Drought,12.7204,99.5641,5.9,5097,16427.9,12018.9,11.3,2013,25
Volcanic Eruption,18.0214,125.5937,5.2,13457,52572.0,30190.6,10.2,2017,7
Landslide,9.167,106.1218,8.4,3838,13767.7,8293.7,13.4,2019,170
Earthquake,18.8479,94.5271,7.0,32216,124289.7,72915.2,11.5,2012,36
Drought,12.1171,103.0921,8.2,19196,64066.1,40616.1,13.1,2014,129
Flood,15.7726,95.9186,7.8,52606,197306.3,134991.1,12.5,2020,66
Typhoon,12.4772,118.0532,7.9,12303,43208.8,31609.7,13.1,2012,20
Flash Flood,4.9742,115.0082,6.2,2353,9386.6,4789.6,11.0,2016,7
Landslide,24.9028,96.631,5.8,24129,93552.9,60191.9,11.0,2021,32
Earthquake,21.8688,97.8382,6.8,28848,93623.8,64537.5,10.5,2014,48
Drought,14.4354,101.9626,6.1,41989,175831.7,103178.0,10.1,2022,12
Cyclone,27.4763,93.88,7.7,34859,134577.2,78917.9,14.5,2009,53
Flood,17.4649,94.6129,5.1,22010,83947.9,56118.9,9.8,2023,15
Flash Flood,6.4048,109.9127,5.7,32255,132247.8,70670.4,10.1,2025,8
Cyclone,15.8995,100.9076,6.9,19251,71515.5,45600.1,12.1,2019,20
Flood,13.1038,92.5835,6.7,13653,53179.4,33550.5,10.6,2026,19
Landslide,13.8008,96.2822,7.6,51166,214793.0,116566.9,12.5,2009,13
Cyclone,12.9991,92.8162,5.6,31973,105783.5,78610.4,8.5,2008,15
Flood,14.8423,119.2806,5.5,16069,52893.0,41730.4,11.1,2026,13
Cyclone,15.439,97.8105,5.7,30138,125972.3,66056.0,10.0,2009,18
Landslide,-6.1385,125.6057,5.2,1342,5330.3,3342.1,9.6,2012,9
Flash Flood,4.9231,114.6439,8.2,4114,14053.5,8987.8,12.1,2009,50
Storm Surge,19.3551,109.452,7.1,40096,142937.8,84043.4,13.4,2024,24
Typhoon,15.3392,105.6332,5.9,1943,6275.0,4713.7,9.9,2021,25
Flood,19.2527,105.9695,7.3,6371,23677.1,16349.8,11.4,2025,49
Earthquake,24.0694,97.174,5.5,38262,127786.7,97905.6,11.0,2024,21
Landslide,23.7691,97.495,6.9,31320,122095.7,79587.7,15.5,2023,50
Flood,-3.352,123.395,7.6,38934,136312.8,96141.4,16.5,2020,18
Flood,16.2904,121.1404,8.0,43888,159778.6,103545.4,14.1,2006,45
Landslide,18.9457,120.9214,8.9,49993,197702.1,104563.5,16.3,2016,119
Flood,15.7655,103.1539,7.8,15132,60384.5,36423.2,12.1,2014,23
Tsunami,-6.1657,108.2173,5.5,6685,22095.6,14731.9,12.7,2023,11
Earthquake,14.1761,93.522,6.6,19468,76960.4,47823.8,11.4,2021,34
Landslide,21.1908,99.3091,5.7,37406,132813.5,92899.2,11.5,2010,13
Volcanic Eruption,11.0884,121.5155,4.6,9981,32164.0,25151.6,10.2,2014,7
Flood,19.7849,107.9008,8.8,55401,224481.5,124926.7,13.2,2019,132
Flood,20.557,106.4635,6.1,789,3217.1,1903.4,13.8,2010,16
Cyclone,10.2262,98.9179,6.7,44806,153298.7,101273.2,11.5,2020,30
Flood,20.3094,101.354,7.1,5979,21471.1,13692.2,13.5,2021,28
Flood,-5.4855,98.2876,7.8,23554,92255.9,52620.0,13.2,2016,55
Earthquake,-0.2588,96.2634,4.4,6788,23404.0,15213.3,10.0,2006,3
Earthquake,24.9251,98.7207,7.7,23950,95365.5,51140.5,13.1,2021,30
Cyclone,12.7197,93.9794,6.6,36486,121160.4,80815.5,11.6,2019,18
Flood,12.2581,104.4271,4.9,32120,113063.6,82607.6,8.9,2014,12
Volcanic Eruption,19.3602,124.0137,7.0,44142,174320.6,103976.8,12.7,2020,17
Tsunami,-8.065,130.2824,8.5,43635,174534.0,99616.3,13.5,2008,170
Drought,12.2046,103.4793,8.5,26482,104135.1,56371.4,12.5,2005,101
Flood,15.6121,93.0701,8.6,45397,153889.9,109403.8,13.2,2014,138
Landslide,6.1445,102.0795,5.8,14346,48774.8,32338.7,9.8,2009,28
Cyclone,13.5406,96.8238,6.9,41564,166898.8,90793.7,10.8,2022,38
Landslide,10.8689,100.1844,7.5,22567,91556.8,53899.7,12.0,2018,37
Flood,20.6184,96.1015,7.0,8864,31452.4,22722.4,12.5,2026,47
Typhoon,11.2257,119.0046,7.0,42102,138232.7,99399.7,15.9,2019,24
Earthquake,10.3409,98.8391,5.7,20260,70804.6,45060.0,10.2,2015,19
Landslide,6.1197,108.7142,6.6,9234,36136.3,22304.8,9.6,2017,21
Earthquake,14.6668,100.7202,8.2,10753,43070.9,27398.7,14.5,2005,180
Flash Flood,1.6848,100.6438,4.2,18699,71323.7,46286.8,8.4,2012,0
Landslide,22.5415,95.7697,6.6,9748,38595.5,20793.0,13.1,2014,29
Cyclone,22.9682,94.7034,7.7,2340,7849.7,4827.8,13.9,2007,23
Earthquake,12.5929,100.458,5.9,39486,164145.8,100467.6,10.6,2005,23
Flood,25.9107,93.3736,4.8,24926,91548.5,56984.0,12.1,2016,13
Landslide,26.7492,99.4414,7.4,35289,130908.4,80923.8,14.9,2025,29
Cyclone,17.4461,94.7907,7.5,9739,33923.5,24601.3,11.1,2005,40
Landslide,12.5262,93.1499,8.4,28304,111965.0,61751.2,12.5,2011,37
Flood,15.3862,98.628,8.4,22718,89677.2,55497.0,12.3,2014,61
Flood,23.4545,93.9494,8.5,59221,248270.9,140072.1,15.7,2019,129
Landslide,22.7371,97.8673,6.2,12112,42909.6,30774.5,11.5,2017,7
Earthquake,12.5625,93.0583,7.6,21840,86346.5,44103.3,12.1,2026,50
Volcanic Eruption,3.3363,104.9071,6.6,7933,26407.3,16880.2,13.2,2023,16
Landslide,17.4171,98.973,7.5,27067,91014.1,60326.2,13.5,2009,58
Cyclone,19.0172,93.9308,6.1,41739,150401.7,103024.8,10.7,2010,12
Storm Surge,20.2484,109.139,6.5,15206,50770.6,34192.1,10.9,2020,20
Storm Surge,15.4126,104.0825,6.5,14744,48350.9,31454.2,10.2,2016,21
Flood,11.1562,98.0701,6.6,32870,130285.2,79827.6,12.6,2017,35
Tsunami,-7.6754,139.4886,6.1,14327,55112.1,32297.3,14.3,2012,29
Typhoon,15.3588,119.6993,7.1,13046,46972.8,29948.7,12.7,2006,43
Cyclone,13.7349,93.2014,6.9,41630,133602.6,100634.6,13.1,2018,38
Coastal Surge,1.362,103.7223,5.0,3148,10122.1,7141.9,8.7,2024,8
Flood,18.1381,94.8062,6.3,10717,42630.0,22487.0,10.4,2014,26
Earthquake,14.8263,96.558,5.8,21658,88301.3,46744.0,10.5,2026,24
Flood,23.2604,98.516,6.8,17665,67613.1,45690.0,12.4,2015,40
Landslide,-4.8136,135.2778,6.8,23672,77367.0,56623.3,14.4,2026,24
Earthquake,3.8494,99.9365,5.3,36370,125943.7,73208.1,11.1,2015,10
Flood,23.2629,100.2993,5.8,19635,80044.9,49261.2,11.4,2015,16
Landslide,-2.3538,107.514,6.9,4531,16835.0,9636.8,14.1,2017,16
Landslide,19.6202,93.5189,5.3,26544,99328.8,65140.9,10.1,2011,23
Landslide,6.8177,105.9243,7.5,51891,203203.6,111921.3,10.3,2006,13
Earthquake,16.105,98.2764,6.6,16067,52004.6,40180.9,10.8,2011,46
Flood,13.8296,94.4919,6.2,8980,29362.3,21932.2,8.5,2018,34
Flood,11.0031,97.064,7.8,7141,25865.1,15119.2,12.4,2007,30
Landslide,13.6629,92.524,5.8,17613,57970.3,43715.7,8.6,2005,14
Volcanic Eruption,18.1386,124.6582,6.2,5392,20077.5,12388.4,12.8,2026,18
Earthquake,18.8312,95.1992,7.2,31010,105436.4,69505.2,11.9,2022,18
Typhoon,17.1659,123.1932,7.6,50631,183507.0,111428.1,13.1,2015,14
Storm Surge,14.32,103.8584,7.0,5126,20143.3,11051.2,11.5,2022,9
Earthquake,18.5026,95.4551,7.1,15601,58746.4,34613.9,11.0,2005,23
Cyclone,15.497,96.7199,6.7,42377,136718.9,99989.7,9.4,2012,23
Typhoon,21.1309,108.2946,6.7,9278,31586.8,22196.9,12.6,2011,43
Drought,9.3156,103.7304,5.4,33872,125145.3,76393.5,9.4,2012,17
Storm Surge,12.5008,108.4665,7.2,45823,163723.9,113553.1,11.1,2024,56
Earthquake,19.9571,96.6738,8.6,20597,80410.2,42358.1,12.4,2006,183
Earthquake,25.1206,97.7521,6.5,39618,148128.3,85880.8,13.4,2015,26
Cyclone,25.2866,100.0185,6.5,42920,171335.1,104267.3,13.3,2007,29
Landslide,21.6962,97.1793,6.9,25502,100985.2,53019.3,11.5,2023,40
Tropical Cyclone,11.869,98.3631,7.7,6748,21832.8,14732.8,11.5,2017,23
Flood,16.1303,103.8101,7.1,6497,21766.3,16788.3,10.9,2018,42
Flood,26.065,100.8391,5.6,7842,25124.5,19408.6,10.1,2007,14
Flood,-3.1641,97.571,6.9,12322,47224.3,27162.4,13.1,2010,12
Cyclone,13.6226,96.6506,5.9,35488,148684.5,87941.1,11.4,2008,28
Flood,7.4551,123.0934,5.3,20785,84740.0,42519.5,11.5,2011,10
Flood,21.4632,102.1331,7.9,53056,174059.0,137091.2,12.4,2016,62
Landslide,18.0043,97.8038,6.7,45145,144659.8,110231.8,11.1,2023,27
Typhoon,8.7554,125.3027,6.6,5025,16497.1,12639.9,13.1,2012,7
Earthquake,3.7801,107.7167,8.4,4210,17482.3,10909.6,15.0,2007,99
Landslide,8.9918,106.8054,6.9,13147,50303.0,26476.2,12.4,2026,10
Landslide,12.4983,117.1771,8.7,33467,117944.6,85193.6,16.4,2018,167
Landslide,22.5195,93.4296,5.0,17423,69295.4,35042.2,11.5,2005,16
Landslide,18.2788,123.4786,7.5,41439,149744.8,105893.3,15.2,2008,21
Landslide,22.5888,95.134,6.5,1842,6133.4,4619.0,15.0,2016,18
Earthquake,13.7096,96.7485,8.1,12316,44718.3,26496.1,12.3,2008,39
Cyclone,16.6763,100.5201,5.3,33468,121352.0,70318.7,10.8,2020,18
Cyclone,25.9972,94.4691,6.3,38619,157096.6,89135.7,13.0,2013,21
Landslide,4.6288,128.7926,6.3,10555,36009.2,25982.0,15.0,2005,40
Earthquake,13.6532,99.1011,6.9,7421,24186.7,16669.2,11.1,2012,25
Tsunami,5.289,106.2757,7.2,7032,22708.3,14520.1,14.3,2005,47
Landslide,16.4603,105.2012,6.0,23637,97519.9,50466.8,9.4,2025,22
Flood,16.9898,92.6256,7.6,18730,62765.0,48091.6,10.4,2020,18
Flood,7.3378,125.2484,5.2,9507,31471.8,22130.1,10.8,2018,10
Flood,13.365,97.0578,7.0,40406,134586.6,101589.7,11.7,2017,44
Landslide,-10.3076,117.0318,7.2,17850,61325.6,39218.7,15.2,2009,45
Cyclone,14.2518,94.094,5.0,16528,65762.9,41621.0,7.1,2015,16
Flood,6.1917,124.4221,6.9,10428,39701.0,21260.7,13.0,2009,33
Volcanic Eruption,16.6967,122.748,8.5,33270,117335.3,72982.1,14.4,2017,88
Landslide,11.5425,94.8678,6.3,4377,17177.5,11198.2,10.7,2014,31
Flood,14.9415,106.4567,8.3,19586,68795.0,41212.3,12.7,2020,137
Tsunami,-4.1619,99.3353,7.1,46159,186546.8,112033.6,14.6,2013,19
Landslide,2.959,103.7591,8.4,3549,11472.3,8577.6,14.6,2021,106
Flood,21.3324,92.6894,5.5,13911,55887.4,33559.2,8.3,2018,10
Flood,10.9104,106.5365,4.5,25222,97846.4,56371.3,9.4,2024,6
Cyclone,18.1444,93.9375,7.2,30787,119770.4,73372.4,12.5,2012,20
Earthquake,11.6993,119.8519,4.8,5594,22586.3,14113.1,11.5,2009,6
Tsunami,-2.5027,99.0725,6.0,3346,11371.1,8453.2,13.2,2015,14
Earthquake,17.8457,96.4261,5.5,14955,54873.5,33841.2,10.0,2026,12
Flood,17.0266,93.0802,6.2,40757,139088.8,99641.5,9.5,2022,11
Landslide,20.4464,97.307,6.2,3424,11715.9,8098.1,11.0,2015,23
Cyclone,22.3708,94.795,7.0,1533,6404.6,3439.0,11.9,2009,34
Cyclone,17.2744,93.4692,6.2,16643,63654.0,42616.0,10.2,2012,13
Volcanic Eruption,0.3125,115.4457,6.4,32471,130717.7,73911.3,12.7,2006,39
Typhoon,9.3485,120.2632,7.1,10187,35773.2,22473.0,14.2,2019,37
Flash Flood,2.4777,115.8303,6.6,2416,8509.1,5956.9,11.3,2024,7
Flood,24.5378,93.28,8.0,27169,107330.5,63627.3,14.8,2020,63
Earthquake,13.1315,122.591,8.0,44468,163385.8,106001.2,15.3,2012,19
Volcanic Eruption,-7.8328,131.9893,7.1,29270,98921.8,69524.3,12.3,2008,51
Landslide,5.5451,99.9543,6.5,14695,56282.4,32574.7,10.8,2011,21
Landslide,12.0321,94.6132,6.8,35999,131527.5,86480.1,12.7,2018,33
Flood,13.5962,98.6717,4.4,25152,97128.6,60301.7,8.2,2009,3
Drought,13.7522,104.6288,6.7,2757,9081.0,6943.6,11.1,2025,20
Landslide,16.4828,95.2022,6.7,18049,61874.0,37945.0,11.4,2019,21
Landslide,-0.3016,124.7909,7.3,35758,136962.4,73738.0,15.6,2006,19
Flood,0.12,108.921,8.4,43960,176519.1,93649.6,16.2,2015,90
Flood,11.4513,122.6961,8.7,11804,39035.5,24942.1,15.3,2022,139
Flash Flood,17.8747,102.9432,6.5,3239,12045.2,7587.3,12.0,2019,27
Drought,15.9416,101.1075,5.7,33551,107777.8,69546.2,8.8,2021,29
Landslide,10.3586,96.4266,6.5,37434,123137.7,80593.7,10.0,2013,25
Flood,1.9376,118.3716,8.3,2011,7425.8,4784.5,11.3,2016,91
Volcanic Eruption,-10.0198,132.1088,5.9,40079,144319.8,90346.6,13.6,2014,27
Earthquake,17.2213,96.0987,6.9,28428,93275.9,59626.8,12.1,2007,42
Landslide,25.0493,93.2802,5.2,9433,35747.1,21039.5,12.7,2009,8
Flood,-5.412,125.6567,5.6,9771,36683.9,19823.8,12.5,2008,20
Flood,1.5944,104.508,6.4,17707,68386.9,45609.8,12.0,2025,42
Cyclone,14.2262,97.4705,6.2,8841,30586.8,19443.5,9.0,2018,22
Earthquake,27.4113,94.6286,5.7,19826,79938.4,44390.7,13.0,2019,23
Flood,19.8068,104.2763,5.7,2982,9636.6,6559.8,13.7,2026,29
Tropical Cyclone,14.0761,98.38,7.5,31783,112337.7,76867.3,13.0,2017,11
Earthquake,8.1675,119.0964,5.3,8345,34681.3,17227.9,11.6,2005,6
Landslide,-10.235,139.4646,7.0,28539,101870.8,69167.5,13.2,2009,13
Tropical Cyclone,19.4106,97.7601,6.4,28550,98786.1,59777.0,10.9,2022,18
Landslide,27.3188,94.318,7.3,5651,18805.6,12720.0,15.3,2022,58
Cyclone,15.428,96.4374,8.4,27953,91068.2,57351.9,12.7,2024,121
Cyclone,18.4641,98.6979,8.3,32902,119337.3,82540.5,12.4,2024,71
Tropical Cyclone,19.2031,99.166,6.8,37089,136335.0,89569.1,10.1,2021,26
Cyclone,23.4763,95.0366,6.2,34055,141185.7,84903.1,12.5,2025,23
Drought,12.9557,102.4913,8.1,43795,158850.5,104878.5,12.6,2015,91
Earthquake,22.3023,96.5863,7.2,26405,105298.6,62712.8,15.1,2018,15
Landslide,21.071,99.4538,8.1,49826,160216.1,103263.1,12.2,2020,93
Landslide,25.5737,98.7541,5.4,32570,107954.4,80796.1,12.3,2022,4
Tsunami,2.6697,100.0155,9.1,30350,126451.0,63522.5,14.2,2009,100
Landslide,4.437,114.2934,6.7,15799,50717.3,40018.2,11.5,2022,47
Earthquake,24.6157,93.967,5.7,8130,26201.7,16987.9,12.8,2023,24
Flood,5.9344,110.1185,8.6,49708,193992.2,113721.4,13.1,2019,117
Flood,18.7901,97.8116,7.9,47170,155647.4,120107.3,10.5,2025,68
Earthquake,15.6798,101.0179,8.0,29286,114862.0,65747.2,12.5,2006,49
Typhoon,17.0307,106.5104,8.1,18997,68019.7,40879.1,12.6,2024,102
Earthquake,18.704,93.3104,6.4,39635,165146.6,84386.3,9.5,2020,28
Flood,20.189,93.2095,4.8,20556,83076.4,47898.1,9.9,2022,13
Landslide,20.7629,105.2705,7.6,42926,158179.6,102891.2,13.6,2020,62
Landslide,-10.376,95.5451,6.5,6994,26915.4,15863.1,12.0,2026,36
Typhoon,16.7965,104.4598,8.6,47533,154868.1,122562.7,13.4,2011,177
Drought,10.6035,105.6649,6.4,37041,141459.3,87387.2,8.8,2010,38
Flood,4.108,114.7891,6.5,30647,107716.0,64673.5,9.9,2022,21
Landslide,22.0102,92.6043,7.1,38802,140558.6,78873.1,13.8,2008,37
Flood,2.0764,130.3068,8.3,3109,10735.9,7611.7,16.6,2022,166
Flood,14.1901,101.7358,5.4,816,2623.5,1679.3,10.4,2024,7
Typhoon,15.498,126.3434,5.3,21231,77438.6,50516.3,11.1,2014,4
Cyclone,17.4497,96.0489,7.7,11429,41743.8,24507.3,11.4,2018,63
Cyclone,23.5152,100.486,6.9,18965,78767.1,48063.5,12.6,2012,21
Landslide,9.918,107.2627,7.0,23241,80857.2,56096.0,10.5,2020,21
Landslide,-5.6332,116.9189,7.4,50700,194052.9,131528.0,13.9,2018,57
Landslide,13.6385,96.1917,7.9,49213,187899.7,121650.3,11.5,2025,67
Flash Flood,13.1734,104.6142,7.4,1704,6298.8,4419.9,11.4,2021,24
Flood,7.8195,123.8674,7.0,16146,62003.0,40515.6,12.3,2020,47
Landslide,-3.4971,125.0444,7.1,36929,126975.3,94030.7,12.8,2007,51
Drought,12.436,106.6406,6.6,7607,24437.4,18704.8,12.2,2021,32
Landslide,14.8845,94.8782,5.5,19483,62455.6,44417.3,10.0,2015,17
Volcanic Eruption,-10.1332,131.7896,6.2,16144,58278.1,34087.1,12.9,2021,22
Landslide,20.2282,95.2518,7.0,38399,158753.3,89725.7,11.2,2023,15
Earthquake,-9.4417,116.3424,7.3,27596,111925.5,63050.5,11.5,2006,42
Landslide,5.5383,123.1115,8.2,4191,17257.2,8550.8,13.4,2006,110
Flood,9.9503,121.5279,6.6,38848,136850.5,91757.3,12.6,2022,40
Drought,6.0153,103.2378,5.9,12557,48352.9,31207.2,8.6,2007,15
Typhoon,5.8,121.1591,5.9,28833,95817.9,67248.3,11.3,2006,17
Flood,18.4611,102.337,6.9,25581,102532.1,61723.0,12.2,2023,40
Flood,2.511,122.6056,4.9,21070,85461.2,51510.3,13.1,2011,9
Flood,6.9039,108.0899,6.4,15080,52678.7,36435.9,10.4,2023,10
Tropical Cyclone,17.574,104.9332,5.5,29769,116549.6,72872.0,9.4,2021,21
Landslide,14.0951,94.6525,8.5,53952,221417.6,114184.5,13.7,2019,100
Earthquake,22.1573,100.3959,6.6,43538,153571.1,87140.6,14.4,2019,32
Drought,9.5742,101.948,7.6,52690,204145.5,109391.9,13.0,2005,37
Volcanic Eruption,-6.5687,138.1442,6.5,29040,114595.1,66836.9,11.6,2013,40
Earthquake,20.9164,98.4789,6.1,24267,79222.4,52825.3,9.8,2023,10
Flood,18.6556,106.8461,5.0,24146,96499.4,59199.5,9.5,2016,8
Landslide,5.3103,97.3542,7.0,22771,83502.9,57155.1,14.1,2009,36
Flood,12.8424,98.2177,6.9,38666,143321.5,83953.2,11.8,2012,31
Landslide,23.992,95.0568,4.3,3673,11758.0,8273.5,10.5,2014,3
Flood,18.1238,101.4077,5.3,3221,11669.9,8064.4,9.5,2011,12
Flood,16.3442,95.0974,6.4,39057,154837.7,84669.0,12.4,2008,11
Landslide,13.2003,99.3784,6.7,36280,124153.5,85112.8,10.6,2020,46
Drought,16.7537,98.9739,7.9,14510,55268.4,31908.5,12.0,2026,28
Volcanic Eruption,1.3424,140.3927,4.6,31256,102888.2,67219.0,13.3,2012,8
Volcanic Eruption,2.8027,102.5984,5.5,19692,76187.3,41342.5,10.8,2008,12
Volcanic Eruption,11.235,122.3217,7.1,25153,88454.4,59934.1,15.1,2010,24
Cyclone,19.6644,93.3389,8.9,15014,54973.0,31086.2,14.4,2014,106
Tropical Cyclone,11.0625,97.792,8.6,13988,56039.8,30521.6,14.4,2009,82
Landslide,5.1456,107.59,5.9,5037,17238.1,11234.2,10.7,2016,19
Landslide,5.0093,114.3782,8.8,16753,60770.0,38059.5,12.7,2024,104
Tropical Cyclone,9.616,101.0144,8.2,18776,64285.9,43578.2,11.6,2009,70
Earthquake,10.953,95.8553,6.6,44699,166579.0,92689.0,11.9,2022,42
Tsunami,4.8645,125.5576,6.3,31400,125673.1,72160.4,13.6,2022,19
Earthquake,-4.0701,132.2551,6.1,36413,140295.9,83565.3,13.8,2019,29
Flash Flood,21.085,105.2165,8.6,7253,26367.9,15954.5,13.9,2026,123
Landslide,14.0584,93.0463,4.5,19529,73297.3,42196.5,9.8,2008,5
Volcanic Eruption,4.573,126.3804,5.4,27052,90446.0,69248.2,14.0,2021,17
Flood,16.8608,104.3422,8.5,59418,203164.9,128507.9,13.4,2009,139
Flood,6.0088,97.8674,6.2,32962,130522.0,73900.1,11.5,2024,18
Landslide,4.5199,131.6368,6.0,31760,114033.4,76243.2,12.6,2008,25
Flood,14.7614,106.2213,6.0,2941,12225.8,7015.4,13.1,2018,24
Flood,18.1943,117.1792,6.2,12462,41974.5,30463.9,11.7,2005,19
Storm Surge,9.9884,106.6885,8.2,53467,213822.4,120839.8,13.1,2024,100
Flood,10.6792,98.6918,7.0,22934,88014.1,52531.2,11.2,2014,46
Landslide,16.3726,106.8788,6.2,2095,6932.1,4896.4,11.7,2018,22
Typhoon,17.9106,102.4521,6.5,2086,8699.8,4853.6,10.3,2007,39
Flood,12.3499,93.1457,4.5,29606,114217.8,76531.1,7.1,2018,7
Volcanic Eruption,-1.6609,128.6631,6.0,14672,49340.2,32608.1,11.0,2011,27
Landslide,12.2809,103.5868,4.4,21580,87920.1,53165.1,7.7,2009,3
Tropical Cyclone,11.5373,98.1081,5.8,37773,134939.4,91921.7,9.0,2013,18
Flood,21.1109,100.2305,5.8,12718,47575.8,32724.4,9.3,2006,31
Coastal Surge,1.2581,103.6447,8.1,1472,5345.4,3302.7,14.3,2020,90
Landslide,18.6908,101.3996,5.0,2477,9912.0,5275.6,10.3,2011,14
Flood,22.4407,107.8342,9.1,13413,48433.4,30164.6,14.1,2009,117
Landslide,-5.4282,120.8523,7.3,28471,117445.0,65115.2,14.4,2025,21
Flood,5.7838,117.7851,5.1,30068,109836.3,78126.6,9.5,2013,7
Earthquake,11.9331,97.2088,5.0,9504,32110.6,19186.3,7.7,2006,11
Flood,14.1979,105.0103,5.5,17163,62791.3,36886.5,9.8,2023,14
Flood,17.2598,97.6931,5.7,29725,106821.4,62309.3,11.6,2012,18
Flash Flood,19.7127,101.9857,5.9,946,3633.3,2366.6,12.9,2012,15
Landslide,15.6035,98.4993,7.7,19688,79581.2,43867.8,11.4,2007,53
Earthquake,16.2205,97.7701,7.5,3099,10269.9,7428.1,10.6,2017,12
Cyclone,18.2684,101.4551,7.1,46581,185466.4,95192.4,11.0,2018,17
Landslide,19.2651,99.4016,9.1,20859,68837.5,49938.9,13.8,2006,121
Typhoon,18.3839,125.083,5.6,38321,156447.8,76917.3,10.2,2006,21
Landslide,13.9639,107.1611,7.9,17187,59195.6,40805.4,12.7,2015,38
Tropical Cyclone,13.1916,99.0933,7.4,3409,11103.2,8608.1,10.7,2010,46
Landslide,10.0276,93.1286,7.3,41344,159361.3,100872.1,10.7,2009,19
Flood,19.1628,125.1008,6.1,28904,94442.3,74485.7,13.1,2019,14
Typhoon,17.3221,119.0663,5.4,21881,86896.5,50141.4,12.3,2017,20
Earthquake,18.7391,99.6646,6.4,23782,93267.0,61016.2,11.5,2011,20
Landslide,21.6068,98.5121,6.2,22601,73749.7,50157.3,11.9,2009,9
Landslide,23.7953,100.5474,7.5,6015,19846.9,14859.1,13.1,2010,33
Cyclone,21.8718,100.2174,6.3,4953,18824.3,10945.3,9.5,2021,9
Earthquake,-8.8155,137.5377,5.7,8105,30083.0,19943.8,10.6,2007,25
Flood,3.9103,104.6149,6.3,39038,133413.5,97010.0,10.7,2023,13
Flood,6.6366,98.8048,5.9,17957,71753.3,37129.0,11.7,2023,27
Flood,15.4207,102.0332,6.8,15596,57557.6,36449.6,10.7,2011,40
Landslide,14.1735,93.8497,4.6,19642,71971.4,45881.6,8.9,2006,3
Earthquake,14.7505,98.7817,6.3,30295,121886.3,60824.4,10.5,2020,21
Cyclone,14.4705,93.041,5.7,21406,69635.5,51221.4,8.6,2013,22
Earthquake,10.7683,92.7672,5.7,14149,48374.7,30522.2,9.9,2012,9
Landslide,-6.3994,101.3551,4.4,10092,34151.4,25556.8,10.4,2015,3
Tropical Cyclone,9.8486,103.1515,7.1,42054,162385.3,99436.0,10.5,2015,11
Flood,16.2721,94.6516,9.1,3718,13681.4,8116.0,15.0,2023,95
Cyclone,18.6051,100.8573,7.0,17771,68338.1,36698.2,11.4,2024,37
Cyclone,17.5356,101.4559,5.6,22682,79868.1,46453.7,9.9,2024,22
Flood,18.0126,93.7194,4.3,23161,81809.7,54940.6,8.9,2015,2
Drought,10.0126,102.3715,7.5,50001,181566.2,113320.2,13.0,2009,51
Volcanic Eruption,-8.7316,100.5491,6.2,28378,118053.7,64506.9,11.0,2020,31
Cyclone,17.1311,94.6037,8.0,29822,111954.0,70132.5,12.1,2025,59
Earthquake,2.0724,128.5711,6.0,23670,75971.4,57313.1,13.6,2018,13
Volcanic Eruption,5.4494,124.6032,5.9,27541,104097.8,70278.1,11.4,2015,32
Volcanic Eruption,-8.1743,115.0824,6.9,10167,41698.5,20886.2,15.8,2021,24
Flood,6.4372,102.5482,5.7,28959,118400.5,60053.0,10.2,2014,29
Earthquake,27.1583,99.2538,5.9,16030,63754.8,35894.4,11.2,2014,29
Cyclone,22.2775,97.1464,6.9,46174,154055.1,117144.9,13.1,2025,22
Typhoon,9.4301,106.1783,7.8,4885,20306.2,10763.5,10.9,2012,63
Landslide,18.3959,118.1881,7.3,2222,8530.1,5464.6,13.5,2010,56
Flood,0.8635,104.3189,7.9,6509,25902.0,13521.2,12.6,2017,14
Earthquake,23.8758,94.0561,7.7,11163,42366.2,24338.0,15.2,2007,54
Landslide,4.4254,102.4906,6.5,41120,132755.5,82860.5,10.7,2025,18
Storm Surge,16.1721,102.7477,7.0,21770,87087.9,47691.8,9.8,2011,49
Landslide,6.6393,109.4939,6.3,27602,112025.0,55455.4,11.2,2024,35
Landslide,13.1677,109.0749,6.7,19294,79437.6,44975.5,9.4,2021,9
Cyclone,24.0273,95.0466,7.6,8563,32086.9,20220.5,12.2,2012,62
Flood,25.3095,92.9985,8.0,39486,141778.0,99928.2,13.9,2005,35
Volcanic Eruption,13.205,124.379,5.5,36932,125679.0,91537.8,10.9,2014,17
Flood,23.1977,94.5305,7.2,38943,162286.0,96685.8,13.8,2005,22
Volcanic Eruption,18.8887,121.3987,6.5,10110,33972.8,25971.0,12.9,2011,15
Flood,19.0679,105.6369,6.9,891,3243.4,1831.3,12.3,2008,40
Landslide,21.3734,96.5839,5.3,35717,144165.4,77226.6,9.4,2007,5
Landslide,-0.6504,98.5226,7.7,5901,19108.4,12337.0,14.6,2016,36
Flood,22.5856,98.4934,8.4,15232,58878.9,38897.1,15.4,2015,163
Flood,21.7773,94.8012,4.7,5781,22149.2,13509.0,7.9,2021,5
Cyclone,12.3956,93.3488,8.4,2120,7010.5,4846.7,12.6,2022,60
Landslide,26.4516,100.3318,6.8,22124,91257.4,44737.5,12.3,2020,46
Flash Flood,13.2245,105.7448,7.4,25987,107269.4,65901.1,11.1,2017,31
Landslide,16.8728,105.056,8.0,26576,101512.3,57608.7,13.5,2023,25
Landslide,13.1161,95.8614,6.6,18115,69417.1,46833.3,9.5,2023,10
Earthquake,-9.3859,113.7398,7.2,25940,105216.1,63609.3,14.7,2021,39
Landslide,3.6958,118.416,6.8,34081,122644.7,83826.5,11.5,2020,45
Flood,15.9044,100.7656,6.5,6451,23259.9,13958.7,10.1,2018,24
Cyclone,17.9463,95.4537,5.7,8811,28303.5,21392.9,10.9,2023,8
Flood,11.5014,119.9087,5.5,18571,74916.6,47870.4,12.0,2018,19
Landslide,21.1306,102.068,8.8,45624,162434.6,93992.6,14.3,2018,92
Flash Flood,12.2287,104.3068,7.1,28631,103192.2,70892.7,11.1,2019,44
Landslide,24.3625,97.4013,6.3,31917,125312.5,74189.8,12.3,2018,12
Landslide,11.8206,123.0697,7.0,8479,30654.0,18761.4,13.4,2007,13
Cyclone,14.2469,98.3391,4.5,3846,15786.5,9585.9,7.9,2023,1
Landslide,23.3664,101.2511,4.7,28168,95036.4,59985.0,12.1,2012,7
Landslide,-0.2608,132.5781,6.4,15371,53929.7,37610.8,14.8,2013,29
Typhoon,12.3818,121.5478,7.9,14550,56136.8,33837.7,15.9,2012,36
Landslide,17.2169,108.4486,4.5,18228,61356.4,42771.0,7.0,2023,4
Earthquake,0.974,125.3869,7.0,4230,17057.9,9705.1,12.7,2011,38
Landslide,11.2492,96.7313,5.7,19823,79634.0,49497.1,9.6,2012,14
Flood,12.4419,107.5941,7.2,47975,198306.5,113097.1,12.8,2019,45
Flood,3.8425,95.3837,8.7,55135,229556.4,112741.3,14.7,2026,60
Earthquake,20.048,95.3354,7.2,7646,26888.4,16081.6,11.3,2006,48
Cyclone,17.3259,92.8018,6.5,37273,121768.6,76497.1,12.2,2020,22
Flood,21.0808,108.3416,6.4,43182,166567.9,112163.6,10.4,2015,42
Landslide,4.3026,100.1665,5.6,15806,56862.5,32213.8,8.3,2021,12
Landslide,26.2553,95.1935,6.9,36574,141798.7,85010.3,13.4,2007,30
Flood,21.1759,105.5617,5.4,6693,28080.1,15696.9,10.3,2016,5
Flood,12.7514,119.9956,6.0,3464,12415.6,8661.6,12.3,2010,14
Cyclone,12.6416,93.5146,7.1,47946,154869.6,122356.8,11.5,2011,55
Drought,7.8897,103.8083,4.5,30857,106954.2,70642.6,9.7,2016,3
Flood,14.7339,92.8757,4.7,32210,110327.1,71189.1,9.4,2012,2
Flood,-4.4538,113.9348,8.5,15653,62122.0,33538.2,17.2,2023,135
Flood,19.685,100.1215,6.3,8198,29911.4,16665.3,11.8,2025,8
Typhoon,8.6865,119.6453,5.9,2638,9469.2,5965.9,11.3,2005,25
Landslide,22.2011,97.4897,5.7,29465,114245.2,74890.7,12.0,2022,26
Flood,13.332,121.6444,6.5,16472,68262.6,36033.5,13.3,2009,11
Flood,26.8994,100.5784,5.6,14327,45922.7,32498.5,10.3,2023,9
Volcanic Eruption,6.3519,119.1154,7.2,7961,27854.3,20215.8,11.8,2025,10
Earthquake,18.2821,97.2783,6.5,29481,104710.9,66988.1,9.9,2011,19
Typhoon,13.1997,121.7153,8.7,56861,220012.8,114667.3,13.2,2009,108
Flood,10.0505,97.7018,5.4,27066,100061.5,54133.0,10.8,2006,5
Landslide,10.2952,124.5456,7.6,33459,110555.2,71268.2,12.1,2008,58
Earthquake,-1.2457,125.8229,6.1,30040,100867.8,62189.1,13.1,2023,7
Landslide,18.3548,102.1474,7.3,15038,61674.6,35977.4,9.8,2019,48
Cyclone,27.1798,93.7487,6.9,42684,168813.6,109823.1,13.6,2026,20
Drought,14.1325,104.0053,7.7,30287,117972.2,64356.6,12.0,2011,59
Flood,6.3416,106.7888,4.4,15818,64168.7,34727.1,8.2,2014,5
Typhoon,16.5218,103.0768,7.5,13066,43983.4,29977.7,12.4,2022,37
Cyclone,20.0841,95.8838,8.8,38788,141609.5,89134.5,13.3,2005,94
Landslide,13.5382,95.2977,6.8,20363,83522.8,49588.2,9.7,2006,14
Flood,22.7717,96.4051,5.5,35631,117357.5,75142.5,11.4,2011,17
Cyclone,20.5167,98.7904,6.3,34619,117951.5,75764.6,9.9,2014,37
Flood,12.6634,104.9953,8.7,48751,186755.9,98746.1,13.7,2021,82
Landslide,11.5429,119.2726,8.4,33418,140159.8,80817.1,15.2,2007,183
Landslide,15.2971,105.1316,4.8,24676,80838.5,59171.7,8.4,2026,9
Flood,11.5053,92.7182,8.5,12416,42258.3,30866.2,13.8,2018,80
Coastal Surge,1.3298,103.6821,4.9,2316,8616.7,5948.5,7.5,2005,12
Drought,14.2364,102.7392,6.6,44271,152422.2,111930.8,10.0,2005,40
Landslide,11.2395,95.9476,7.4,11413,37699.4,25343.0,11.2,2009,42
Cyclone,27.1685,98.4124,6.1,35392,116116.6,89473.4,12.8,2019,7
Cyclone,11.0311,95.6629,6.9,6715,22102.2,15744.1,12.7,2019,47
Landslide,16.9415,98.9351,5.1,17253,56967.7,42502.6,10.4,2008,16
Earthquake,17.9356,99.1197,7.2,8431,32938.3,18454.5,12.6,2021,24
Earthquake,18.5138,100.4669,6.5,17440,58248.6,36900.5,11.6,2020,22
Earthquake,21.0514,95.5472,6.1,35519,135385.2,83806.0,10.2,2016,31
Flood,13.9585,92.7,6.7,30156,124844.0,65750.4,13.3,2006,46
Landslide,18.1276,96.2357,8.1,48378,161311.9,114267.0,12.6,2020,119
Cyclone,15.3251,94.9232,6.0,28804,112669.3,61876.2,10.7,2005,7
Flood,5.4071,103.353,7.2,39860,149673.6,82010.2,13.5,2020,40
Landslide,6.0132,115.0184,7.7,25759,94004.4,58011.4,11.9,2026,46
Flood,14.3367,100.5753,8.3,14315,50116.8,31350.4,12.8,2006,114
Flood,19.1803,122.5686,4.5,4898,17026.6,10278.2,9.2,2010,5
Landslide,2.1359,109.004,7.3,11339,42615.0,25152.9,13.1,2010,27
Flood,15.7632,103.7625,7.2,8549,31339.9,19861.6,11.5,2005,28
Landslide,16.3579,99.7099,7.2,4377,14631.3,10349.6,11.4,2007,20
Landslide,14.39,99.5666,6.6,24611,90362.1,60513.8,11.1,2009,19
Landslide,16.2756,119.4453,8.0,16120,52759.9,37806.5,14.6,2026,34
Tropical Cyclone,10.9465,105.4544,6.3,31413,101375.2,69883.7,8.9,2019,14
Earthquake,13.563,98.2081,6.0,39619,136730.0,100826.2,9.5,2013,7
Tsunami,-5.0533,112.6704,4.5,949,3867.6,2088.0,10.7,2018,6
Earthquake,-2.0395,138.4193,6.2,11141,37787.4,26788.2,12.1,2005,11
Landslide,12.3051,99.4705,7.1,37326,150065.9,80013.7,10.9,2016,46
Drought,16.2151,105.1675,7.8,50252,193077.9,121338.0,11.4,2008,46
Volcanic Eruption,6.2835,124.318,6.4,3353,12445.8,8337.1,10.8,2025,22
Landslide,13.0622,98.8366,4.6,27152,91820.6,62965.9,8.6,2018,8
Flood,6.1417,115.1363,5.8,35545,144237.9,86591.0,9.8,2017,17
Cyclone,10.2414,94.4417,8.2,44412,164618.0,105573.6,12.6,2017,105
Storm Surge,9.7953,106.8593,4.5,17148,62426.4,41029.0,6.6,2014,4
Landslide,25.4393,94.0821,8.2,44307,176694.6,93566.9,16.4,2014,88
Tsunami,-1.0871,109.7046,7.4,27372,104466.1,65906.1,15.5,2019,51
Landslide,3.352,112.0836,4.5,24621,101749.8,54926.9,7.9,2010,8
Tsunami,3.6903,103.8706,6.6,25828,89776.5,57293.8,13.3,2025,44
Flood,22.4422,105.8658,7.4,22738,83323.3,59011.1,13.2,2015,55
Earthquake,24.6534,93.9315,6.2,8817,29036.7,19948.0,13.2,2005,26
Flash Flood,21.1405,103.3293,6.5,587,2078.3,1448.9,14.8,2010,34
Tropical Cyclone,14.4686,101.2474,6.0,2824,10457.7,6507.4,9.8,2018,20
Landslide,-7.1199,108.5205,8.4,51201,190454.1,125525.1,14.6,2017,83
Cyclone,16.4511,99.4822,8.9,53885,206158.1,125722.3,14.3,2008,161
Flood,3.3947,116.7422,6.4,43575,169111.6,100839.0,11.0,2023,8
Flood,3.394,138.5794,8.9,24960,101924.7,62291.1,14.7,2022,108
Cyclone,10.0365,94.0982,5.4,27038,104873.4,68969.9,10.5,2007,5
Flood,12.6549,100.5746,7.1,9589,37683.7,22173.9,12.8,2026,19
Landslide,-4.1157,95.3584,5.7,10663,37001.3,27347.8,13.5,2025,30
Cyclone,24.4132,92.8777,5.2,9086,36987.9,23138.3,9.9,2019,17
Flash Flood,1.4404,103.8351,5.3,1910,7209.7,4455.1,9.7,2013,4
Cyclone,13.7084,92.5988,8.1,21550,80848.9,51354.4,11.0,2023,139
Flood,22.1068,94.0629,7.7,11990,43013.0,28300.3,15.6,2017,34
Volcanic Eruption,4.0404,124.1507,5.0,3029,12138.6,7036.2,12.3,2013,13
Landslide,17.1725,102.6527,7.6,25289,90067.1,54579.7,12.3,2009,48
Earthquake,10.3089,100.7089,6.6,45526,174846.8,97400.8,12.2,2012,8
Landslide,-5.5049,124.8016,5.9,3811,12974.2,8641.3,10.8,2011,25
Landslide,18.5501,99.3235,7.2,47759,174233.2,96012.1,11.0,2012,24
Landslide,10.0614,108.5028,7.5,5701,21464.6,12761.8,11.4,2026,62
Tsunami,3.3157,127.3257,7.5,23289,79081.7,49122.7,14.2,2021,50
Landslide,13.0883,108.9093,5.9,27043,107155.4,63881.9,10.3,2022,7
Flood,21.6087,94.0346,6.3,37404,155417.0,80829.5,11.0,2015,13
Flash Flood,12.2596,105.7305,5.1,7543,28821.7,19367.3,10.2,2012,5
Volcanic Eruption,-5.6756,122.2841,6.3,30652,123028.6,74489.4,13.6,2021,24
Flash Flood,5.8312,108.6811,6.8,28559,98405.3,70341.5,11.9,2016,25
Landslide,15.6574,97.5903,5.6,13670,51856.0,32208.7,9.1,2006,10
Volcanic Eruption,4.6268,95.5426,7.6,9249,35223.3,20057.4,12.9,2005,34
Landslide,15.9624,101.1895,5.9,38123,126342.9,77740.7,10.4,2026,7
Flood,22.9562,101.0201,6.9,41001,151545.7,101543.2,13.5,2016,36
Flood,-2.5636,118.7578,6.3,14017,54895.5,30177.6,10.8,2007,30
Earthquake,15.5956,99.0439,7.6,10188,36555.6,22805.0,11.2,2019,60
Landslide,15.7296,98.3049,4.9,14955,60074.7,37871.4,10.4,2005,12
Volcanic Eruption,-1.4127,111.42,6.9,7882,26866.7,19431.8,11.4,2024,11
Flood,11.7923,93.891,5.8,15483,61856.2,36155.8,11.5,2022,24
Volcanic Eruption,8.1586,121.3748,7.5,12697,50443.6,28128.8,14.6,2020,10
Flood,2.9014,103.9878,7.2,37967,154404.5,98147.3,10.9,2016,22
Landslide,18.3467,100.3193,4.7,10871,36434.6,24762.7,9.1,2012,11
Landslide,9.4441,104.9819,6.6,36656,132293.0,93907.8,10.5,2020,13
Flood,14.5336,98.6799,7.3,13550,45293.2,31714.3,12.0,2025,58
Landslide,12.3234,121.1387,8.5,30620,104237.8,62962.7,15.0,2016,79
Storm Surge,9.5877,108.7158,7.0,48192,155652.7,119183.3,10.7,2023,35
Drought,11.1541,105.3743,8.3,22433,77307.5,57397.7,11.2,2026,131
Cyclone,23.303,98.4497,6.8,45228,180583.3,95935.8,13.8,2013,31
Cyclone,20.8826,97.8129,8.9,44382,179802.7,93877.4,13.0,2005,91
Flood,14.6575,97.1824,6.8,30776,125762.7,64458.4,12.5,2023,17
Cyclone,26.7667,94.7776,6.4,30828,110928.6,63776.7,13.7,2010,20
Landslide,16.9701,101.4616,7.3,27693,105933.2,71522.3,13.3,2020,59
Tsunami,-5.6698,137.8067,8.1,31753,114826.0,66605.1,17.0,2012,85
Tropical Cyclone,18.0717,102.6012,6.2,31570,103554.4,74232.5,9.1,2010,35
Earthquake,15.9323,122.5622,6.7,10397,36843.5,26811.8,13.3,2015,40
Landslide,6.2204,106.705,6.8,25090,89757.8,57760.9,10.1,2007,36
Volcanic Eruption,18.8296,122.5403,5.5,24323,80901.8,60813.6,12.0,2024,25
Cyclone,20.3937,92.9316,5.3,2430,7893.2,5028.8,8.7,2013,13
Volcanic Eruption,18.9978,117.8264,7.2,28913,120588.4,64518.3,15.9,2018,30
Typhoon,10.3821,122.2013,7.2,2629,10653.0,5484.5,13.5,2016,55
Typhoon,10.0575,126.3493,7.5,31294,124544.2,79376.5,16.2,2005,56
Volcanic Eruption,2.8736,125.8191,5.1,29186,105495.2,75634.3,13.7,2023,7
Volcanic Eruption,14.6569,124.575,5.0,32257,120197.6,83790.7,9.9,2006,10
Landslide,26.8237,97.4964,4.8,30192,125632.4,71628.6,10.9,2006,13
Earthquake,3.0907,130.4709,6.4,27744,105660.2,63259.3,12.7,2007,40
Volcanic Eruption,10.0469,124.5558,7.3,12455,44701.2,30906.9,14.3,2008,49
Earthquake,18.4217,98.8277,7.8,12258,42587.2,27821.4,11.2,2006,57
Volcanic Eruption,-3.0002,115.0364,5.4,10710,38133.7,27448.1,13.1,2014,8
Typhoon,6.1367,123.3228,8.2,38613,155564.0,84469.7,15.8,2006,143
Volcanic Eruption,5.3486,122.9774,6.6,38307,130416.1,82269.8,12.2,2008,28
Landslide,21.2279,105.4938,5.4,3933,15078.8,8562.0,11.4,2026,23
Landslide,22.9622,96.4212,7.5,14731,57943.6,35858.6,15.0,2021,14
Earthquake,24.0626,92.9437,5.3,10421,40875.1,25090.8,10.4,2020,23
Volcanic Eruption,-5.8543,113.6798,7.0,21854,91373.8,54142.4,15.8,2025,10
Coastal Surge,1.2059,103.7809,5.7,1112,3729.0,2469.7,10.3,2023,21
Tropical Cyclone,11.5025,105.1956,7.0,19509,77751.6,50485.2,10.4,2018,21
Volcanic Eruption,8.5008,123.5117,4.7,2587,10856.2,6109.3,11.0,2008,3
Volcanic Eruption,4.3492,134.5902,7.7,35253,132936.7,90206.7,12.8,2020,58
Landslide,10.6561,107.2493,8.2,37685,129947.7,93739.4,12.2,2013,188
Flash Flood,13.51,104.01,6.2,31091,116210.5,80249.5,10.6,2016,25
Earthquake,25.4151,100.4134,6.3,14285,51971.5,33225.9,13.0,2025,25
Landslide,19.5036,102.0046,6.0,2600,9218.5,5312.3,12.1,2008,13
Flash Flood,3.6867,105.4126,4.8,32394,124792.0,72342.9,9.6,2020,11
Flood,-4.9382,133.7852,7.6,28317,113609.9,63344.6,13.8,2017,30
Flash Flood,15.9269,106.5586,7.1,827,2877.6,2105.0,14.5,2011,18
Cyclone,14.2339,96.8991,6.5,41732,158034.1,92221.7,10.8,2007,18
Cyclone,21.4404,100.224,7.5,10690,38540.4,23799.2,12.2,2010,14
Landslide,18.3706,93.0498,7.9,52986,182057.2,118850.3,12.4,2005,33
Storm Surge,11.6211,105.107,8.2,25803,105011.2,56646.4,13.9,2015,168
Landslide,13.7069,101.0464,5.7,2846,11558.3,7330.4,10.3,2009,11
Flood,21.906,97.8623,7.6,46022,171578.0,102034.0,12.4,2022,59
Cyclone,23.7807,99.2362,7.0,15140,63412.4,33121.9,14.6,2021,38
Drought,7.6842,99.8501,7.0,20785,71610.8,52274.4,10.0,2017,49
Landslide,-2.0844,109.1124,6.8,15291,64123.4,38295.1,14.8,2006,22
Flood,20.4817,105.3641,5.7,5381,17698.1,10768.9,10.5,2005,17
Flood,15.1043,100.1582,8.2,43873,171136.5,107103.3,11.9,2007,109
Cyclone,21.7016,96.7285,6.1,23589,95844.1,54438.4,11.7,2005,30
Flood,20.9068,103.0563,5.2,438,1805.8,1029.0,12.2,2007,18
Landslide,15.9696,97.5772,8.1,55577,224757.0,125382.5,11.9,2010,95
Earthquake,13.6442,98.7465,6.5,38390,144623.2,84662.3,10.7,2026,10
Flood,21.7326,108.6007,8.1,49184,198185.0,121261.6,11.0,2026,120
Earthquake,23.9919,100.4923,6.3,13587,47289.0,27428.1,14.6,2010,26
Volcanic Eruption,0.8484,107.2674,8.6,30824,104044.9,69013.1,16.6,2013,196
Cyclone,19.2053,97.6371,6.5,7845,27035.1,18034.6,9.5,2014,33
Drought,19.0613,97.5395,7.6,21612,73515.2,48495.6,12.0,2021,52
Volcanic Eruption,7.2731,120.1998,6.6,29633,113548.8,60256.1,11.3,2009,16
Drought,17.3861,99.4256,7.4,49624,195892.7,116805.8,12.1,2018,12
Flood,20.1077,98.7623,6.5,18876,74453.8,39947.4,12.3,2013,40
Earthquake,17.0858,94.8466,7.2,32381,109661.6,79556.8,13.1,2010,53
Cyclone,10.647,95.5104,7.3,13515,50282.1,31415.3,11.1,2014,35
Cyclone,15.8078,99.1601,5.8,20823,78061.3,49430.2,11.8,2026,5
Landslide,15.899,109.4671,6.0,39144,130197.3,88118.0,10.9,2019,35
Drought,19.8936,97.8405,5.6,9742,37014.6,23079.6,10.5,2025,26
Earthquake,13.2315,119.585,6.9,8732,29642.4,18677.5,14.4,2026,26
Flood,8.8794,102.3904,7.8,41549,140314.4,102944.1,12.6,2025,64
Earthquake,10.2996,98.4812,6.3,29229,105678.4,73145.9,12.6,2007,11
Cyclone,12.3066,95.7242,7.6,33771,108600.1,72919.0,11.0,2008,51
Earthquake,-3.6876,128.5054,6.9,11710,45966.4,26073.2,14.9,2012,41
Typhoon,17.6456,125.396,5.0,15585,53313.0,35154.3,10.0,2005,7
Storm Surge,9.0673,107.0738,5.2,1204,3981.9,2789.4,8.7,2019,4
Tropical Cyclone,17.1081,104.2063,5.4,16663,57798.4,39208.5,9.3,2011,19
Earthquake,6.3733,120.8754,7.7,18510,70271.0,47915.8,13.5,2010,52
Landslide,4.7595,108.6571,7.0,8974,32163.7,21852.9,13.0,2023,21
Earthquake,5.0159,122.7241,4.4,5662,18947.5,11487.2,10.1,2009,2
Drought,11.5413,100.9718,4.3,3340,11119.7,7743.9,9.1,2018,2
Landslide,20.1254,101.4914,8.3,53566,207010.3,108739.8,11.4,2008,60
Cyclone,16.445,96.3531,7.3,8349,27363.8,20537.3,11.9,2013,10
Volcanic Eruption,17.0864,126.4394,5.1,7824,30379.4,17142.1,11.3,2013,9
Landslide,10.8205,95.5997,7.1,36890,147036.3,80834.9,10.6,2017,17
Flood,25.0123,93.8086,7.5,48457,179939.5,125620.8,13.7,2018,54
Cyclone,12.7343,98.1351,7.9,49289,188826.3,108363.9,13.1,2006,52
Landslide,18.2908,97.7307,7.1,4825,16439.7,12240.7,10.9,2011,23
Landslide,2.4701,109.5058,7.4,51632,181278.4,117796.1,12.8,2021,18
Flood,6.2472,117.2288,7.5,29005,98862.7,60502.8,15.1,2025,21
Flood,11.2853,102.7575,6.7,34187,123716.9,84675.2,12.6,2012,21
Flood,22.5101,94.2614,8.2,2087,6705.2,4801.0,15.5,2018,186
Flood,20.9131,93.2318,6.7,24700,80693.1,55173.5,10.9,2009,22
Storm Surge,8.6221,109.1094,6.7,19886,64181.7,40935.6,10.5,2006,44
Flood,14.8557,95.2892,6.7,19183,80075.9,40154.4,10.9,2025,35
Landslide,14.9726,99.0136,7.1,15412,54456.2,36212.7,10.4,2025,41
Earthquake,16.0055,95.8742,6.1,39473,151387.6,92998.5,11.9,2020,16
Landslide,26.3561,99.0395,4.9,13866,49422.2,28961.2,10.3,2014,14
Flood,-4.9809,132.6001,6.7,31790,125606.4,66507.8,14.2,2009,17
Landslide,26.2726,93.257,6.7,35914,127927.5,73130.5,14.0,2013,20
Flood,16.6874,107.5952,6.7,29618,96494.2,75771.4,11.8,2020,27
Earthquake,9.7365,124.7791,6.7,9223,32885.9,20418.8,13.2,2023,46
Landslide,1.5242,136.3039,7.0,40678,143502.0,85312.6,14.2,2013,39
Tsunami,-9.5194,135.2286,6.8,18260,72182.2,40316.5,12.9,2024,17
Earthquake,12.5639,95.7521,5.0,4887,17630.1,11201.7,9.4,2005,8
Flood,15.703,95.0227,7.6,37879,125526.8,88572.9,12.4,2026,52
Cyclone,16.9754,94.1761,7.0,23188,82750.6,56052.4,12.7,2016,43
Landslide,10.3675,99.5705,6.7,21600,78587.8,51719.2,13.3,2008,31
Flood,15.6659,94.2271,6.4,15688,63573.4,37119.0,10.8,2020,30
Tropical Cyclone,16.1657,102.6056,5.7,38703,137075.2,87494.0,10.7,2023,11
Landslide,24.7928,94.293,6.4,41813,138261.1,93193.6,11.9,2014,7
Flash Flood,15.4665,107.1745,9.0,7952,25885.0,20663.6,16.0,2007,107
Landslide,16.113,94.3953,7.4,37580,145334.9,83217.8,11.3,2006,50
Flood,19.4107,98.8247,8.7,51370,197597.8,131705.0,13.2,2019,88
Flood,13.2439,101.0329,8.2,51186,196437.1,110385.5,12.3,2013,105
Flood,2.2916,113.9886,6.6,17450,73184.5,40616.5,11.7,2007,26
Tropical Cyclone,6.8055,100.1769,6.3,20690,71581.4,45685.8,9.5,2024,33
Earthquake,-9.1377,137.9545,4.8,16369,61808.0,33022.2,10.1,2021,8
Typhoon,18.3054,104.3214,5.5,19311,65370.4,43711.8,9.1,2008,12
Earthquake,13.4612,97.9589,6.0,11307,39832.3,22729.0,8.9,2020,17
Typhoon,13.2791,119.6388,4.7,26137,93377.1,57873.6,10.4,2014,9
Storm Surge,19.4225,105.2669,6.5,35878,146237.3,92599.8,10.8,2011,21
Landslide,26.0148,93.9904,7.2,12219,40077.9,27807.6,15.3,2016,50
Flash Flood,18.3414,101.5169,7.8,4684,19331.9,11208.2,13.3,2021,25
Flood,4.4927,111.6276,7.2,44962,156069.6,101259.6,9.9,2024,51
Flood,23.2132,99.6523,6.8,29257,121693.8,62652.2,13.1,2022,44
Landslide,17.8972,100.6529,5.5,31863,106175.9,79246.7,8.7,2022,26
Landslide,11.609,94.4908,5.8,26390,93184.8,57428.5,11.5,2020,32
Typhoon,22.2239,106.0749,7.8,6211,23843.9,14417.7,15.0,2015,37
Cyclone,18.217,93.3247,4.8,29844,96860.5,63044.3,9.9,2008,11
Cyclone,16.898,97.813,8.4,37301,125099.2,76416.2,14.1,2019,108
Landslide,16.3623,95.4341,6.4,18552,63930.3,45036.0,11.9,2026,35
Flood,3.3196,135.3125,6.0,6471,23715.3,12987.8,14.4,2008,34
Landslide,6.7953,112.3077,7.6,42146,169895.6,101401.8,12.1,2023,47
Cyclone,25.204,95.426,6.4,24353,88728.0,51651.0,12.7,2016,13
Cyclone,25.627,98.5018,5.6,24148,96228.2,61337.3,12.3,2005,8
Tsunami,-10.4222,120.1418,6.2,42354,172064.1,93575.1,12.6,2009,29
Earthquake,22.2867,92.912,5.5,11224,45141.1,27448.4,11.0,2011,8
Flash Flood,12.4295,106.267,7.2,36727,120774.4,87259.4,10.8,2010,56
Volcanic Eruption,0.0984,137.2725,7.0,19859,80594.1,50492.5,12.6,2017,29
Storm Surge,9.0492,103.0586,8.2,20403,81810.7,44612.5,14.0,2024,83
Cyclone,19.202,99.7485,5.6,8889,34996.4,18793.6,8.2,2009,25
Typhoon,18.4487,104.1925,9.0,7268,26482.3,15148.7,14.3,2005,88
Earthquake,18.3629,101.2378,7.1,39877,132226.1,80705.2,10.4,2017,9
Flood,16.9732,95.0074,5.0,19292,68508.7,44480.5,10.4,2015,17
Tsunami,-2.7265,134.117,6.9,33270,130665.3,81509.7,12.1,2015,49
Flood,16.9088,101.2599,7.8,14827,60698.1,35675.4,13.5,2017,25
Landslide,3.8953,100.4381,7.5,27406,94092.7,70089.4,12.7,2008,51
Cyclone,12.206,93.8018,6.7,25462,90272.6,57921.4,12.3,2021,31
Cyclone,14.6595,96.3706,7.2,9894,32774.2,22243.2,10.7,2016,38
Landslide,13.2791,93.5516,7.6,32228,125858.9,70537.4,10.8,2020,58
Drought,19.2808,102.0536,6.4,17145,70166.6,38167.7,12.8,2024,30
Cyclone,10.7722,93.0346,5.3,36778,122199.9,78128.7,10.8,2018,14
Cyclone,13.6823,97.8414,5.2,8888,29732.0,18034.2,7.9,2011,6
Landslide,10.7638,99.2023,7.3,37936,136041.5,90978.6,13.5,2020,57
Earthquake,-2.03,110.2603,5.6,32474,109280.4,74236.7,10.6,2009,9
Cyclone,13.7657,95.8449,5.5,23767,78961.2,52077.1,8.2,2019,17
Flood,16.2913,105.3683,5.4,2867,11840.4,6246.5,10.9,2009,7
Volcanic Eruption,5.5931,125.46,6.7,24815,102520.6,61908.9,13.2,2020,13
Volcanic Eruption,15.7241,125.4875,4.2,20838,72578.7,50686.3,9.3,2023,2
Volcanic Eruption,-0.3589,114.1512,8.4,23251,83548.6,58852.8,16.1,2018,113
Cyclone,12.2084,98.1189,6.9,30789,110252.5,72613.9,10.8,2018,13
Drought,18.5999,98.1498,4.4,17906,71812.1,45808.3,7.0,2016,2
Earthquake,24.7269,97.2078,6.1,5034,18882.5,12838.6,12.5,2018,9
Volcanic Eruption,1.438,114.6212,7.4,21578,73093.6,45464.6,16.0,2010,24
Flood,1.3732,134.7931,6.8,37885,144681.8,97678.8,12.0,2024,26
Earthquake,13.6657,117.9337,6.4,23668,83814.1,48118.1,11.3,2024,40
Landslide,10.779,95.4934,6.4,6547,24057.1,16543.9,12.7,2024,27
Flood,6.0744,102.8888,7.9,52767,221282.7,132561.6,11.8,2012,57
Landslide,15.6838,108.7613,5.3,30205,108458.4,69307.8,10.5,2008,8
Cyclone,13.2188,99.2209,7.3,9044,36509.3,20440.0,10.2,2013,59
Storm Surge,17.6361,102.1433,5.0,17701,70510.7,38288.3,8.7,2013,3
Flood,20.148,104.6139,5.7,723,2389.4,1831.5,13.9,2026,30
Flood,5.1222,114.9897,6.9,17804,63363.8,36065.3,12.1,2019,24
Flood,5.9602,122.9347,7.4,35764,126319.1,86214.8,13.1,2007,11
Flood,15.0664,121.5957,5.6,27931,102459.2,64249.4,10.8,2015,11
Tropical Cyclone,19.4965,99.973,7.8,28086,96472.0,65580.8,12.1,2018,41
Landslide,21.2585,92.7804,9.1,49722,180305.6,102664.8,14.2,2007,77
Landslide,13.5308,98.219,8.6,10209,41248.2,23700.2,11.8,2023,89
Volcanic Eruption,8.4872,124.5059,5.8,26704,110816.8,60391.0,11.2,2015,6
Landslide,20.9068,96.5895,6.5,39642,142105.3,84653.3,9.7,2020,39
Earthquake,24.7443,97.5726,7.7,4402,14443.9,11309.3,14.7,2011,53
Earthquake,0.0624,102.0662,5.9,27700,92134.2,66855.7,13.5,2019,29
Volcanic Eruption,-5.2895,116.9472,7.1,46323,184410.7,108281.2,12.8,2009,40
Landslide,26.1345,100.045,8.0,47401,190703.4,97046.9,14.9,2009,53
Landslide,5.4117,99.769,7.9,29384,100598.9,62194.4,11.6,2016,39
Flood,20.6024,95.2279,6.9,19594,68027.6,48373.1,11.2,2017,25
Landslide,6.6016,99.6358,7.4,12352,50045.9,30378.3,11.7,2008,57
Landslide,4.7139,110.7702,7.1,29680,101581.9,59792.7,11.7,2011,29
Landslide,18.8009,96.2679,5.5,15495,61999.5,32276.7,9.5,2016,16
Typhoon,16.7283,121.9639,7.3,8729,35934.4,22544.2,13.7,2016,49
Landslide,15.0756,98.5078,8.5,56620,201982.8,122588.5,13.4,2019,115
Volcanic Eruption,-10.4579,106.8053,6.2,24904,89974.7,57120.6,11.6,2021,14
Earthquake,5.6099,123.072,5.2,28528,106019.2,62495.1,9.9,2019,13
Landslide,6.7444,99.6404,7.4,21334,82987.0,54027.3,11.0,2011,28
Cyclone,13.685,96.0734,5.2,33290,124785.4,67106.6,9.7,2007,5
Flood,23.3728,95.105,5.3,35611,140557.1,74976.0,11.6,2021,14
Landslide,18.0852,100.9555,5.5,4968,16372.0,11577.0,9.5,2005,22
Flood,11.9444,96.6898,6.5,30570,104544.9,66553.9,10.6,2024,41
Earthquake,-3.8037,101.6223,6.6,30019,106218.4,67620.6,15.3,2026,17
Earthquake,0.58,122.3003,7.4,12230,48613.2,31182.5,13.2,2018,57
Flood,1.3867,110.66,6.9,27749,116109.9,65714.2,10.6,2007,25
Flash Flood,16.9697,102.2355,8.8,1661,6037.0,4306.3,14.1,2017,101
Volcanic Eruption,-7.5368,101.672,6.6,15929,53405.2,34966.6,13.0,2026,25
Flood,18.3176,101.4948,6.7,6119,20242.0,14626.6,14.4,2009,43
Earthquake,-10.2564,112.6399,6.0,23703,84275.4,55809.4,13.4,2014,16
Cyclone,15.836,93.3766,6.1,39714,154511.0,100023.2,9.7,2021,29
Flood,19.3474,94.7033,6.6,24672,103363.9,58818.0,11.5,2006,16
Earthquake,8.5977,124.5824,6.7,20775,71596.3,53195.5,11.9,2025,44
Storm Surge,15.1147,104.7158,7.2,5960,20054.5,12301.4,12.5,2016,18
Cyclone,18.0567,95.5521,6.9,44351,170695.8,99887.9,11.0,2011,49
Volcanic Eruption,-6.8348,112.5139,8.2,38238,154221.5,82422.5,15.9,2006,89
Earthquake,0.2554,115.4423,8.5,17212,57867.7,44673.4,15.6,2010,168
Earthquake,26.3565,99.2799,6.8,16003,51640.1,32942.3,12.7,2013,16
Flood,18.3308,94.2757,8.8,23219,85195.4,56629.7,14.4,2019,47
Volcanic Eruption,12.384,126.0793,6.5,16637,57575.3,41134.5,13.5,2008,40
Flash Flood,12.9058,106.29,8.7,35682,116483.3,81383.9,13.2,2025,96
Landslide,20.1407,100.5264,6.9,14851,61093.4,37706.0,10.2,2020,40
Drought,9.6668,104.3369,8.9,42331,153068.6,106644.3,13.2,2019,93
Earthquake,25.5396,93.4987,6.3,4634,16522.9,9755.3,12.0,2011,11
Flood,6.6719,122.2948,7.5,41185,150634.3,103761.6,12.9,2017,25
Cyclone,23.7576,98.2427,5.9,34094,119105.7,85753.0,10.3,2009,25
Landslide,16.2145,105.6158,4.8,5338,17130.0,12946.3,9.5,2013,2
Volcanic Eruption,-1.3001,134.9861,5.3,19535,69473.8,46923.0,10.9,2013,23
Earthquake,20.9901,100.0562,8.5,49633,207011.9,101615.1,12.7,2007,97
Storm Surge,20.6186,104.2844,8.7,32793,128795.0,69554.7,14.1,2019,133
Earthquake,3.4333,132.7121,6.9,40138,138340.2,93750.7,13.1,2005,18
Earthquake,17.6668,97.1582,5.3,16668,54404.8,33546.4,9.9,2005,5
Cyclone,19.5733,100.5831,5.2,33941,132522.8,76665.7,10.1,2018,6
Earthquake,11.2117,92.5501,6.2,3985,14831.3,9484.5,10.9,2026,9
Flash Flood,17.6216,103.5306,7.0,3098,11968.3,7042.7,12.5,2005,31
Cyclone,14.4762,96.7624,7.6,11281,40867.7,26536.0,14.0,2026,37
Flood,17.3366,98.2839,7.6,26338,100894.4,65352.5,13.8,2016,36
Flood,26.4198,93.63,5.6,16120,55393.3,32996.0,12.3,2011,10
Landslide,9.4122,102.6554,7.6,46021,179242.0,102071.8,12.4,2021,24
Landslide,7.0394,118.289,5.4,3723,12030.9,8159.7,13.2,2010,18
Earthquake,17.0128,118.4776,6.5,11213,43621.7,25361.8,12.0,2015,41
Flood,12.8465,93.1634,7.8,31710,102108.7,68388.2,11.0,2017,20
Tropical Cyclone,15.3489,101.5696,8.2,28709,102867.1,72874.3,10.9,2024,116
Cyclone,21.8507,94.8415,8.9,5404,22437.9,13579.0,13.8,2008,85
Flood,10.8007,103.9027,5.9,10405,34455.5,24906.6,10.1,2026,24
Earthquake,20.6717,93.9981,7.0,9745,40459.7,19622.8,12.3,2017,33
Typhoon,20.1194,108.4127,8.6,51591,173642.0,118275.2,13.2,2017,107
Landslide,18.5979,106.0623,8.1,3367,13635.7,8084.9,14.0,2011,94
Landslide,10.9472,97.2195,6.2,13394,47238.4,32395.5,10.1,2017,38
Flood,17.2634,94.1162,7.0,41042,150124.6,104513.4,10.8,2017,40
Landslide,3.1936,121.4083,6.1,21689,85462.3,47540.2,13.0,2018,33
Flood,-6.3172,130.9652,7.0,19525,79085.8,49667.4,13.9,2023,53
Volcanic Eruption,15.5646,119.2446,6.2,4709,18457.9,9822.7,12.9,2025,8
Drought,18.3844,102.7407,6.7,17641,58567.2,43794.8,11.2,2013,38
Flash Flood,6.9591,101.0658,7.6,33398,123125.4,85842.0,11.4,2019,21
Landslide,12.7469,100.3601,6.4,1559,5819.2,3430.5,10.0,2008,21
Earthquake,17.3583,100.4816,6.3,25540,93572.4,52884.9,9.8,2023,39
Tsunami,-3.0406,118.8282,8.1,20113,79667.0,52254.1,13.7,2012,178
Cyclone,17.9698,100.4752,6.9,36106,133389.2,77497.6,10.7,2008,42
Earthquake,16.7207,95.2703,8.8,9975,35997.7,20182.4,14.3,2023,143
Landslide,5.2451,128.4316,5.9,11682,42676.3,29523.3,13.5,2006,10
Flood,25.4947,98.3943,7.8,43283,179150.6,93830.8,14.4,2019,65
Earthquake,17.006,97.5081,6.1,4982,17902.0,12045.8,11.0,2008,32
Flood,19.8505,97.2751,4.8,23776,88909.3,57448.0,9.6,2010,3
Flood,11.6909,100.7573,8.8,56631,211537.2,116823.2,13.7,2016,168
Landslide,14.9116,103.7849,6.3,17122,68993.8,39806.8,11.5,2018,31
Landslide,15.7198,99.3511,6.3,36070,124523.4,73912.6,9.6,2016,14
Flood,14.4883,118.8119,6.5,34678,122174.7,72280.9,11.5,2015,16
Landslide,-2.2842,118.686,6.4,26218,98153.9,63306.5,10.9,2024,11
Landslide,12.2567,98.8795,5.1,26199,100695.7,57561.5,8.8,2026,18
Flash Flood,6.0691,107.3734,6.8,16855,62456.0,40285.2,12.3,2023,24
Volcanic Eruption,-6.9791,132.0382,6.8,27900,94278.5,68968.1,13.9,2024,33
Landslide,11.4798,103.5243,6.2,36051,140119.4,85589.4,11.3,2011,35
Earthquake,18.3208,117.7254,7.2,2256,7538.1,5207.9,13.4,2018,46
Earthquake,13.1259,93.9321,7.5,40930,153490.4,90505.0,12.1,2013,27
Landslide,16.1019,95.0352,7.1,24499,85710.7,53854.8,11.8,2014,43
Flood,5.7807,117.6172,5.3,32163,122778.0,75498.2,11.1,2012,22
Earthquake,22.2932,94.7007,6.9,19756,69545.1,50650.8,11.8,2025,28
Flood,18.267,124.4504,6.9,29060,113272.2,58483.6,13.6,2005,44
Landslide,17.5213,106.0105,5.7,35794,147170.3,77609.7,11.3,2026,19
Landslide,21.2387,105.5477,8.0,43097,178534.9,89930.4,13.6,2009,25
Tsunami,4.0476,106.305,6.4,43267,157746.9,95216.8,14.0,2005,24
Flood,24.6582,99.2749,6.5,33944,116697.7,76853.0,12.8,2016,9
Tropical Cyclone,14.7315,97.86,6.0,34903,139921.0,79719.5,10.4,2022,19
Flash Flood,6.6971,109.036,4.8,5920,22324.2,15350.4,8.4,2015,10
Typhoon,18.1251,102.0594,7.3,35238,130903.7,80703.8,10.3,2010,33
Landslide,22.0471,93.8949,7.5,25950,87132.3,53323.1,15.3,2025,13
Landslide,18.0694,98.5776,5.9,16253,60460.4,39115.0,11.1,2005,24
Cyclone,21.5981,93.1639,7.8,17730,57271.2,39345.5,10.4,2023,58
Earthquake,24.2663,94.9059,6.4,32573,135480.8,74116.6,12.3,2014,31
Landslide,23.5419,93.6734,5.4,15101,55690.4,36111.8,10.9,2021,9
Landslide,6.2419,116.1571,5.4,35825,140691.2,90182.9,9.4,2005,23
Flood,12.2009,93.0464,7.6,13713,55746.8,29506.1,13.0,2021,50
Typhoon,17.5103,105.5751,7.7,3829,15496.4,8378.9,13.0,2022,16
Flood,5.7655,112.1018,6.7,25391,92060.1,56089.3,10.8,2018,31
Landslide,15.8766,108.2686,7.8,26442,109859.9,60567.8,10.4,2015,22
Flood,1.8816,104.9011,6.3,20345,80353.0,52634.9,13.2,2026,28
Volcanic Eruption,11.4791,125.6894,6.7,13799,55810.6,32485.3,12.9,2016,35
Volcanic Eruption,7.0111,125.8421,7.9,32702,105017.5,73162.5,14.7,2026,16
Flash Flood,10.6789,104.5118,7.7,40805,143870.0,99944.1,11.4,2012,36
Typhoon,19.0661,103.712,7.5,25771,96842.8,62516.0,13.4,2017,55
Cyclone,21.0155,95.0207,5.4,37053,154451.1,93799.7,8.1,2020,20
Drought,16.8485,101.7838,6.7,21247,68847.0,53690.8,10.5,2005,15
Flood,5.2803,118.4974,5.7,25930,99587.3,62842.4,9.9,2023,6
Flash Flood,1.9077,109.5972,6.6,33852,109828.2,82508.7,11.8,2011,31
Earthquake,15.9462,124.77,6.9,7941,31292.6,16632.7,15.4,2024,15
Flood,4.4154,132.1472,7.3,38284,137855.7,82349.8,14.5,2016,16
Earthquake,22.0872,93.2757,6.7,16557,56285.3,39131.6,11.6,2020,20
Flood,6.3638,122.8589,8.0,25667,102944.1,52278.5,14.6,2012,38
Flood,-9.9978,97.3151,6.0,7438,29228.2,17823.6,14.9,2014,11
Landslide,11.2719,100.9628,5.8,14502,57538.1,31214.3,8.8,2018,19
Storm Surge,16.3593,105.7912,6.1,2483,9828.0,6151.6,9.6,2025,28
Earthquake,18.8609,95.6667,7.0,31380,114639.4,63275.0,10.6,2025,28
Earthquake,16.5717,97.319,8.2,14036,56096.3,29139.7,12.1,2022,106
Coastal Surge,1.3728,103.647,6.0,3499,11397.3,7148.9,9.8,2017,8
Earthquake,19.6596,93.3222,5.7,5896,24209.8,12260.9,8.9,2012,20
Earthquake,17.3678,101.1452,7.6,30328,102129.8,73303.7,12.0,2023,24
Tropical Cyclone,18.7906,101.4421,6.6,20207,68779.6,41328.6,12.0,2006,45
Flash Flood,1.9822,109.7936,7.7,45999,171155.5,111731.1,12.8,2008,29
Flood,18.4541,120.82,7.1,36878,148827.0,86334.7,12.4,2021,18
Earthquake,16.6616,97.3029,6.3,22857,81362.8,57821.1,11.2,2020,33
Landslide,26.7927,95.0063,5.1,9545,32280.0,21295.0,10.6,2018,13
Earthquake,0.6645,104.352,5.7,21211,69427.3,54005.9,11.4,2015,21
Landslide,18.3518,98.197,6.3,43994,173624.3,103067.0,11.1,2020,38
Landslide,10.3828,123.0947,6.2,24322,92607.6,51627.1,11.6,2017,22
Cyclone,18.2967,93.6908,5.6,1740,5957.4,4115.1,11.4,2025,11
Earthquake,13.4007,94.1322,7.6,6937,28104.5,17754.7,13.3,2022,14
Tropical Cyclone,9.0844,101.1352,5.5,27102,109957.0,56637.5,8.2,2026,11
Earthquake,24.0293,94.8188,7.7,24108,97504.5,51383.1,15.7,2009,62
Typhoon,7.4665,120.004,6.4,34548,112185.3,82540.2,10.2,2011,17
Earthquake,21.1799,94.3886,5.7,22549,78395.0,49415.9,9.1,2009,9
Landslide,21.1972,103.4498,7.3,7364,28764.9,15956.8,11.5,2008,36
Flash Flood,4.0637,114.4273,7.1,2428,9437.7,5701.7,12.7,2016,52
Landslide,-2.5724,136.5448,6.0,5018,18864.8,10631.8,10.8,2005,29
Flood,7.4812,123.469,6.9,24247,84277.1,60499.7,12.8,2006,29
Landslide,12.7089,95.1704,8.6,8589,33909.2,17472.6,13.4,2021,109
Landslide,2.7678,104.8062,4.1,5181,16584.4,10938.2,8.3,2017,1
Earthquake,13.8326,94.2112,5.9,11756,45004.9,29884.2,10.2,2019,6
Cyclone,10.6364,100.787,6.7,16987,66750.2,34643.8,10.3,2011,12
Landslide,19.1242,103.3209,7.4,1712,6383.4,3647.7,13.5,2005,10
Flood,19.1785,104.022,6.5,35360,127688.2,83421.0,10.9,2016,20
Flood,13.3017,100.1938,7.0,15044,51591.7,31282.2,11.3,2009,28
Landslide,19.8519,107.0062,6.0,7549,28925.4,17059.7,11.1,2025,27
Flash Flood,3.7702,100.5746,7.9,17094,59716.5,34189.2,12.2,2011,31
Earthquake,17.3378,100.472,7.3,30578,119913.2,66911.3,12.0,2021,40
Landslide,13.3728,99.8906,8.2,51514,175386.8,126317.8,12.8,2014,95
Typhoon,8.226,125.1496,8.3,30545,105632.9,72588.1,16.2,2019,62
Landslide,19.9391,92.5131,5.7,9243,36349.2,22483.9,10.2,2013,20
Earthquake,17.0877,118.8139,7.1,11007,38243.2,26278.5,13.4,2016,32
Flash Flood,10.9775,102.5518,5.7,31776,105808.5,76608.9,10.2,2005,20
Typhoon,11.8398,118.6008,6.7,11115,36920.9,28033.2,13.0,2009,30
Volcanic Eruption,14.3136,123.1911,4.2,24391,98099.8,58390.3,10.1,2007,1
Volcanic Eruption,2.7713,115.3763,7.1,3768,13217.8,8209.2,15.1,2022,54
Typhoon,12.5999,103.5711,5.3,27093,104940.1,63625.5,8.2,2007,9
Landslide,15.5181,123.8279,5.9,19704,79249.9,44166.5,12.1,2015,21
Landslide,4.0483,108.8846,7.0,23567,85805.8,60208.2,11.8,2010,40
Tropical Cyclone,17.5507,103.5766,6.1,11753,39768.2,24523.0,9.9,2015,12
Flood,10.0538,94.3007,6.1,7794,25804.6,16755.2,11.5,2025,30
Earthquake,-0.0934,102.2815,6.9,25828,95661.2,56153.1,13.1,2011,44
Storm Surge,10.7806,107.4053,8.2,33249,113401.0,77425.4,12.6,2018,78
Earthquake,22.9347,94.086,8.0,54603,218276.1,117716.3,16.1,2026,41
Flood,14.1966,102.485,5.9,37623,128912.8,94775.4,9.9,2006,28
Flood,2.4427,102.7782,6.8,1508,5847.1,3869.4,12.7,2021,47
Cyclone,20.0875,95.4398,5.4,21373,76420.8,42965.5,9.9,2016,25
Cyclone,12.9398,97.665,7.7,41404,153034.4,92315.9,11.7,2010,26
Storm Surge,8.9992,106.9864,6.7,32976,110675.3,84771.4,11.1,2020,40
Storm Surge,19.8776,107.5126,7.4,33209,115919.7,82575.2,11.9,2025,44
Typhoon,17.7471,123.6127,5.7,18657,65677.6,42024.6,12.0,2024,23
Flood,11.4525,105.4106,7.4,1571,5094.1,3508.0,12.1,2020,32
Flood,12.0883,99.5664,6.0,22897,74801.8,51112.0,9.6,2011,34
Storm Surge,14.8844,104.1566,7.2,5577,19894.3,11439.9,10.6,2020,51
Volcanic Eruption,-6.1125,114.1627,5.8,15133,59196.3,37711.8,12.2,2026,16
Landslide,18.3004,104.4072,6.6,14372,58880.2,30860.0,12.5,2008,46
Storm Surge,16.847,107.2997,7.2,11121,40470.2,23663.2,11.8,2014,18
Flash Flood,2.1465,99.5382,8.0,50755,164961.5,131021.1,12.2,2016,45
Flood,-3.2418,126.3111,5.7,14604,60925.5,32406.1,13.2,2012,24
Flood,16.1309,95.0608,7.6,15462,60523.7,35745.1,11.1,2023,21
Flood,15.2576,97.9289,7.2,46644,163915.6,120283.0,12.4,2025,33
Landslide,20.1314,93.2698,4.9,3121,11165.1,7908.8,10.2,2006,15
Tsunami,-3.2973,121.434,7.7,42986,138675.8,89290.6,16.0,2017,54
Earthquake,21.6896,96.912,7.1,34653,129720.5,75448.3,11.8,2014,28
Landslide,2.1334,102.3403,5.8,28955,92773.8,64838.2,8.2,2018,16
Volcanic Eruption,5.2718,120.0984,7.3,26655,102585.6,64638.9,13.9,2018,36
Earthquake,17.1611,92.592,7.7,39601,137735.7,100612.1,13.0,2024,11
Tsunami,2.6558,120.9521,6.6,10961,38754.5,22886.4,12.4,2023,18
Cyclone,23.0889,99.6979,7.1,19835,82901.0,39840.4,14.7,2012,16
Landslide,24.1496,94.1183,4.4,11183,43162.6,26601.3,11.1,2015,7
Landslide,17.5395,99.3793,5.4,29125,99467.8,66150.7,10.1,2015,9
Flood,20.8193,98.6273,6.4,34480,141008.5,75817.9,10.6,2013,39
Landslide,-6.5733,115.3976,8.4,24815,92526.9,61490.2,15.5,2007,117
Typhoon,10.4316,119.8075,5.8,31323,131254.3,76499.3,12.0,2013,18
Storm Surge,17.0848,104.1736,7.4,44651,171676.2,103376.2,12.7,2023,36
Earthquake,26.6512,97.6952,5.2,32457,132301.1,79422.8,11.4,2010,8
Drought,8.8002,100.845,5.1,22903,86943.9,51981.2,11.0,2015,6
Flash Flood,10.554,105.995,4.0,18215,75186.8,41414.3,8.2,2021,0
Landslide,-7.1099,135.4661,6.0,40486,130686.0,95599.4,13.9,2006,17
Landslide,18.3284,100.1892,6.7,35709,123674.2,84081.4,11.2,2014,21
Flash Flood,1.8588,103.1674,7.2,5947,20937.3,14144.0,11.3,2024,35
Volcanic Eruption,-10.4299,108.2954,5.7,11601,45241.4,28478.6,12.5,2021,8
Landslide,1.5508,106.3652,5.4,10697,38702.4,26244.4,11.1,2018,25
Drought,17.8659,103.9103,5.1,18757,64605.9,37581.3,9.8,2010,3
Flood,12.9791,98.633,5.6,25500,104546.7,53170.1,8.6,2015,5
Landslide,10.9588,97.9966,6.5,9974,38674.8,23294.8,10.2,2008,30
Cyclone,25.6118,100.1463,7.1,39121,155279.1,83236.0,11.5,2022,31
Volcanic Eruption,-5.9711,129.097,6.5,22694,83954.0,47516.0,12.4,2024,7
Earthquake,11.1093,124.2415,6.2,10527,34556.1,27020.8,11.4,2006,8
Cyclone,27.3126,95.534,5.7,5859,20041.1,14819.6,13.7,2010,23
Storm Surge,12.9434,105.7373,5.9,18416,65765.7,44062.8,10.8,2012,18
Tropical Cyclone,12.3329,101.4841,6.2,15094,50716.1,33436.5,9.5,2017,18
Drought,6.0587,105.0677,6.7,10163,39773.2,24239.9,10.2,2006,16
Tsunami,-0.1743,114.6467,7.2,4714,15375.7,11691.9,12.2,2018,19
Landslide,10.354,102.7521,6.0,15865,54688.8,32009.0,10.0,2024,28
Landslide,14.7828,94.758,7.2,34603,139880.5,73623.2,12.1,2010,45
Landslide,15.4301,124.1315,7.1,22773,79668.3,50141.0,13.4,2024,30
Landslide,8.9525,120.0218,6.6,5892,24711.1,12089.5,14.5,2024,25
Earthquake,23.9928,101.0587,5.1,17726,70396.0,38598.3,10.7,2013,9
Typhoon,17.7946,120.2379,5.7,11558,37462.3,23798.1,12.0,2017,25
Drought,19.8238,97.6926,7.8,34546,139847.8,86582.8,12.8,2009,58
Earthquake,25.7509,100.9323,6.2,30257,99153.4,73098.5,12.6,2012,32
Flood,12.6974,97.4981,7.5,1986,7303.2,4382.8,12.3,2011,58
Flood,4.6372,100.2319,6.3,3699,12568.1,7834.4,13.9,2022,8
Landslide,10.436,96.5831,8.1,23057,94131.3,47361.6,12.5,2010,91
Earthquake,-5.3828,140.4579,7.4,30282,106159.9,69776.6,12.9,2018,59
Earthquake,17.5359,98.0581,5.3,16627,61293.2,43167.0,10.8,2022,9
Flood,16.4674,101.2339,5.0,30299,108167.7,65072.1,10.7,2015,12
Cyclone,16.1777,100.0199,5.9,17101,66607.8,34973.0,9.7,2026,11
Cyclone,11.4636,93.9843,7.4,9341,30663.1,19749.2,12.2,2022,43
Typhoon,17.1063,122.8271,6.9,21853,75834.5,50706.9,11.2,2014,29
Flood,19.1354,107.2988,5.3,4526,18997.5,9551.1,11.3,2021,9
Landslide,10.4184,97.3739,7.1,2311,9592.9,4624.0,12.7,2014,14
Flash Flood,3.1712,100.2203,6.4,18030,67048.2,37703.9,9.7,2023,25
Landslide,-6.1478,134.658,8.5,53327,172455.6,128764.2,13.9,2023,139
Flood,19.3898,99.6224,6.3,5134,17267.5,12778.7,10.5,2017,18
Cyclone,21.3161,101.2505,6.5,25669,83794.2,55396.2,11.7,2015,9
Volcanic Eruption,10.8974,117.3866,7.0,36047,134239.6,77166.4,12.2,2005,36
Tropical Cyclone,10.6867,104.4775,7.1,29301,105764.7,63271.4,13.7,2006,18
Earthquake,17.8076,124.8417,4.6,3874,15849.9,9421.7,10.9,2013,2
Cyclone,18.0841,94.5627,5.1,4214,16910.8,9155.5,11.4,2020,8
Landslide,14.062,100.9352,8.4,36272,129051.4,92797.1,13.1,2017,109
Flood,-0.9141,110.7726,4.8,19913,71203.9,51043.6,12.1,2012,7
Landslide,16.2909,102.6428,8.0,36712,130548.4,90119.2,12.9,2019,34
Tropical Cyclone,9.2979,101.1813,5.5,35252,117003.0,83716.6,10.0,2009,24
Landslide,13.5998,105.9627,5.4,23938,81150.5,60625.7,11.1,2005,14
Earthquake,26.8135,94.7666,6.6,4847,19494.8,10542.1,14.5,2016,44
Tropical Cyclone,16.0444,102.3403,7.0,11741,48632.2,25941.3,11.8,2018,52
Flash Flood,5.7942,107.084,7.6,34608,114683.0,82220.2,12.5,2010,19
Volcanic Eruption,12.2093,118.9266,6.6,44905,156728.1,93568.8,14.2,2014,13
Landslide,5.725,108.1572,7.7,10204,39193.0,24990.8,10.8,2025,15
Landslide,20.4118,92.9457,6.3,31494,121060.2,80249.0,11.8,2006,7
Landslide,22.0519,98.7976,8.4,56780,212356.2,128473.6,16.1,2015,76
Flood,22.7671,94.1709,6.9,3197,12681.6,7907.0,12.1,2007,46
Flood,2.0583,98.8505,7.2,45241,150839.5,100951.6,13.3,2008,36
Volcanic Eruption,2.728,113.7483,6.7,19750,64233.2,47310.1,13.3,2013,36
Flash Flood,12.3408,105.6378,7.2,49086,157780.0,105951.8,11.4,2009,17
Earthquake,10.8811,94.5044,7.1,38949,156462.2,79740.2,11.6,2007,49
Storm Surge,14.5717,104.1725,6.9,6020,20570.5,14714.9,11.0,2021,11
Earthquake,16.4651,92.8853,5.7,28128,100925.9,71747.2,10.1,2025,13
Flood,24.5209,94.2991,4.7,1811,6685.1,3791.5,9.8,2022,4
Drought,14.4688,97.7402,5.2,17629,58820.2,45362.7,8.7,2019,7
Flood,11.4494,100.0066,5.3,31860,122262.1,64911.4,8.7,2011,16
Earthquake,25.207,94.6979,8.0,35033,136550.6,80648.3,13.8,2024,41
Tropical Cyclone,13.9091,98.2098,6.9,28899,111045.4,75066.8,10.0,2007,25
Landslide,19.2216,99.4893,7.7,23675,92405.7,50690.9,12.0,2005,31
Cyclone,26.1553,99.4843,7.9,42149,147483.6,104909.2,15.2,2005,43
Earthquake,3.8422,121.4665,5.7,9228,36047.0,19714.0,10.1,2026,11
Earthquake,-0.0497,138.6852,7.6,39658,132878.2,86709.8,15.5,2019,38
Cyclone,11.6139,100.904,7.3,29585,98519.6,68686.4,12.0,2016,41
Earthquake,10.1847,97.2098,7.5,14898,52796.8,33990.1,11.6,2020,26
Earthquake,16.31,122.0411,8.3,7330,24714.8,16227.1,12.8,2013,124
Earthquake,11.4729,117.6809,7.9,34049,112366.1,73094.4,13.2,2014,21
Flood,-6.1683,98.4296,7.4,6775,24358.1,16846.9,14.0,2018,24
Cyclone,14.0062,98.5687,7.9,3727,15651.8,8957.4,10.9,2010,39
Cyclone,18.08,97.0062,6.4,1982,6363.6,4183.8,12.6,2005,28
Volcanic Eruption,-2.3671,98.54,5.0,9788,37821.3,22199.0,11.8,2019,12
Drought,7.9703,101.747,6.7,7489,27685.9,18073.2,12.1,2016,33
Flood,12.637,95.3484,5.9,11276,44682.5,25844.7,11.0,2021,26
Flood,10.5086,103.2696,8.4,53272,189089.7,114914.9,13.2,2024,98
Flood,2.9888,113.2134,7.9,52724,213849.4,122084.0,13.3,2022,30
Landslide,27.0218,94.5061,6.4,30223,111428.0,69188.5,13.2,2009,23
Flood,8.5404,126.3403,7.6,43622,155532.4,96194.1,12.4,2026,17
Landslide,8.3204,100.8599,6.6,45987,156805.9,115408.2,11.3,2017,23
Coastal Surge,1.264,103.8508,5.4,1172,4317.5,2434.2,8.7,2021,14
Typhoon,16.4654,118.1021,8.0,11849,44824.4,25897.9,14.8,2009,30
Flood,15.3408,100.2213,8.4,46436,184377.8,116421.9,12.5,2012,116
Flood,21.0187,102.5424,7.9,1834,6478.4,4158.5,15.3,2009,63
Volcanic Eruption,-3.8548,103.5485,5.4,27370,113068.4,63127.7,11.5,2007,16
Cyclone,14.1947,100.3349,6.0,24154,93395.2,49275.3,11.7,2020,18
Cyclone,22.0119,97.5899,6.5,10847,40167.9,23070.1,12.6,2007,34
Volcanic Eruption,-4.1874,137.8915,6.6,8384,32108.5,21793.7,12.8,2015,17
Earthquake,16.0888,99.8543,6.5,11568,47079.3,24709.6,11.5,2005,31
Flash Flood,16.8931,100.1485,7.1,854,3023.0,2180.2,13.3,2011,11
Earthquake,-10.2488,101.6644,7.6,48112,199184.4,107198.4,14.0,2010,29
Flood,23.1623,97.7743,6.7,45636,163607.3,94423.1,11.5,2018,10
Flood,10.1377,117.4316,7.2,35926,144459.4,76318.9,13.8,2007,33
Tsunami,-6.9309,120.2975,8.0,27035,110041.7,64909.4,14.3,2021,70
Tsunami,0.1316,118.3915,7.0,27034,88978.8,70154.1,15.1,2024,39
Earthquake,-9.1088,140.0108,7.2,30280,114087.9,76870.7,12.9,2018,42
Landslide,1.5771,114.8025,5.8,26436,94155.0,60382.0,14.3,2016,28
Tropical Cyclone,6.3302,99.9114,5.2,30012,114066.2,74600.6,9.9,2012,4
Earthquake,24.7134,93.8653,6.8,29588,117238.0,62226.7,14.6,2022,34
Flood,17.0329,102.3439,7.1,38124,128487.1,92114.2,10.2,2005,21
Cyclone,25.1602,96.6555,6.8,9995,34697.6,22645.8,13.6,2008,41
Earthquake,5.0852,124.3731,6.3,21411,80515.2,49951.2,10.5,2014,28
Landslide,4.0547,116.8837,6.3,7265,25519.2,17663.2,12.2,2008,22
Cyclone,12.4215,94.5814,7.2,21630,70605.3,48549.8,11.6,2011,49
Storm Surge,21.9348,102.3975,8.2,35289,143103.0,91240.1,11.9,2006,145
Flood,2.1895,110.3476,7.1,17031,66572.8,43519.6,11.9,2017,45
Cyclone,26.6702,92.7844,6.5,11449,41029.0,25058.8,12.4,2006,14
Flood,18.5321,95.6934,5.9,22805,93051.7,55204.3,8.7,2011,8
Cyclone,10.0938,97.0409,6.4,34388,133125.0,71504.4,10.9,2010,16
Flash Flood,1.2816,103.9647,6.8,4021,14813.6,9949.8,12.1,2022,10
Landslide,-8.5725,97.8411,5.3,20119,80897.4,44285.2,11.8,2017,12
Landslide,-5.3879,119.7257,7.0,18606,76516.1,46510.8,14.2,2020,49
Flood,17.1941,107.9366,7.4,29200,114709.3,64866.8,11.2,2023,50
Flash Flood,4.436,114.2155,6.9,2857,9813.5,6850.3,9.6,2011,29
Flood,21.8304,103.1947,7.4,26801,86180.0,53603.4,10.9,2015,23
Cyclone,18.7807,101.0734,7.6,32021,127088.2,76786.0,12.3,2022,46
Volcanic Eruption,15.2008,121.5801,5.9,16650,54935.4,38246.3,11.7,2010,29
Earthquake,0.2814,115.2115,6.0,3307,12450.6,7760.0,11.5,2016,28
Earthquake,23.6925,99.7923,7.0,12804,44902.3,30684.3,15.3,2019,29
Flash Flood,13.5667,102.7647,8.4,30110,113014.6,77804.9,14.8,2005,156
Landslide,15.5661,100.3593,6.5,31365,108377.2,64734.4,9.6,2014,17
Volcanic Eruption,10.8026,118.3492,6.6,43013,152057.5,87143.8,13.7,2013,44
Drought,10.826,105.6593,5.1,33139,132727.4,73895.3,10.2,2026,4
Landslide,9.8702,103.1984,6.4,17853,74281.5,38178.5,9.4,2019,28
Landslide,-6.7014,140.1025,7.3,2384,9681.5,5548.0,14.1,2023,41
Landslide,4.3419,114.9103,7.0,4163,16865.4,8587.3,11.6,2016,28
Earthquake,13.9067,97.8006,5.6,23639,92995.7,51455.3,8.1,2023,14
Storm Surge,10.6039,108.9419,7.6,6879,24480.3,14076.7,11.4,2019,57
Cyclone,11.1367,99.9254,6.7,24755,81294.6,56095.8,10.0,2021,24
Flood,14.5812,100.1665,4.9,28525,108406.2,59604.4,9.6,2023,4
Flood,10.6425,107.5436,6.3,35761,120608.2,83106.3,11.3,2014,40
Earthquake,26.0577,96.1176,5.5,18846,72025.0,40611.5,13.6,2025,11
Typhoon,9.1135,120.8277,6.9,24183,86681.6,62444.8,14.9,2025,25
Flood,1.1469,133.7838,7.0,29230,101188.5,67260.7,13.4,2015,9
Cyclone,26.6299,92.6901,6.3,28780,118349.9,70801.8,13.2,2021,14
Flood,-0.5323,126.6574,5.4,18771,70759.5,37586.7,12.0,2019,9
Flood,21.5362,99.1887,7.3,28470,116354.6,58737.5,10.5,2026,24
Landslide,17.7241,97.0476,7.4,16598,66717.4,41098.9,10.5,2007,48
Earthquake,-9.646,99.0399,5.6,37029,134645.2,84787.6,12.4,2024,12
Cyclone,18.9412,99.4797,7.2,44244,158500.3,105947.0,10.2,2006,35
Flood,22.2552,96.5157,5.7,34172,133184.4,86544.2,12.8,2011,27
Landslide,-7.4406,105.717,5.6,7076,27414.3,15494.5,10.1,2021,12
Drought,11.0594,104.8839,5.7,8765,35599.5,18514.7,9.3,2022,28
Earthquake,12.938,100.4679,5.1,23463,85560.9,50659.6,7.9,2013,16
Earthquake,-0.5811,104.1144,7.1,15247,53538.3,39449.5,11.8,2024,38
Landslide,12.6381,95.2998,7.2,46800,151389.9,120515.0,10.8,2026,34
Flash Flood,4.1658,109.3981,6.2,42326,147557.1,104512.7,10.6,2020,11
Flood,20.7523,102.5792,6.5,2229,9199.2,5363.6,14.7,2022,31
Flood,23.4824,95.5286,6.1,9886,35554.9,21753.2,12.3,2006,6
Landslide,8.6036,104.47,6.1,17248,67106.5,42841.4,10.6,2015,25
Earthquake,21.0298,98.4781,7.2,31428,116356.0,72897.4,10.8,2019,23
Flood,21.9163,103.556,7.2,1198,4244.2,2561.6,12.5,2015,15
Flood,10.1315,122.6972,4.2,25584,96691.3,60710.6,11.2,2014,2
Landslide,8.3077,105.02,6.3,11667,38697.4,29705.3,10.8,2020,11
Cyclone,20.629,101.1818,7.2,22680,76540.8,50354.8,10.5,2006,29
Earthquake,13.0777,125.1785,7.2,44282,156766.4,97066.8,13.2,2017,18
Cyclone,25.5484,93.1456,7.5,18655,67182.1,37951.7,15.3,2012,40
Flood,17.7761,120.4395,7.2,34572,125092.8,78713.6,14.3,2009,17
Cyclone,26.1606,94.4497,6.9,39902,131606.9,99689.9,15.2,2021,22
Earthquake,22.4233,98.9698,5.7,21108,68060.9,45660.3,12.8,2019,25
Landslide,3.9467,109.6615,6.4,14242,52850.6,31131.1,12.0,2018,40
Landslide,23.8712,95.3746,6.6,12868,44532.0,31043.8,14.8,2011,11
Landslide,11.9107,92.9488,5.9,9769,33405.9,19849.5,8.6,2007,20
Landslide,25.6892,100.2582,6.6,23622,77186.2,56225.0,15.1,2012,39
Earthquake,12.0249,119.9532,5.4,19785,81143.1,49012.3,11.4,2022,16
Tropical Cyclone,14.5629,100.3312,7.7,15503,54627.5,32904.9,12.7,2010,30
Cyclone,11.4393,96.9434,6.4,39610,150533.4,86635.2,11.9,2022,21
Cyclone,20.2117,94.0346,7.0,36282,121464.0,87382.9,11.2,2008,17
Storm Surge,13.2785,109.0007,7.4,47925,167439.0,103847.8,11.3,2005,32
Tropical Cyclone,17.557,101.6693,7.0,18117,65712.6,36640.9,11.5,2010,45
Volcanic Eruption,-2.8776,100.0686,4.6,11863,38012.6,27767.4,9.9,2012,2
Landslide,3.9393,136.8638,8.2,35989,139229.0,74276.0,14.6,2022,106
Landslide,9.8738,107.5883,6.1,37407,133034.2,78802.3,9.9,2014,27
Drought,16.119,101.5453,6.8,28218,113325.3,63524.9,10.9,2018,43
Cyclone,22.4495,97.1432,5.3,6885,27286.1,14896.9,12.3,2018,5
Flood,10.9874,102.9845,5.7,21999,89521.8,50552.3,10.5,2017,28
Earthquake,14.5034,99.5266,6.0,6105,21873.0,13428.5,10.2,2013,11
Drought,8.2509,103.3748,4.5,18336,73101.4,41459.1,10.3,2013,4
Flash Flood,6.4357,118.8015,5.0,7403,29452.4,17079.6,8.2,2017,6
Flood,6.0754,104.99,7.4,34133,115826.6,76376.6,11.8,2025,12
Landslide,14.3999,125.4271,4.9,11685,45544.6,24168.1,10.8,2020,3
Earthquake,10.8194,117.717,7.4,34674,128299.6,71422.7,13.4,2016,12
Earthquake,21.3152,97.8814,6.7,36027,143507.3,83493.0,10.5,2007,16
Typhoon,7.9524,123.1724,6.8,9702,33885.3,22637.7,15.3,2009,40
Landslide,26.549,94.8161,7.0,20314,81598.2,43317.2,12.8,2017,16
Cyclone,10.2269,94.7621,7.0,42050,169460.8,107096.8,12.3,2023,33
Storm Surge,13.5254,108.6362,5.5,30171,108883.2,65060.2,11.5,2005,24
Flash Flood,5.5952,109.5918,4.7,7591,26486.0,15271.5,8.2,2014,7
Flood,-5.3835,101.0711,6.1,13490,50850.7,27824.5,10.4,2024,20
Landslide,15.1791,105.7075,6.9,13827,49791.4,29285.9,12.5,2016,21
Flood,1.3942,100.645,5.1,5331,21038.3,12325.0,9.0,2023,12
Landslide,2.6788,102.5364,6.9,9800,41156.6,23735.5,12.8,2026,15
Landslide,13.6113,103.1846,6.5,13711,47685.8,34348.0,11.6,2021,16
Cyclone,18.7933,96.0435,7.2,17935,65591.8,37165.3,11.3,2005,10
Landslide,11.8819,97.8403,7.0,7975,32153.6,17311.1,10.6,2013,16
Landslide,15.7216,105.4001,6.6,6027,21210.9,13718.3,11.7,2025,44
Volcanic Eruption,9.4808,120.7383,6.2,31639,116039.0,75039.6,11.4,2009,24
Volcanic Eruption,-4.0577,134.9409,7.5,24681,86132.2,57405.2,16.5,2009,18
Landslide,18.0729,95.9146,4.8,2834,10508.3,6741.6,9.6,2026,8
Flood,17.8734,104.0422,6.8,29215,93666.4,72986.7,12.0,2016,17
Flood,20.9277,106.985,6.8,9189,33586.5,18541.3,10.2,2023,24
Landslide,12.5791,98.3983,5.8,30408,118188.8,73858.3,11.1,2008,11
Cyclone,13.0814,94.8561,5.2,10393,37195.7,25696.2,9.4,2014,11
Volcanic Eruption,15.6296,120.9103,7.2,37621,140987.0,78566.1,14.6,2009,27
Flood,16.5228,109.4512,8.1,29558,107432.9,65451.4,13.2,2025,65
Earthquake,13.3102,98.7619,6.4,19842,65173.9,42336.7,10.6,2011,17
Storm Surge,14.2226,107.7771,5.5,26666,110074.1,66000.2,11.0,2020,10
Cyclone,15.8216,98.5479,8.1,19584,80406.5,46063.7,13.8,2026,142
Earthquake,0.8724,131.4336,7.0,46982,183949.3,119509.7,14.6,2020,42
Flood,18.7118,102.4848,7.3,33543,132438.6,70566.1,12.6,2025,12
Landslide,24.6077,101.3222,5.9,12365,44311.0,31569.3,13.0,2007,13
Flood,25.4248,92.7231,7.4,33699,134202.4,75722.6,15.0,2012,23
Drought,15.7654,105.3996,5.7,20222,76348.9,44934.2,10.0,2023,20
Volcanic Eruption,-1.2139,129.8813,6.3,2987,10555.3,6211.8,10.4,2024,28
Flood,27.3202,101.4681,8.0,54382,184639.5,118671.5,14.0,2017,67
Volcanic Eruption,5.2032,131.3244,6.3,13977,58240.4,29474.5,10.8,2012,23
Flood,-9.683,112.4119,5.5,29618,119646.6,70926.6,13.7,2016,17
Earthquake,21.5575,93.9135,5.6,6629,22250.5,14882.8,10.3,2006,10
Tropical Cyclone,15.2008,102.6379,7.2,36501,120171.2,90784.5,13.3,2007,32
Flood,-2.2444,116.7537,8.8,6341,22029.9,15157.7,15.3,2019,119
Cyclone,25.9366,93.3879,8.4,26073,102008.3,53287.4,13.4,2025,78
Flood,-10.4187,127.4527,6.2,35641,136124.2,87988.5,11.0,2011,34
Landslide,17.4355,97.9985,7.6,29329,103112.9,69327.0,13.8,2005,21
Landslide,25.2667,92.8231,5.0,19833,83247.5,48552.4,10.2,2025,13
Landslide,23.6543,101.1717,5.0,31238,115421.2,72450.9,10.1,2024,11
Landslide,15.0939,93.8034,5.8,16033,63095.0,32153.9,10.8,2026,26
Flood,12.0903,98.8711,7.3,17134,63334.3,37832.3,12.5,2013,18
Landslide,-6.3723,115.5623,6.1,6757,23214.4,13531.3,14.8,2009,29
Landslide,1.0909,108.9961,6.0,39658,146968.8,100312.0,12.3,2024,21
Tsunami,-2.3771,135.9255,8.1,9457,33364.4,20483.1,14.5,2013,98
Landslide,-7.4736,111.815,7.2,21529,82393.9,46226.8,14.0,2006,25
Cyclone,25.8713,97.827,7.1,9231,35472.4,19213.6,12.5,2017,24
Cyclone,22.8499,95.1448,5.7,11835,48166.8,29892.1,13.5,2006,8
Landslide,26.5008,100.6795,6.8,7927,29700.4,19264.8,12.2,2012,50
Landslide,10.2997,123.1057,8.4,58062,208823.7,138836.5,15.7,2012,156
Flood,26.9499,93.1914,6.6,22863,73291.7,56367.4,14.9,2017,9
Typhoon,10.6334,120.9936,5.9,36161,143058.2,80377.0,12.8,2015,9
Landslide,9.1123,103.6128,5.9,7300,28469.4,18170.4,11.5,2013,25
Cyclone,16.8329,96.7312,7.1,36158,124877.1,72668.4,12.0,2026,38
Landslide,18.1134,100.5918,6.6,13610,53594.3,30368.5,12.9,2015,22
Earthquake,5.4248,123.2985,6.6,32887,122488.5,65864.3,13.3,2012,14
Cyclone,12.9301,95.993,8.0,54988,196541.7,127095.7,12.2,2021,53
Landslide,10.7994,95.3312,8.4,2612,10919.6,6402.0,14.1,2015,174
Landslide,19.4319,93.5912,8.0,6992,26619.3,16749.5,12.2,2011,62
Volcanic Eruption,-6.2754,96.8636,8.0,3044,10623.1,6465.6,12.8,2021,25
Flood,4.5737,112.1105,7.4,33329,107076.1,76448.9,10.8,2024,28
Storm Surge,20.3042,107.9125,5.9,18993,70384.8,41196.4,9.9,2026,29
Cyclone,22.0507,93.9227,6.5,40868,139115.6,96611.8,12.7,2016,44
Tsunami,-6.2143,114.1477,5.0,9861,37919.5,24396.0,11.1,2024,17
Landslide,13.7728,99.921,5.7,26386,87278.7,59333.7,11.8,2023,8
Cyclone,17.4341,99.3672,5.3,2365,9400.1,5804.7,7.7,2026,13
Flood,16.8684,104.6093,6.1,7047,28473.7,16221.9,9.9,2010,18
Landslide,18.3053,93.8063,7.9,2807,9793.0,6956.8,11.8,2021,51
Cyclone,14.0077,99.0959,6.2,17965,67176.7,45702.6,10.5,2026,29
Earthquake,22.3207,94.4311,7.0,46467,157996.1,96718.1,11.3,2019,53
Cyclone,22.4068,98.8367,8.0,25171,105385.5,50365.9,14.0,2017,48
Landslide,13.7733,93.9848,6.7,43832,150401.8,108647.9,11.7,2019,34
Cyclone,11.4802,95.0727,8.3,2822,11745.6,6361.9,13.4,2020,152
Flood,7.6692,101.1631,6.7,22038,85879.6,57067.7,11.9,2024,10
Drought,8.6579,100.4429,9.0,20957,87151.6,45328.6,13.8,2013,115
Cyclone,26.5357,92.6453,6.4,36513,131458.1,91811.8,13.2,2007,22
Landslide,2.753,120.0524,5.5,13065,47114.7,30612.0,12.3,2026,13
Landslide,15.4896,93.8629,7.2,40167,148691.0,95070.7,12.3,2006,43
Typhoon,22.9093,104.9043,5.6,24620,100850.2,61612.0,13.9,2014,5
Landslide,21.7862,97.4,6.8,21829,75255.7,48191.8,11.5,2008,9
Flash Flood,14.3625,101.7496,6.1,4771,17226.3,11788.8,11.3,2012,27
Earthquake,10.9397,96.4338,7.8,36380,138432.0,86159.5,13.5,2015,13
Earthquake,-7.9173,100.0616,8.7,48250,167577.6,110717.9,16.5,2026,83
Volcanic Eruption,5.5317,119.9929,5.9,12135,39063.7,31428.0,12.7,2011,29
Storm Surge,18.5644,107.0827,6.3,33774,141345.2,73949.7,11.4,2024,31
Volcanic Eruption,3.095,113.1796,6.0,1452,6067.1,2929.6,12.9,2016,14
Flood,23.1819,98.4377,5.1,30091,126182.4,60709.6,12.5,2017,15
Flash Flood,4.1434,114.7135,7.0,4232,17404.2,9902.2,12.0,2014,16
Landslide,16.3453,118.8228,7.2,23191,92380.0,50633.5,13.2,2009,23
Landslide,20.8169,92.7726,8.0,31972,122833.5,69739.1,12.5,2017,29
Cyclone,10.3711,92.9007,6.8,10500,38971.2,26269.8,11.2,2005,17
Flood,24.6039,100.9042,7.5,46507,166833.4,110943.2,12.0,2019,20
Flood,7.2721,103.2416,8.5,16450,57454.5,41596.3,12.6,2018,128
Cyclone,17.6285,101.252,7.2,41271,143155.6,84370.1,12.5,2016,23
Earthquake,2.251,105.021,6.0,15152,62386.9,38465.0,11.7,2022,11
Flood,-0.9979,124.6298,6.7,42997,156665.0,108044.7,12.5,2014,23
Landslide,18.5655,97.6968,6.0,33775,120751.4,69080.3,11.6,2017,21
Flash Flood,6.5102,105.9039,6.6,45260,179899.4,105236.9,9.8,2017,14
Flood,17.2157,100.1311,6.9,36389,143619.8,88208.7,13.2,2013,27
Flood,25.5569,98.5004,6.3,20734,71012.1,44711.7,12.3,2012,9
Earthquake,21.1854,97.777,8.0,9227,38370.1,19180.0,14.3,2008,59
Tsunami,-0.1433,107.3652,6.4,41429,147822.6,85968.8,12.9,2025,27
Landslide,19.0573,103.8606,6.8,19687,70462.0,44123.2,11.4,2016,29
Flood,15.9996,121.4435,8.6,51558,210049.8,113174.1,15.7,2017,105
Volcanic Eruption,2.9863,135.2027,7.7,19117,79125.5,47982.9,13.8,2011,54
Earthquake,17.8477,123.3772,6.4,26224,101076.2,64970.1,11.8,2014,11
Drought,14.0682,106.2922,6.8,29917,103338.6,60136.7,10.8,2011,12
Cyclone,23.073,97.9365,7.9,12589,45745.9,25313.3,13.1,2025,39
Earthquake,4.8516,125.9425,6.5,34633,128871.8,79824.0,12.9,2008,33
Flash Flood,1.3601,103.9318,8.1,1872,6585.0,4300.6,12.8,2011,115
Cyclone,12.3971,99.7651,6.5,41485,146321.3,95424.8,10.1,2017,36
Flood,1.7206,138.0072,6.2,37585,147436.0,84581.8,12.9,2015,21
Landslide,10.122,101.0425,8.1,3585,12564.5,8978.2,12.9,2015,92
Storm Surge,9.8701,102.3936,6.8,15278,51797.0,30627.5,11.6,2008,33
Flood,21.0609,104.5445,6.3,42821,164373.2,98759.5,10.9,2010,30
Landslide,19.3628,104.2913,6.6,19151,75505.5,41273.7,11.2,2024,13
Flood,16.6223,118.1815,8.5,16189,57154.3,41900.4,15.2,2015,154
Volcanic Eruption,6.2778,119.3699,6.2,30198,107578.7,75778.4,13.8,2006,12
Tsunami,-7.4257,106.3517,7.1,9073,30900.6,21840.8,14.9,2025,33
Typhoon,16.0797,106.8042,7.7,30553,114776.2,73119.9,13.2,2006,39
Flood,17.7679,103.2085,6.5,3935,13906.5,7951.6,13.2,2015,25
Cyclone,20.6388,99.919,7.3,39173,149308.1,95796.8,12.1,2006,35
Cyclone,15.281,97.6002,7.8,40563,167480.6,84737.3,12.7,2005,19
Cyclone,18.4879,97.6392,5.9,14650,58046.2,33140.3,9.9,2021,24
Earthquake,-8.836,116.6888,6.9,7632,27167.5,17937.3,14.6,2017,46
Storm Surge,12.3213,109.4704,4.7,20319,70309.8,51933.9,10.1,2016,11
Flood,17.8503,122.559,7.3,31499,112393.0,76130.5,14.6,2009,11
Flood,22.9017,108.7001,8.7,57524,206255.1,118293.2,13.4,2011,153
Earthquake,3.8829,122.6209,7.0,38301,137159.6,81633.5,15.7,2010,49
Cyclone,14.387,94.2768,6.9,31301,111342.0,75209.3,10.2,2007,47
Earthquake,11.6969,98.6486,5.5,28073,105947.1,71161.2,11.1,2010,15
Flood,11.8221,107.4459,8.3,8122,32805.8,18643.0,12.3,2017,112
Landslide,22.8308,92.6922,6.3,12384,42733.4,25061.4,13.5,2022,30
Flood,25.3301,93.9924,6.5,27047,100091.4,62746.9,14.4,2018,35
Landslide,16.6863,96.3818,5.7,17244,72342.2,37415.7,10.3,2018,25
Flood,-0.1403,130.1673,7.0,38213,133971.3,77071.9,12.8,2015,52
Flash Flood,14.125,102.7282,6.4,5221,21336.5,13514.7,9.1,2017,36
Tsunami,0.6833,135.1524,6.3,7290,23464.1,17524.6,13.9,2020,40
Tsunami,-0.855,120.1649,6.8,41821,150775.6,103440.9,11.5,2012,43
Cyclone,11.1439,93.516,6.6,16094,56043.5,35554.4,11.2,2017,39
Landslide,11.5608,100.1711,5.5,30108,104924.4,73810.8,9.4,2020,22
Flood,13.0584,98.4381,6.9,38479,135390.7,86924.7,11.2,2010,11
Flash Flood,13.1575,104.109,6.2,13173,50816.1,31221.9,11.1,2016,35
Landslide,17.7713,122.7013,5.6,4831,18462.3,10329.0,13.8,2025,15
Tsunami,-1.724,120.6942,5.3,17471,58186.0,38726.3,9.5,2011,8
Drought,16.8511,100.9921,5.8,11177,44096.6,28895.0,9.3,2009,8
Landslide,17.884,96.4845,7.9,45982,161184.4,109097.6,13.2,2011,48
Flash Flood,2.0129,107.9056,7.2,35048,114287.1,76822.7,10.9,2020,41
Flood,16.64,93.4067,6.3,22703,76898.5,48986.5,11.0,2015,19
Cyclone,21.3054,96.3107,6.3,31201,109480.1,80208.5,10.8,2011,14
Landslide,16.0873,98.2983,6.6,25161,101637.1,64867.7,10.4,2019,43
Earthquake,16.9533,124.1307,7.0,31732,107510.9,78647.5,13.4,2009,19
Landslide,21.1241,100.7555,7.8,5346,21163.7,11782.2,13.2,2007,59
Landslide,11.7803,108.5243,7.1,1623,6595.1,3805.6,11.9,2026,34
Landslide,26.8677,96.7434,7.9,26702,90822.5,62527.0,14.7,2005,17
Flood,20.5524,105.2415,7.9,19761,78211.9,42826.5,12.0,2007,52
Cyclone,19.1309,94.6647,6.6,43717,182577.5,95877.8,11.0,2013,37
Earthquake,15.2655,100.9269,7.5,30736,104821.6,77889.6,13.3,2025,31
Landslide,4.033,114.7348,6.4,5323,20587.7,12338.0,12.7,2021,9
Tropical Cyclone,9.2695,104.1532,4.7,30785,129091.5,69477.6,9.2,2013,7
Flash Flood,6.0848,117.0181,5.3,23947,80390.1,54620.0,8.4,2021,13
Typhoon,13.0094,103.9615,7.5,28066,89906.7,59000.7,11.9,2011,25
Flood,14.5,106.3769,6.5,1630,5821.7,3587.4,14.9,2005,20
Earthquake,23.0424,98.8665,7.1,18539,59462.7,45789.9,15.0,2020,50
Earthquake,19.5529,93.5604,6.0,41660,171801.1,91750.0,10.8,2020,29
Earthquake,20.8946,100.7721,7.0,25715,96326.2,60941.5,12.2,2012,40
Earthquake,-1.0978,98.0941,6.0,1473,5913.5,3005.4,11.3,2011,35
Earthquake,11.875,96.9405,7.3,4095,15831.6,9664.4,12.0,2007,59
Flood,11.6629,101.9145,7.1,28097,114951.6,57861.0,11.9,2013,40
Flood,7.789,99.4384,5.4,7213,23295.3,17556.8,9.7,2009,16
Cyclone,26.7975,97.3585,7.6,2182,8048.0,5440.7,13.2,2023,33
Landslide,19.6543,94.0819,7.0,27146,110177.8,56572.3,11.1,2025,12
Earthquake,13.2963,97.1556,5.9,5569,22306.2,13819.0,10.8,2026,9
Earthquake,11.8661,99.5091,5.7,35615,125839.1,79638.3,10.1,2017,9
Tropical Cyclone,11.1077,97.6864,6.0,13630,53001.1,33535.7,10.0,2019,26
Flood,7.7009,123.8136,4.8,33154,135420.3,82278.4,10.2,2025,13
Flood,24.0649,94.985,8.5,36347,147795.4,87029.8,16.1,2020,50
Storm Surge,12.2632,102.2299,6.9,30066,104953.5,62475.0,10.2,2019,32
Landslide,11.6653,122.3376,7.6,52748,173113.7,135485.1,14.4,2026,50
Volcanic Eruption,12.6244,123.9264,7.8,27326,110195.7,62473.8,13.8,2024,45
Flood,19.567,108.5593,4.9,11004,41052.2,28495.3,9.6,2013,3
Landslide,12.9757,102.6133,5.8,20257,78533.0,51310.2,10.6,2022,6
Flood,22.4597,93.5713,8.1,37360,141649.6,88542.4,15.5,2016,142
Flood,19.8423,105.3226,5.8,1076,3813.9,2756.0,9.5,2024,26
Landslide,14.3992,98.0514,8.0,49115,159295.5,120049.3,13.0,2005,41
Landslide,20.9217,103.0028,6.5,672,2570.0,1617.4,11.6,2021,41
Volcanic Eruption,-2.4321,135.5696,7.7,49292,167047.8,119430.3,14.5,2009,44
Cyclone,22.8798,98.383,5.9,3672,13401.8,8112.0,13.2,2008,27
Flood,12.8412,108.481,5.9,2004,8318.0,4719.7,9.1,2019,32
Typhoon,9.8138,107.0338,5.6,30847,123313.9,62819.8,8.4,2005,25
Earthquake,10.2596,95.5155,8.8,13858,53862.5,31083.0,11.7,2025,111
Flood,26.6336,98.2427,7.3,12938,42519.3,30570.1,13.9,2025,37
Cyclone,14.3429,97.909,7.3,28721,114280.0,69340.7,13.0,2014,20
Flood,3.4143,96.0333,6.2,24069,86710.8,56762.3,13.5,2026,26
Flood,14.1937,123.6335,6.0,13177,53964.6,32819.8,13.9,2017,15
Flash Flood,6.1253,100.7386,6.3,12462,47803.1,28283.0,10.0,2014,33
Cyclone,17.9566,95.8179,4.4,19725,80077.7,44312.5,7.0,2022,3
Landslide,8.44,121.4178,5.4,27492,88045.4,61929.6,12.3,2025,12
Earthquake,11.5336,93.716,5.7,2326,9062.2,4914.7,8.8,2009,21
Earthquake,7.5373,118.4727,4.4,16896,62025.9,42574.5,10.4,2024,4
Landslide,8.381,121.4014,7.4,19115,69846.8,38850.9,13.3,2020,47
Flood,0.3741,99.6189,7.5,40908,149147.9,84536.0,16.0,2019,52
Cyclone,27.3622,93.9606,6.2,17019,62607.6,43480.6,12.1,2017,32
Landslide,13.898,94.353,7.2,45411,177966.4,95705.9,10.6,2010,31
Volcanic Eruption,18.7803,124.7085,6.0,18865,72101.5,41191.1,11.6,2023,6
Flood,10.1104,101.1449,8.5,30880,107332.9,70228.0,12.6,2022,167
Tropical Cyclone,19.7332,103.0919,6.9,45188,178427.6,113114.0,12.5,2024,43
Cyclone,16.1181,94.3336,6.0,14434,57013.4,35991.8,10.8,2011,23
Flood,18.0294,95.8581,6.8,15856,59345.2,35342.0,12.5,2018,35
Landslide,13.929,94.7344,8.2,36025,125052.1,73733.5,12.5,2006,109
Earthquake,2.7553,128.9744,6.5,10783,43336.0,23772.3,13.8,2022,41
Earthquake,-10.2718,121.7541,8.1,46528,158739.9,120288.0,14.6,2018,131
Landslide,3.2277,129.8254,8.6,22542,77571.0,58609.0,16.7,2022,173
Typhoon,7.6977,124.4805,6.1,40671,148915.6,105353.3,13.8,2026,29
Storm Surge,11.812,102.879,6.2,15388,51591.0,38020.7,9.1,2019,28
Flood,14.2498,103.1902,6.6,24458,93475.9,61001.9,11.2,2015,31
Typhoon,14.1289,102.5547,6.5,41889,156252.8,95851.0,10.3,2020,32
Typhoon,17.7426,123.0243,6.8,12578,51801.3,31172.2,11.9,2021,49
Flood,12.3597,100.7169,6.8,38313,143684.0,91597.5,12.6,2021,22
Landslide,8.8483,103.6011,6.0,33530,108300.9,73531.0,11.7,2013,14
Cyclone,24.3312,97.6054,8.9,28410,105834.9,59671.9,13.5,2014,135
Landslide,16.5625,96.0247,7.3,45385,169622.3,94755.0,11.6,2017,50
Landslide,2.7383,103.9095,6.6,18886,61229.2,48374.7,10.8,2011,31
Drought,9.0571,98.7131,6.2,33926,116454.1,72826.2,11.6,2025,20
Earthquake,24.0037,95.8572,4.2,27417,108888.5,70778.8,8.6,2026,2
Landslide,17.7862,103.4208,6.6,6202,20374.0,15713.1,12.5,2010,10
Landslide,6.0403,122.264,8.5,5878,24205.4,13517.0,14.7,2017,114
Landslide,7.8414,102.2624,4.8,31407,109116.0,69276.5,9.6,2017,12
Flood,16.4018,94.5098,7.5,30105,100366.5,69261.8,10.7,2005,45
Earthquake,24.598,93.6067,7.6,36084,125875.7,93157.4,14.5,2019,47
Flood,26.092,97.9992,8.0,30958,99222.2,63568.4,15.5,2021,22
Flood,18.447,107.4922,6.1,5673,20373.5,11494.2,12.6,2015,37
Landslide,22.4083,103.9796,7.6,40398,131880.1,91343.3,15.0,2015,36
Landslide,14.232,101.2614,5.7,30524,122967.5,75723.9,9.5,2025,15
Flash Flood,1.4005,103.6091,6.7,1013,3559.5,2147.4,12.3,2023,39
Cyclone,16.184,93.4541,8.4,54164,206246.6,112925.8,13.0,2011,61
Flood,11.9122,97.7022,5.0,31444,128402.8,77216.5,10.9,2007,9
Flood,21.3336,100.6757,7.7,8745,28505.5,21648.9,13.1,2014,35
Typhoon,8.4263,118.7964,6.9,32134,107002.9,74955.6,13.1,2010,18
Flash Flood,6.375,106.3304,5.3,11298,47382.7,24107.4,8.4,2006,17
Flood,26.0584,95.0152,4.2,17822,64786.4,44849.7,11.5,2012,0
Cyclone,15.765,92.8946,7.0,42971,151469.1,104803.1,13.0,2023,14
Earthquake,26.017,94.4923,5.0,31426,129141.6,68550.0,10.2,2006,7
Tsunami,0.3317,123.686,8.2,11007,37671.7,28027.7,15.4,2026,93
Storm Surge,20.1539,103.95,6.7,8310,31480.5,18846.4,12.4,2018,23
Flood,5.4301,123.982,5.2,11523,38819.4,24079.1,13.4,2025,16
Landslide,-9.5759,95.45,5.3,32437,121771.1,80816.8,11.0,2017,19
Landslide,21.504,97.587,6.1,22068,75125.2,53619.0,9.6,2026,26
Cyclone,15.921,95.7912,5.9,39131,132589.1,87754.0,10.7,2020,28
Cyclone,15.4454,97.545,5.3,33449,126041.6,80872.2,9.7,2008,21
Landslide,7.3959,99.2207,6.0,20089,81163.4,47931.3,9.2,2024,15
Flood,13.9382,103.4686,5.0,28519,91826.6,62488.9,9.7,2009,16
Drought,14.1315,105.1418,8.0,18851,61688.0,39084.7,10.7,2010,60
Earthquake,6.7548,123.2402,7.3,2531,9887.0,5335.7,11.8,2010,46
Flood,12.2447,109.1646,6.9,37947,122410.7,87957.2,10.7,2026,52
Landslide,12.2953,95.1405,7.3,41345,166747.7,99387.8,13.0,2010,40
Earthquake,25.4823,93.9773,6.5,27920,109327.0,64005.8,11.9,2026,28
Flood,18.3848,103.5614,8.0,17913,70945.5,45927.9,13.2,2006,55
Flood,11.3839,95.5893,6.3,1913,7217.1,4888.1,12.6,2014,24
Flood,7.4506,122.2278,7.1,1482,5429.8,3480.4,12.3,2022,14
Storm Surge,20.7144,109.4734,6.4,35865,136439.3,82436.5,11.2,2007,23
Earthquake,10.3945,99.892,6.1,21318,76540.7,47213.9,10.7,2014,8
Cyclone,27.4189,99.7535,5.2,2159,8239.3,4850.8,12.0,2022,5
Flood,6.6986,103.5821,6.9,23592,84240.8,50026.3,10.9,2014,45
Flood,21.5638,107.4029,6.5,5925,19040.5,14538.7,13.3,2026,15
Typhoon,9.2419,103.7418,6.4,3627,12342.8,9244.9,10.7,2011,18
Flash Flood,14.3308,102.9829,6.8,4829,19642.0,11097.5,14.7,2009,15
Landslide,15.7412,121.3896,7.0,40777,145324.1,102474.4,13.8,2026,31
Flood,6.3077,110.7896,5.6,32822,108962.7,68484.8,9.2,2008,10
Landslide,18.499,98.7523,7.8,13061,49893.1,32906.2,12.1,2014,40
Flood,11.6166,98.7578,4.9,6070,22612.3,13069.2,7.5,2018,6
Landslide,24.4577,95.4111,5.9,17722,63357.3,41294.8,12.8,2019,18
Landslide,4.7033,120.6502,4.9,4847,19484.6,11627.3,9.7,2005,3
Cyclone,17.0396,94.6091,5.8,5450,18203.7,14148.7,10.3,2023,14
Flash Flood,1.2329,103.7552,7.6,7472,26141.3,15338.7,12.9,2005,14
Coastal Surge,1.4105,103.7725,6.0,1353,5597.0,3244.4,11.3,2023,22
Landslide,9.2377,98.3969,7.1,18790,78338.8,38049.7,11.9,2006,15
Flood,7.8822,100.7102,8.9,26920,91646.7,54000.9,11.7,2018,77
Flood,14.9418,104.0873,7.1,22945,85899.9,47207.7,12.2,2026,20
Storm Surge,16.6222,106.8301,6.6,22418,82462.8,53795.3,11.4,2013,41
Earthquake,3.3622,139.0349,5.2,3433,11436.4,7134.9,11.5,2012,4
Flood,17.3468,101.1507,8.6,17767,69498.3,36525.7,15.1,2021,109
Storm Surge,16.9101,105.4702,7.4,48172,174284.7,119623.6,14.0,2025,34
Landslide,8.7182,103.6443,5.8,31207,129946.2,65452.4,10.7,2006,26
Landslide,14.2375,104.2965,6.3,26740,86401.6,67218.8,10.7,2015,38
Cyclone,19.1343,99.9608,8.4,29403,108686.8,60398.2,13.8,2015,128
Volcanic Eruption,-8.7326,138.253,7.1,36770,132025.9,80085.8,13.5,2012,36
Landslide,22.1717,108.6894,5.3,13206,51359.0,31953.0,12.7,2011,9
Landslide,8.7322,102.8867,4.5,8068,26800.8,17303.3,7.9,2022,2
Earthquake,14.5641,93.2654,7.7,49658,173166.6,114875.5,12.2,2014,38
Tropical Cyclone,13.5042,99.8089,7.1,23881,99609.9,58804.3,9.7,2025,25
Earthquake,18.0932,99.8275,8.3,7753,31284.2,16898.5,13.1,2022,107
Landslide,18.9562,103.9871,7.6,22050,79941.3,54162.1,12.2,2021,16
Flood,11.5369,94.8108,7.4,9686,40486.8,22313.5,11.6,2018,60
Flash Flood,13.9796,104.6428,6.2,31337,114522.4,69530.4,11.6,2012,19
Flood,20.0257,96.3382,6.1,27547,100523.7,57272.0,11.0,2026,31
Cyclone,20.0064,92.7276,7.4,45486,174414.4,112193.7,11.4,2012,25
Landslide,3.6361,111.5099,4.8,2436,8036.1,6317.6,7.9,2010,7
Typhoon,15.4315,125.216,6.2,18091,64673.9,38956.3,12.2,2016,20
Typhoon,12.7712,105.3234,7.3,17284,65624.0,43550.8,12.7,2010,51
Cyclone,27.0774,97.6837,5.4,16171,64105.5,38096.5,10.4,2009,20
Landslide,14.2754,102.6684,7.8,21225,87208.7,51874.4,11.2,2011,22
Landslide,21.8491,104.0855,6.9,26961,96128.7,69263.1,12.2,2010,19
Flood,10.6475,118.0914,5.6,32519,120272.1,69649.1,12.1,2008,21
Flash Flood,14.2515,107.4564,8.0,20536,78826.2,45613.8,11.2,2018,34
Earthquake,10.0903,94.2515,5.1,2715,11376.6,5797.5,10.7,2012,6
Flood,22.4287,98.9209,5.5,4147,13548.6,9233.1,10.0,2020,19
Earthquake,-5.785,121.5663,8.3,12939,47638.5,30129.6,14.0,2010,93
Cyclone,20.3872,95.8289,7.1,36724,129284.5,77342.0,11.7,2008,20
Flash Flood,4.49,114.6118,6.7,2156,8343.5,5428.2,12.9,2021,47
Volcanic Eruption,-9.4618,105.7995,8.0,16526,55207.9,35638.1,14.7,2021,59
Earthquake,20.0468,99.765,7.8,4243,16161.6,10160.7,11.9,2013,51
Flood,15.577,107.4051,5.9,3927,14089.6,9445.3,13.0,2023,11
Flood,2.5079,116.4151,5.6,15430,57757.9,31026.7,9.1,2006,9
Earthquake,13.0054,94.8401,6.7,26643,105766.0,54042.4,10.7,2010,33
Typhoon,10.436,104.8993,7.5,29640,102775.4,63249.6,11.1,2008,62
Typhoon,13.0169,122.0781,5.2,1680,6102.9,3856.5,12.3,2015,10
Cyclone,15.9127,99.6429,6.1,40525,164460.0,97702.2,11.1,2014,36
Landslide,-5.5343,129.5716,5.0,9178,36549.5,19980.8,9.8,2026,10
Earthquake,17.1337,93.9273,5.9,33642,133103.9,69918.4,11.5,2018,11
Drought,17.6801,98.1383,8.4,38734,146276.5,98094.0,12.4,2026,185
Storm Surge,9.2911,106.2529,5.1,26938,106223.0,55984.5,9.8,2012,7
Landslide,-1.366,122.8055,6.0,12340,44585.5,29876.0,13.2,2015,15
Flood,5.7485,107.1887,7.9,36513,153016.2,83516.4,12.7,2014,18
Flood,6.5496,112.0271,6.2,20840,75832.9,43264.5,11.9,2021,22
Typhoon,16.9545,102.4772,7.0,32309,116094.3,83850.8,9.8,2025,26
Drought,12.682,107.3605,7.9,35940,136701.9,81335.6,13.1,2018,45
Flood,27.1132,98.5286,6.2,8978,32615.7,21870.3,12.8,2025,19
Tsunami,1.48,120.6359,7.6,10773,37197.9,22556.4,15.9,2005,44
Flood,6.2544,101.652,5.9,23736,93609.5,61629.1,10.3,2024,5
Landslide,24.4167,93.7991,5.4,33475,111451.2,81100.4,12.2,2011,13
Typhoon,10.4249,104.6981,8.7,44582,165552.2,94193.1,11.6,2009,81
Flood,13.3854,124.4156,7.2,41473,151176.1,99788.7,12.6,2018,32
Earthquake,10.089,121.791,5.6,9211,33122.8,19481.3,10.8,2015,18
Flood,12.138,124.2206,6.8,41989,136428.8,89047.8,11.1,2025,36
Flood,26.2867,97.2455,7.1,9234,32233.2,20891.1,14.9,2009,55
Typhoon,14.388,102.1033,7.2,41842,165967.4,104323.9,10.9,2025,27
Landslide,11.9416,94.9961,6.7,16310,61191.6,39077.2,11.6,2023,15
Drought,16.5225,103.3387,7.4,16947,57602.4,35251.2,13.4,2012,10
Flood,6.5347,124.6829,5.0,13075,46058.9,33058.2,10.2,2013,15
Tropical Cyclone,6.7247,101.7267,6.3,5520,17994.0,13434.9,11.7,2007,17
Flash Flood,4.4813,114.6061,6.2,887,2860.8,1873.2,10.7,2005,26
Flood,22.0634,104.1803,7.7,4664,15317.7,9585.7,13.6,2005,35
Flood,7.2089,125.8936,7.8,15709,65764.4,34998.4,14.5,2019,46
Earthquake,26.0769,97.8115,7.2,30994,102833.8,67667.0,12.9,2021,28
Earthquake,19.8255,97.844,6.0,9700,35712.9,21357.2,9.4,2013,13
Storm Surge,10.582,109.1563,7.3,48096,182244.6,103134.9,12.1,2023,51
Flood,1.3999,131.5329,6.4,20720,77390.8,49621.8,15.0,2015,37
Typhoon,21.8764,105.8917,7.4,29931,120034.0,72536.5,12.6,2018,42
Flood,10.9107,99.9685,6.5,1983,7206.9,4310.4,11.4,2012,30
Landslide,3.5474,114.6868,7.4,38290,154234.0,85953.9,13.4,2007,43
Landslide,27.0493,96.1926,7.1,22282,74390.1,52851.8,15.5,2018,53
Earthquake,15.4391,98.134,5.2,33753,122589.2,67992.5,11.1,2013,8
Landslide,4.6095,108.7145,6.8,31018,106955.4,65466.2,12.4,2007,41
Landslide,2.4598,104.0152,4.9,31026,115990.6,66006.3,12.5,2020,8
Flood,19.8437,104.5282,6.8,4905,19830.9,12014.2,10.3,2023,11
Landslide,21.37,103.9699,7.4,10345,42438.4,26314.4,10.6,2013,49
Flood,20.299,105.1068,4.5,3823,12250.7,8612.5,12.2,2024,7
Typhoon,9.5234,119.9109,6.6,9365,34751.0,23023.6,12.7,2005,18
Tsunami,-1.9896,122.4411,4.7,18925,73413.3,41693.8,11.0,2021,12
Landslide,22.6914,100.4917,5.4,9778,39786.7,21195.6,13.0,2016,13
Flood,22.7255,93.6809,7.4,50425,169881.1,111941.2,13.5,2025,23
Volcanic Eruption,14.3975,124.2168,5.0,2736,10899.5,5734.9,10.2,2015,10
Drought,10.0821,104.271,5.4,32023,112105.3,65013.5,10.3,2021,23
Landslide,10.7315,99.4041,5.4,16860,55141.0,34877.1,9.4,2007,8
Earthquake,5.2585,106.4553,6.3,16674,61873.6,38067.3,10.5,2017,23
Flash Flood,3.7068,105.4529,7.0,6903,27404.8,16632.2,11.2,2024,43
Cyclone,23.9829,100.6446,5.5,25617,105635.2,62491.8,12.4,2009,21
Landslide,12.9949,95.4419,6.4,3063,10674.7,7308.9,12.7,2019,17
Storm Surge,21.8647,103.1487,5.0,18491,67435.1,38683.0,8.1,2011,14
Landslide,15.9888,101.4592,7.0,43604,156799.5,112189.1,11.1,2010,52
Cyclone,20.5738,94.5404,6.9,12541,49778.2,26719.5,11.7,2007,30
Storm Surge,12.3957,102.1339,7.0,16919,63694.3,37163.1,13.0,2006,35
Flood,19.8155,101.4831,6.6,33917,119175.9,71358.3,11.7,2016,34
Volcanic Eruption,-1.9606,107.1288,7.2,24887,94210.6,53246.0,14.2,2026,26
Flood,8.9834,106.1945,7.2,48800,166124.4,122791.1,12.9,2008,29
Landslide,5.5121,121.1304,6.8,38602,140875.7,78787.7,14.0,2008,11
Flood,13.0615,104.5788,5.1,3341,12348.3,7166.7,9.5,2021,14
Landslide,12.0479,102.0559,6.7,43478,178867.6,110754.1,11.6,2010,24
Flood,16.5697,101.7663,6.3,34763,117081.9,87941.8,9.5,2018,13
Earthquake,12.3347,95.6707,6.2,15467,62337.9,37288.0,11.7,2010,33
Landslide,15.9731,100.0698,6.2,15943,60335.6,34806.2,10.7,2015,9
Landslide,18.9662,92.7109,6.0,17137,56546.6,44240.1,10.3,2018,8
Cyclone,23.3499,94.4189,6.7,29442,116779.4,67219.8,14.6,2011,31
Flood,14.0091,95.3044,6.8,22021,89665.3,52246.3,12.0,2010,20
Landslide,4.7305,115.2796,7.6,38934,150275.9,85239.9,13.5,2025,31
Flood,11.9543,108.2697,5.7,2107,7539.0,4831.9,10.2,2025,9
Landslide,12.9835,101.2276,6.2,21536,86827.3,54065.4,11.0,2020,16
Cyclone,19.3415,96.9369,8.8,13073,51506.4,33443.1,12.0,2014,190
Earthquake,27.008,99.3577,6.7,10683,43485.3,23279.0,13.8,2009,23
Earthquake,20.445,94.0154,8.7,35109,122507.0,75849.7,15.2,2026,108
Cyclone,10.7291,99.7417,7.4,21420,72831.1,50168.3,13.2,2026,21
Flood,3.1388,114.5018,5.8,13618,56436.5,28864.8,11.5,2013,18
Earthquake,-8.5595,114.843,7.9,3646,14363.4,7349.7,15.7,2012,37
Landslide,18.099,93.6885,6.5,28896,104220.3,61172.5,9.2,2006,31
Typhoon,7.9881,124.8425,7.1,10750,41817.7,22895.7,15.2,2021,23
Landslide,21.2206,103.4606,7.3,46649,163913.8,118680.1,12.1,2023,29
Landslide,14.2284,108.9968,7.2,38521,131331.1,86209.1,11.7,2014,28
Earthquake,-2.9186,127.1922,6.1,19250,76793.7,41415.5,13.2,2018,29
Earthquake,16.3376,101.0452,4.7,10391,40307.3,26697.5,9.1,2023,3
Cyclone,15.6671,94.5234,7.7,26357,98785.7,63270.3,11.6,2012,24
Volcanic Eruption,11.8026,125.7386,8.4,14446,47973.3,35479.0,13.9,2020,125
Flood,9.499,100.5138,7.5,1575,5247.7,3862.7,11.0,2014,12
Drought,12.8969,100.9514,7.1,19871,82696.0,50241.4,12.4,2022,29
Typhoon,7.7904,123.0966,6.3,43952,157296.8,113559.4,13.0,2024,15
Landslide,15.9478,99.5895,6.0,1401,4879.5,3053.0,11.6,2020,31
Earthquake,26.0438,101.0996,6.0,34819,113283.2,80746.7,14.2,2007,20
Tropical Cyclone,6.5131,99.3509,6.7,3998,13682.1,8295.4,9.6,2007,35
Landslide,16.531,98.0605,7.2,47040,181540.7,94524.0,11.6,2005,35
Landslide,15.1398,117.9919,5.1,31191,130192.3,70390.1,10.9,2006,8
Volcanic Eruption,4.8484,129.4341,7.5,39211,157121.1,100153.1,13.8,2009,43
Landslide,20.5076,96.7274,4.6,15635,60124.0,31876.9,8.4,2023,4
Flood,23.2611,93.0952,8.2,48852,198687.4,112064.8,14.1,2012,158
Landslide,19.0266,102.3696,6.8,44157,155260.1,107920.6,12.9,2005,39
Tsunami,-3.5971,126.1349,4.3,18292,62382.3,41067.1,9.7,2016,4
Flood,14.346,93.2524,5.4,2034,8120.5,4079.5,10.5,2015,22
Cyclone,20.971,98.1166,4.9,1500,6128.2,3467.6,8.9,2011,12
Landslide,16.5658,101.3455,8.9,28595,105262.6,69588.7,12.8,2014,173
Flood,11.1972,97.5696,7.0,16457,59905.1,40047.4,11.1,2018,36
Earthquake,11.6639,100.878,8.3,10763,36973.2,25945.4,13.7,2024,164
Storm Surge,10.0061,107.4465,5.7,31766,111191.2,81509.4,10.1,2020,11
Cyclone,23.7646,98.1075,6.8,38757,128383.3,80993.8,13.6,2008,47
Tsunami,-9.5858,118.1557,6.4,38091,159255.3,96655.3,14.5,2020,10
Flood,23.3209,94.0175,7.5,49626,197770.1,122469.6,12.6,2018,31
Flood,25.3652,101.0225,5.1,33505,134556.9,86670.4,10.7,2026,11
Flood,22.4794,93.2383,5.5,12221,48146.5,26764.1,9.4,2014,14
Flood,24.6976,94.9958,7.5,49137,188034.9,106369.7,12.1,2013,28
Tropical Cyclone,18.3482,101.5128,8.0,22974,78444.5,52614.9,12.7,2015,50
Cyclone,24.6856,98.3496,7.6,15225,49303.2,38830.4,14.7,2020,35
Cyclone,25.1882,96.6423,4.9,24697,85262.1,54394.6,11.1,2022,6
Flood,14.6385,100.3519,6.5,19344,79869.7,47453.9,11.8,2017,44
Landslide,14.8034,97.5934,7.2,6068,24943.2,14849.0,13.3,2012,38
Flood,9.4236,125.9874,8.5,42641,174883.2,102635.8,16.0,2017,133
Cyclone,10.3275,94.5879,6.6,37279,138097.6,90061.9,11.6,2022,40
Earthquake,15.6489,119.8905,8.1,11007,36879.4,25600.6,13.7,2016,144
Earthquake,13.2439,96.0919,5.4,27353,103277.2,61222.7,9.9,2012,4
Landslide,19.999,100.9195,6.3,8258,27534.9,16932.3,10.2,2023,8
Landslide,18.788,106.9087,6.4,35672,121660.1,89067.5,12.2,2005,32
Typhoon,12.2353,117.3971,6.8,47363,170258.2,96127.7,12.5,2023,17
Landslide,10.2801,103.544,7.4,34882,145292.3,83049.5,11.9,2006,18
Earthquake,-6.4747,139.8255,8.5,35717,130442.6,90163.5,15.2,2015,184
Landslide,18.1191,98.1309,5.7,11991,48093.0,26705.7,9.1,2022,13
Coastal Surge,1.2721,103.767,8.6,4625,16533.9,9598.1,14.6,2012,159
Earthquake,12.8815,95.4039,7.3,34566,143361.9,79893.7,10.4,2011,41
Landslide,-9.819,136.3889,7.2,23729,88825.8,56517.0,14.6,2007,36
Cyclone,24.0209,93.1054,7.6,26118,105169.4,56231.0,14.3,2017,43
Cyclone,17.0958,98.0466,8.1,2392,9362.7,5792.4,12.8,2026,157
Landslide,12.6289,98.5055,6.1,24166,85750.3,49838.8,11.8,2013,31
Earthquake,-8.7739,97.2987,6.4,18419,69517.0,40943.2,11.0,2024,33
Earthquake,10.3362,123.4012,6.3,34910,113299.5,71030.5,11.4,2011,16
Flash Flood,16.7391,105.3714,5.9,5756,20685.1,14645.1,12.9,2018,19
Earthquake,15.1389,98.8509,6.4,21003,83891.4,52681.3,10.6,2019,12
Landslide,8.0161,118.2522,5.3,20890,75167.1,44242.4,13.1,2019,11
Cyclone,10.9829,97.915,4.5,29092,93114.3,74206.1,7.2,2010,8
Volcanic Eruption,11.5719,119.8112,7.7,47841,178282.7,97668.6,12.7,2016,53
Typhoon,16.5529,106.7315,7.1,43422,144149.4,110389.4,11.1,2015,45
Volcanic Eruption,0.5294,132.1094,5.2,9538,32105.4,21177.4,10.6,2006,3
Flood,25.8536,95.6444,7.4,15804,54306.8,32996.6,13.0,2025,14
Flood,16.6691,101.4804,5.1,6187,25729.4,16057.7,10.5,2025,12
Landslide,3.7564,107.0591,5.8,11129,43247.7,22971.7,9.1,2019,26
Flood,20.4789,97.3619,7.8,17858,72344.5,41863.0,14.1,2017,16
Cyclone,27.0295,95.9068,6.8,33592,126888.8,81384.8,11.1,2014,49
Flood,16.5834,96.5828,5.5,23565,92412.4,58113.7,9.1,2006,8
Flood,7.392,123.0349,8.6,27274,99065.0,68475.2,16.3,2023,160
Typhoon,17.186,123.9873,5.2,5354,19890.2,11205.1,12.5,2007,8
Cyclone,24.5727,96.4943,4.9,8803,30809.8,20160.9,9.5,2022,6
Tropical Cyclone,14.2318,103.3979,7.6,26218,89543.3,64257.6,13.4,2017,40
Earthquake,-4.6444,104.9399,6.6,18424,64964.4,41915.2,12.0,2020,14
Landslide,10.0572,94.2004,8.3,55515,202894.0,144034.3,12.6,2023,94
Flood,12.7594,102.8936,8.4,15133,56585.8,32439.2,13.7,2024,58
Storm Surge,14.8897,105.5161,4.9,24135,84429.0,56853.2,8.7,2007,16
Cyclone,25.3482,94.8509,6.9,25387,82209.6,59861.1,13.4,2018,35
Cyclone,17.9588,98.5555,7.2,37396,150422.3,95889.9,10.2,2005,39
Flood,10.7495,107.1954,6.3,11964,46549.6,26247.8,9.7,2018,13
Earthquake,-3.8589,99.8264,7.5,24084,86937.5,58362.4,13.1,2019,17
Flood,20.5165,94.4452,5.7,15420,64328.3,36176.9,9.4,2005,12
Flood,24.9346,100.3633,7.0,10955,42794.7,28000.8,13.1,2008,52
Landslide,-6.6553,113.9054,7.3,40995,151627.0,93247.7,13.1,2018,26
Cyclone,11.2818,94.1019,5.9,6626,25012.9,14157.0,9.4,2025,17
Cyclone,27.1776,98.153,6.7,10831,39818.7,24176.2,11.2,2016,38
Flood,18.7933,98.6635,6.0,1784,7476.9,4045.1,11.4,2012,21
Volcanic Eruption,2.4294,113.3536,7.1,19658,74996.3,39436.7,12.1,2023,44
Flood,24.6471,94.7454,6.6,32494,126877.2,70329.6,14.2,2025,43
Flash Flood,11.8783,105.9236,7.9,25406,101734.6,58511.9,11.7,2026,59
Cyclone,12.2864,101.3042,7.0,3162,11075.6,6702.8,11.2,2026,21
Tropical Cyclone,8.8205,101.5069,7.5,14194,57331.0,31113.2,13.1,2021,52
Tsunami,2.6187,140.2625,6.6,12840,50274.4,29686.3,11.9,2023,15
Flood,18.0896,102.9312,7.2,14423,59401.6,36594.6,11.1,2014,28
Earthquake,26.89,93.5203,6.6,11824,43754.3,29573.2,13.2,2020,33
Flood,2.1155,107.5275,6.4,34822,131263.3,71858.4,10.5,2022,31
Flood,10.5911,99.2492,7.7,39675,152958.1,82473.1,12.4,2007,15
Earthquake,11.8716,122.1663,5.3,32711,111210.7,74102.1,12.2,2009,20
Earthquake,-2.7361,121.8384,5.7,37104,139681.3,92874.1,12.5,2005,8
Earthquake,12.9527,101.2875,7.2,8150,31155.4,19488.4,11.1,2007,16
Volcanic Eruption,12.8932,117.2604,5.6,17905,70225.3,46026.1,10.2,2007,26
Landslide,1.5639,101.5711,7.4,24884,89114.8,58430.8,10.3,2019,40
Landslide,9.1316,108.3005,7.0,24435,84209.3,60130.4,12.7,2025,41
Tropical Cyclone,6.4256,102.3697,7.9,8740,29826.0,20982.9,11.8,2025,15
Volcanic Eruption,-7.782,134.7225,8.7,44578,164738.7,98931.4,15.2,2007,129
Landslide,17.3641,121.5417,5.7,17430,57058.4,37617.7,10.4,2026,27
Landslide,14.7836,98.6418,7.0,40215,152425.5,104487.0,10.2,2024,26
Flood,21.7188,94.835,7.7,10869,44508.1,24532.6,13.0,2011,30
Flood,19.8435,92.8122,6.1,28711,96122.8,65146.9,11.7,2008,35
Earthquake,14.0138,98.8109,7.1,37683,153593.7,75724.4,13.2,2015,11
Landslide,10.216,96.2243,7.5,25362,95664.5,53304.6,11.0,2014,24
Flood,12.0028,92.8465,7.2,42992,162505.1,87066.3,11.3,2013,56
Volcanic Eruption,-6.451,98.6159,6.5,10904,42599.0,26461.9,14.4,2007,23
Tsunami,-9.5509,136.742,7.1,18410,68708.2,42609.6,14.3,2016,42
Landslide,16.2124,100.0478,6.1,7471,30506.2,18717.2,12.5,2013,28
Cyclone,13.1581,96.5214,7.7,45824,146760.0,107348.5,11.4,2015,24
Landslide,26.6977,99.8618,6.6,32369,114373.9,70619.3,12.4,2025,11
Flash Flood,1.3416,103.6239,5.5,1725,6584.7,4116.1,9.0,2015,21
Typhoon,17.3265,119.1311,6.6,15127,51028.5,34047.0,15.1,2009,42
Volcanic Eruption,3.7513,102.8935,8.4,15889,64489.9,39894.4,15.1,2006,78
Landslide,17.419,96.2718,7.4,36889,149560.0,79967.2,10.4,2023,45
Landslide,3.9653,119.5512,7.6,40875,147812.0,89572.2,15.1,2021,28
Earthquake,20.3902,97.0658,6.7,44356,173376.1,96690.5,11.6,2026,12
Earthquake,26.4014,100.6905,7.4,34090,140542.8,86741.0,15.2,2005,27
Landslide,14.2169,94.5281,7.9,16526,66199.5,42122.2,13.5,2022,42
Drought,13.4354,105.5983,5.6,23745,96140.8,60770.6,10.1,2015,17
Flood,10.7296,105.7032,8.3,39567,144290.8,91642.3,12.5,2025,89
Storm Surge,22.702,108.6149,6.4,22424,91439.8,57594.2,12.2,2013,9
Storm Surge,14.0833,103.151,6.5,10816,36285.4,23898.0,10.0,2017,29
Flood,14.3924,104.2248,6.9,4977,17883.1,11897.6,12.0,2013,42
Cyclone,19.8929,101.268,7.5,17053,68188.0,42765.2,11.8,2024,44
Landslide,21.9902,99.823,6.4,25825,85275.6,65720.6,11.2,2020,17
Landslide,19.2367,103.8671,7.6,3324,12089.2,7512.7,14.5,2014,63
Flood,12.1253,106.1556,7.4,41358,135240.7,105099.9,13.2,2017,20
Drought,12.5706,103.0752,6.8,23616,78380.2,53695.3,10.2,2012,16
Cyclone,13.5349,95.0032,6.1,32229,123933.6,80211.7,11.5,2008,20
Flood,14.281,101.2037,8.4,6056,22111.4,14907.2,14.9,2023,122
Typhoon,20.2377,108.7068,6.7,44153,174584.3,104240.1,8.9,2005,21
Typhoon,13.6825,121.4114,5.9,11049,45595.2,22212.0,11.5,2008,23
Landslide,18.5198,97.0098,6.3,31694,132127.2,71330.8,11.6,2006,20
Flood,25.7643,93.8682,6.5,36202,121576.5,84401.1,13.8,2012,44
Flood,5.0379,124.703,7.2,14768,47564.6,33001.7,11.7,2017,47
Flood,21.6713,95.6831,6.9,38132,159156.8,93411.4,11.9,2010,51
Cyclone,18.7072,95.2546,7.0,25729,98334.0,51897.6,9.3,2020,10
Flood,18.2231,97.8766,6.9,21225,78130.2,44318.7,11.3,2024,47
Cyclone,13.2745,95.722,5.5,14520,57383.7,32864.6,10.3,2018,20
Flash Flood,15.2374,102.4094,7.0,6672,25168.0,16177.0,14.1,2010,40
Cyclone,23.4694,94.0233,6.3,37774,144416.9,85530.8,13.6,2026,19
Landslide,-6.1589,102.0321,7.2,42508,156927.1,92781.4,13.3,2026,18
Earthquake,-8.344,130.5955,7.2,13658,52019.9,30970.8,12.5,2017,28
Tsunami,-8.4478,109.6478,6.2,6733,27598.8,17384.6,13.7,2022,7
Earthquake,24.3739,92.6897,8.6,5643,22806.0,13528.2,17.1,2026,120
Storm Surge,17.3762,107.33,7.2,15364,55383.6,32089.7,11.4,2017,21
Flash Flood,4.2705,114.396,4.7,641,2629.4,1365.5,8.7,2019,6
Earthquake,12.4649,121.6753,6.7,46165,168169.7,116707.2,13.0,2024,33
Flood,17.2641,122.7596,5.7,4131,13338.7,10112.2,11.5,2012,19
Cyclone,10.2038,100.9093,6.7,42551,172411.2,107298.7,10.0,2012,21
Tropical Cyclone,9.4341,100.1112,6.5,23905,77849.4,53194.0,10.8,2011,11
Tsunami,0.1425,124.9356,6.1,29930,109373.2,75293.0,13.8,2010,16
Volcanic Eruption,-6.6275,129.5313,6.0,13354,47461.4,29763.4,12.6,2015,12
Storm Surge,9.2759,106.1807,7.5,23856,99811.7,51638.1,12.1,2013,44
Flash Flood,6.8531,109.3518,5.8,36463,139859.2,82896.4,9.8,2005,17
Coastal Surge,1.2356,103.9825,6.3,6259,24566.4,13402.3,10.5,2022,9
Drought,15.5376,98.9433,8.3,4689,17968.4,10316.9,12.6,2022,111
Typhoon,12.981,118.3084,6.6,7319,26618.1,17784.3,13.4,2011,32
Landslide,19.3357,98.7966,5.3,30498,112075.7,65503.8,9.6,2009,10
Drought,10.7886,103.0216,6.3,13115,50217.1,28567.7,10.0,2025,35
Tropical Cyclone,8.0544,100.0083,7.0,44557,172797.4,101840.8,12.3,2013,22
Earthquake,11.156,92.7824,7.8,27340,98138.5,68008.6,13.2,2015,37
Earthquake,20.3697,99.0339,5.6,24829,80639.3,62531.2,8.5,2008,15
Flood,25.9644,97.5894,7.1,15387,51733.0,32109.0,13.6,2014,23
Cyclone,16.8933,99.6541,6.2,30950,122406.2,65596.5,10.6,2006,7
Typhoon,8.674,120.3683,5.8,7867,29359.1,17509.3,11.1,2012,11
Volcanic Eruption,14.5235,118.9486,7.2,10913,37993.0,27231.4,14.2,2007,44
Flood,20.3731,100.3159,5.3,24867,97088.3,56648.8,7.9,2019,5
Drought,10.8701,100.3031,5.8,22673,89832.4,50762.2,10.6,2024,26
Earthquake,10.3548,124.7511,6.4,32003,103888.1,77054.0,13.5,2012,11
Cyclone,19.0958,95.8753,5.7,24740,89282.8,51062.1,10.0,2013,26
Tsunami,-0.071,123.8689,7.1,47344,181791.1,120535.8,13.1,2020,23
Storm Surge,16.6038,108.9876,5.9,29033,118427.9,74109.3,9.0,2015,29
Cyclone,21.2698,95.8931,7.3,37976,146356.5,93840.6,12.8,2012,20
Volcanic Eruption,5.369,103.4836,7.0,19481,66225.0,40135.8,14.4,2019,52
Landslide,20.4928,106.1822,5.7,37125,132062.8,93446.1,11.6,2010,18
Flood,-1.0355,107.0391,6.5,23669,83696.5,58676.9,13.8,2016,34
Landslide,10.5658,104.4338,6.9,13107,43697.9,27221.8,12.3,2019,42
Landslide,16.6995,109.2821,4.6,8350,30354.0,19817.5,8.3,2008,4
Earthquake,12.9289,99.1608,8.5,46063,160520.7,100042.5,13.5,2008,85
Earthquake,17.7027,100.5154,6.2,36837,128285.6,94800.6,11.1,2011,34
Earthquake,13.5528,97.9236,7.1,36989,130527.4,78158.7,13.0,2023,38
Volcanic Eruption,15.231,122.1816,5.9,19694,82466.4,46223.8,13.1,2010,13
Flood,6.4797,104.2989,8.6,16813,63941.4,38619.5,13.3,2014,148
Landslide,12.3533,100.5394,7.1,30801,122752.2,67146.8,11.9,2017,13
Tsunami,-0.1301,108.362,5.1,4609,16258.4,9404.3,10.4,2005,4
Tsunami,-1.2184,131.338,6.9,12914,49166.4,27216.8,14.7,2007,23
Typhoon,14.3151,107.4652,7.9,11793,43367.0,24335.3,12.6,2007,26
Landslide,16.5746,98.6353,7.4,3130,11841.9,6833.0,13.3,2020,55
Flood,11.8653,92.5827,7.8,33858,113244.9,86870.6,13.2,2019,19
Flood,25.8976,94.2861,5.7,26979,95804.2,56453.7,12.3,2005,20
Flood,19.765,103.1723,5.9,36641,131980.9,74555.1,10.8,2008,17
Landslide,14.2393,100.5738,7.6,49213,200025.9,105649.7,12.2,2006,25
Flood,-0.6044,129.7101,7.0,42931,159070.3,92591.9,10.9,2007,21
Coastal Surge,1.2292,103.8154,5.1,872,3249.1,2131.1,10.2,2014,16
Tsunami,-9.8006,113.4683,4.8,12904,50144.6,31487.6,12.6,2018,5
Storm Surge,14.865,105.2581,7.0,47881,191212.4,120466.3,12.3,2017,33
Flood,15.6421,98.7177,5.4,16827,62484.4,39676.0,11.3,2009,24
Flood,-6.4799,122.1632,6.9,32283,112039.6,72811.9,13.6,2012,39
Flood,17.8011,96.0202,7.5,50697,169872.7,131742.3,11.5,2007,16
Flood,-9.6841,99.8292,6.8,33634,108573.1,70832.1,12.1,2026,20
Flood,9.7909,102.9205,8.5,14817,54235.4,34813.1,14.1,2009,106
Earthquake,17.7526,100.9039,8.1,30687,102861.5,64834.3,10.8,2024,147
Landslide,19.4002,101.0228,6.1,28711,97954.4,73022.9,10.6,2010,13
Tsunami,-2.2605,117.3425,6.0,4741,19687.4,10081.2,10.3,2012,32
Flood,26.2,94.7045,8.1,16285,61973.3,40346.3,13.3,2018,76
Cyclone,24.2306,100.3673,7.8,38386,153605.3,83974.1,14.4,2006,11
Flood,6.9215,120.4372,6.3,32521,119240.1,76874.0,11.6,2014,27
Landslide,19.6852,95.8204,5.6,14831,51102.4,29739.8,11.3,2021,24
Flood,17.9145,125.3287,7.0,3603,13555.5,8006.9,13.3,2006,14
Earthquake,25.8606,98.4211,5.2,28551,112842.2,57799.9,12.8,2026,9
Earthquake,-2.163,122.3949,6.9,7780,31280.4,18946.5,14.2,2026,12
Earthquake,26.7895,97.6712,7.1,11727,47259.5,23550.8,11.6,2009,16
Landslide,18.1521,97.1562,5.4,13959,55386.3,28998.7,10.4,2008,15
Flood,1.1141,113.5735,6.3,35440,143147.3,73807.3,13.4,2009,31
Earthquake,15.1548,120.7327,5.6,33791,137387.4,85359.3,12.9,2009,16
Flood,17.444,101.9545,5.6,2563,9566.5,6217.6,13.1,2018,26
Landslide,22.086,92.804,7.9,4999,16112.0,10730.6,13.2,2011,13
Earthquake,1.6359,123.5726,7.4,36723,121887.5,74106.2,12.7,2006,59
Landslide,-8.966,138.9104,7.2,20842,79728.0,43971.0,14.7,2023,29
Storm Surge,17.313,109.2582,7.0,37675,131688.6,93065.6,11.3,2016,29
Flood,-4.1432,103.9792,5.0,19548,78525.0,50220.0,11.3,2008,10
Landslide,14.1629,97.7998,6.6,36800,134021.0,86874.9,10.5,2013,31
Tropical Cyclone,8.4562,102.6477,6.6,10525,41695.6,26328.8,12.1,2020,24
Volcanic Eruption,16.419,124.5739,5.1,24610,84884.7,58007.7,11.7,2010,15
Tsunami,3.9818,130.8992,7.4,4663,17951.0,11891.2,15.8,2016,58
Drought,15.5829,99.7296,8.6,4090,15787.7,9490.9,11.8,2010,118
Flood,13.5249,107.569,7.8,2988,10938.8,7410.7,11.7,2019,54
Flood,11.3848,104.96,6.2,34863,113162.8,78074.1,11.5,2016,25
Earthquake,4.8946,106.388,7.2,49727,189444.4,119393.9,14.7,2010,13
Flood,16.7193,101.4996,7.3,30007,113169.1,61804.4,11.5,2022,19
Landslide,20.8666,99.6991,8.4,8904,30169.9,22530.6,11.7,2010,61
Earthquake,18.5606,95.4294,7.8,39726,148911.0,88866.1,12.5,2023,31
Tsunami,-5.4568,134.8279,7.2,20832,69234.6,51933.6,13.1,2008,38
Landslide,4.4728,115.072,8.0,5824,18796.7,13475.6,11.3,2013,52
Landslide,4.5545,102.6496,7.7,48114,176730.4,106456.6,10.8,2017,47
Landslide,11.569,97.1999,5.5,27497,103918.9,65499.7,9.3,2023,6
Volcanic Eruption,14.2315,121.4988,8.1,27365,95140.7,64135.6,14.9,2024,90
Flood,21.9581,94.2956,5.4,15201,53219.6,31182.7,10.1,2022,8
Volcanic Eruption,7.6654,125.3766,7.0,9716,35391.7,20010.3,12.0,2009,46
Flood,11.8352,105.7757,5.5,13244,45777.5,33572.9,11.7,2012,5
Earthquake,0.0077,109.9321,8.6,49537,203788.6,111914.8,16.8,2011,158
Landslide,19.0595,107.2655,7.0,960,3650.2,1958.3,12.2,2025,27
Landslide,0.8608,116.5211,5.7,33445,130164.7,84799.7,11.6,2010,17
Drought,17.8518,103.1722,6.4,11541,40917.2,27459.7,10.0,2007,40
Landslide,22.1587,101.3373,7.0,31781,128776.9,74356.7,12.5,2015,16
Flood,9.5809,120.2815,8.5,29430,108567.5,73594.2,15.3,2017,126
Flood,9.8067,119.7514,7.4,25248,92002.1,62348.0,12.1,2016,20
Landslide,5.175,114.3868,6.4,9335,35288.7,18857.0,11.2,2018,21
Landslide,11.1741,117.6187,6.2,23502,75395.9,58323.1,11.4,2016,12
Flood,13.3248,119.9445,5.7,16230,65177.6,41557.6,11.0,2007,16
Storm Surge,16.3243,108.0055,8.3,30276,105290.2,68461.9,13.9,2022,176
Earthquake,17.1031,93.7411,4.8,21972,71476.5,54705.5,10.5,2017,6
Landslide,19.8817,98.0069,8.9,48143,190404.2,108222.4,14.2,2016,136
Earthquake,4.683,131.4929,5.1,7007,25375.3,16844.9,12.1,2017,17
Flood,9.1737,102.1596,6.0,10176,32730.3,22099.8,10.6,2014,23
Flood,14.0806,93.8026,5.5,6091,21635.1,12268.0,10.0,2013,26
Earthquake,-9.5104,131.3342,7.8,23022,82866.3,58809.5,14.9,2011,19
Landslide,21.583,96.5738,6.0,7810,27760.1,16613.7,10.0,2015,7
Flood,15.5409,126.2855,5.4,17665,57991.4,39411.4,12.1,2022,20
Flash Flood,3.1915,111.1904,8.1,54017,222714.2,126306.2,12.4,2007,114
Typhoon,13.8995,106.6845,5.0,30434,123027.9,66375.3,9.9,2012,11
Storm Surge,9.4498,107.3168,6.0,28125,91417.9,70752.9,10.1,2026,34
Volcanic Eruption,12.7601,119.8312,8.4,48185,177559.7,108209.2,14.0,2017,121
Flash Flood,10.8574,104.6219,6.8,31796,104312.1,72579.6,12.7,2025,16
Flood,12.6034,103.7351,7.0,6559,25678.9,14959.6,11.8,2005,33
Earthquake,14.3961,100.9081,6.4,34336,116608.7,75944.8,11.2,2025,16
Flood,12.5568,92.9297,6.2,35380,117755.4,86106.8,10.6,2023,28
Flood,24.2923,100.4617,8.3,46795,152236.2,107684.9,14.9,2016,87
Earthquake,21.9119,100.4479,4.2,24352,93535.2,62483.4,8.1,2018,3
Flood,12.1063,96.902,7.0,30473,110163.8,64791.6,10.4,2020,20
Flood,17.6342,93.479,7.0,45922,166443.1,107311.6,12.7,2021,46
Volcanic Eruption,2.6498,117.6244,5.4,7218,28271.5,15074.9,9.8,2011,11
Landslide,16.9299,96.6453,7.1,20068,81936.7,43763.7,10.0,2011,29
Tropical Cyclone,9.5667,100.9476,4.3,3807,13653.5,8633.7,9.2,2021,4
Landslide,21.2318,96.0639,5.5,7549,30304.4,17129.4,9.7,2013,9
Typhoon,22.2728,104.59,6.6,41523,139321.6,91314.6,11.3,2013,15
Typhoon,6.7891,117.6569,7.9,11917,40372.7,30937.5,13.0,2005,38
Drought,12.0923,102.8692,6.4,16313,61865.7,37982.7,11.0,2010,19
Earthquake,6.7091,120.1551,5.9,20432,78410.2,45742.8,11.7,2010,17
Earthquake,8.6663,122.8102,6.6,42464,173849.6,108173.6,13.1,2022,33
Landslide,19.7498,106.3787,6.3,819,2834.7,2127.2,12.3,2005,8
Earthquake,10.4324,97.1518,7.5,52057,208374.6,118030.6,11.7,2011,27
Landslide,24.4069,96.2732,5.6,39184,163213.1,95811.9,12.4,2008,23
Cyclone,16.2866,100.3346,5.7,15302,53325.9,31831.3,9.5,2006,9
Tsunami,-5.4,109.217,6.6,6252,22170.7,15561.6,15.7,2005,27
Earthquake,6.1148,122.8322,6.8,25223,95302.5,61861.6,12.0,2006,18
Cyclone,16.5073,100.6342,5.6,30210,115571.5,73579.3,10.4,2007,21
Cyclone,15.2612,96.0577,5.3,10761,42237.7,27971.0,9.9,2021,22
Volcanic Eruption,15.2701,121.3803,5.6,20047,70105.7,47736.2,11.6,2014,19
Earthquake,19.4736,95.5558,6.9,34273,136975.6,75071.5,12.1,2010,30
Flash Flood,11.189,106.7427,5.2,12543,47163.6,29520.4,9.3,2021,17
Landslide,15.3903,97.5696,7.5,2056,8146.3,4610.5,12.9,2009,61
Volcanic Eruption,10.0451,123.4391,7.1,5077,20094.7,11489.2,11.7,2023,46
Drought,12.5599,97.7934,5.0,7668,24747.1,16272.6,10.0,2016,8
Flash Flood,20.1572,103.9204,6.9,5292,19472.0,13513.2,12.7,2021,14
Tropical Cyclone,9.2789,100.4769,6.9,47204,155700.6,104668.7,11.2,2025,10
Coastal Surge,1.284,103.9633,5.4,1501,6141.4,3871.8,8.8,2018,5
Earthquake,1.5809,118.5455,6.7,12274,39990.3,25732.4,11.3,2023,40
Typhoon,11.1485,104.921,4.3,24466,92754.0,58285.0,8.6,2015,1
Flash Flood,11.5056,107.4781,5.7,13672,44316.9,29787.5,11.4,2013,5
Flood,24.0279,96.4499,7.0,7901,29780.1,16405.0,12.7,2020,19
Coastal Surge,1.3853,103.9621,6.9,1363,4870.2,3000.9,11.7,2016,15
Flood,22.5701,101.1432,7.1,17755,57940.3,42833.8,13.1,2011,52
Typhoon,10.6565,105.6817,7.1,7920,32075.2,19998.0,9.8,2025,27
Cyclone,25.7019,101.1402,8.0,13952,58341.7,35456.9,14.7,2005,44
Landslide,10.1719,96.2467,5.5,5933,24878.9,11885.9,9.7,2008,16
Earthquake,11.2613,100.2559,4.8,2138,7824.6,4375.9,8.4,2017,10
Tsunami,-2.5433,103.0405,6.2,18133,59875.3,38801.8,11.6,2006,6
Flash Flood,6.369,107.8114,7.3,12681,44518.2,29053.9,10.4,2008,51
Tsunami,4.8315,114.2903,6.9,20795,70776.6,51500.9,14.8,2018,26
Earthquake,24.2826,97.338,4.3,3818,13209.1,9434.1,10.0,2007,2
Flood,12.986,104.2977,8.5,55688,228183.8,139363.8,13.2,2019,65
Flood,21.2298,97.8743,4.6,21027,72407.9,43642.7,8.1,2022,3
Cyclone,19.7988,96.021,6.3,41690,155042.4,107299.9,11.9,2005,27
Earthquake,11.0764,117.2919,4.7,25662,91065.4,60128.4,9.4,2019,11
Landslide,18.4238,100.2819,8.1,19098,68351.2,49486.5,12.6,2019,138
Cyclone,15.1269,96.0856,7.7,5567,19837.3,13527.7,12.5,2018,54
Volcanic Eruption,0.5939,113.0531,6.9,18523,70026.0,40208.0,11.8,2005,48
Cyclone,19.7081,96.9817,5.4,3606,13230.3,7448.6,9.7,2010,5
Landslide,-10.1152,138.2652,6.5,14575,51168.5,32641.3,14.3,2014,33
Earthquake,5.1965,126.1962,7.3,9492,37725.5,22438.6,13.4,2025,13
Storm Surge,8.6614,107.513,7.2,48409,155315.4,124818.3,11.7,2006,36
Typhoon,11.9133,125.001,8.1,49235,201016.4,123231.2,15.6,2016,114
Volcanic Eruption,14.0694,119.9916,8.5,16139,67310.8,36333.5,15.5,2008,129
Landslide,19.1156,99.9793,6.1,9983,39095.9,25471.7,10.3,2020,14
Earthquake,14.0059,99.2524,8.5,4251,15698.2,10294.6,13.5,2017,94
Earthquake,19.8311,95.4451,6.1,12480,49888.2,28868.0,10.4,2011,33
Cyclone,11.5052,95.778,6.4,8678,30592.1,19718.2,10.0,2008,14
Landslide,15.5371,101.6706,7.2,6078,21649.5,12807.8,12.7,2026,49
Flood,26.8364,93.5558,9.1,58942,242513.4,142485.0,16.3,2012,176
Flood,7.4177,99.8214,6.4,4852,18728.8,12144.5,11.8,2010,23
Flood,16.1346,102.0204,9.0,7592,30613.3,18911.5,13.4,2015,96
Landslide,26.9873,97.8075,6.8,35861,144104.0,80729.5,14.1,2020,32
Flood,10.4895,96.6137,6.9,2376,8982.6,4800.6,12.0,2019,10
Drought,19.0001,103.3409,4.6,27626,88498.5,64509.7,7.4,2006,4
Drought,11.8346,103.1906,7.4,13209,54260.3,33391.0,13.0,2010,18
Flood,22.3918,97.9845,7.7,26678,98404.1,60875.2,12.6,2008,32
Earthquake,7.502,119.6674,5.4,20952,82955.8,51858.9,11.2,2024,7
Earthquake,20.6763,94.2304,5.9,24263,83097.5,62689.4,9.3,2011,25
Flood,10.9128,106.3282,7.1,4453,17162.4,9688.6,13.0,2023,39
Earthquake,18.5846,97.6541,6.3,27507,102474.4,70808.3,11.3,2010,21
Flood,11.9242,103.9717,6.1,5533,19624.8,12526.8,8.6,2013,15
Drought,10.8178,105.1975,6.7,40411,151417.8,93691.0,11.1,2005,35
Typhoon,9.8142,106.6356,5.7,16738,59032.8,33547.7,10.4,2010,25
Landslide,26.03,92.5316,7.7,29692,123027.6,76352.9,14.4,2007,29
Flood,12.0885,125.4403,8.5,40558,159752.3,92880.1,16.6,2020,118
Typhoon,11.8594,106.5059,5.9,20285,81511.9,48943.6,8.5,2010,19
Flood,14.9466,106.1069,6.7,451,1813.3,1154.0,12.0,2017,46
Volcanic Eruption,-0.7858,135.0833,5.5,5703,21208.7,13086.4,13.7,2017,12
Landslide,22.0199,98.92,7.3,25976,85020.9,60633.2,13.1,2020,54
Flood,16.8556,123.8221,6.1,39382,142309.1,81537.3,11.1,2023,21
Drought,10.3032,102.6705,6.1,10915,37584.2,24623.8,11.0,2015,32
Typhoon,12.5196,117.194,6.8,41141,160306.9,101355.2,15.1,2020,22
Flood,20.0223,93.8487,6.2,37145,123181.7,78867.8,10.0,2021,21
Volcanic Eruption,11.1573,118.6879,7.4,27683,99938.7,58714.1,13.2,2024,21
Flood,4.1413,127.2409,6.8,45490,159179.9,110270.6,14.3,2026,13
Flood,12.8053,103.3716,5.6,39049,162840.5,86218.5,9.1,2020,20
Earthquake,16.2193,96.8326,7.0,18457,63550.3,45740.4,10.0,2018,32
Earthquake,14.1589,100.9203,6.5,5249,19522.8,10800.3,11.4,2005,42
Flood,2.7142,100.6054,6.8,24900,97353.2,59735.3,10.4,2011,25
Cyclone,24.836,93.3186,7.1,38102,150766.7,90908.3,12.1,2011,22
Cyclone,23.6716,98.3658,7.4,25463,86557.9,51237.4,11.9,2026,16
Tropical Cyclone,19.3801,103.6752,7.4,26557,93269.7,64672.8,12.7,2010,55
Flood,23.9655,97.7357,5.6,22513,86418.3,47805.0,13.6,2010,26
Volcanic Eruption,-1.3929,128.5431,6.6,24256,99983.8,60816.4,11.5,2011,34
Landslide,12.239,94.8279,7.7,20015,83000.7,50833.2,12.1,2012,52
Tsunami,2.2206,118.2637,5.7,29628,114011.6,76503.9,13.0,2019,19
Tropical Cyclone,10.3344,100.8845,6.6,26954,98352.7,64263.9,12.5,2017,8
Tsunami,-0.2331,106.7708,8.0,26452,96309.8,65834.9,14.5,2006,58
Earthquake,24.1272,95.8832,6.4,1843,6566.3,3767.5,10.4,2014,23
Typhoon,14.7346,125.2898,7.1,41675,143255.6,86636.2,13.9,2018,52
Flood,10.6303,120.5825,8.7,45927,174208.2,116720.6,16.2,2022,102
Flood,20.8511,102.5634,6.5,25168,85716.6,61847.4,11.0,2007,38
Flood,13.4381,99.3716,8.3,38689,130139.2,93726.5,12.8,2021,87
Flood,15.7538,117.1084,6.5,16805,69273.0,43227.7,13.5,2011,26
Earthquake,23.779,98.7961,6.9,4611,18265.7,9631.5,12.0,2016,33
Volcanic Eruption,8.3282,121.0542,6.3,25256,94577.9,52775.1,10.2,2007,28
Tropical Cyclone,19.1628,103.5549,7.4,13721,55241.4,32942.8,11.0,2005,36
Typhoon,17.2942,102.6985,7.4,48490,202541.9,103725.3,11.1,2019,43
Cyclone,16.5007,101.4192,6.1,40070,129345.1,83574.9,11.0,2014,34
Flood,27.2811,93.6252,7.0,20493,84879.6,46164.3,13.6,2019,51
Cyclone,11.6183,94.2896,6.0,41415,140514.9,98039.6,8.6,2018,35
Tsunami,-2.7657,125.6899,7.7,37791,153410.5,90511.7,14.6,2026,22
Flood,15.7011,98.4629,8.1,27520,112791.3,63629.7,13.2,2005,119
Earthquake,22.1518,93.6278,8.0,24438,94384.7,57237.8,14.0,2016,63
Flood,15.6653,101.3773,8.3,36093,116009.6,91600.4,14.0,2015,126
Landslide,13.5703,120.9314,6.6,25015,80422.0,53689.5,12.2,2007,35
Volcanic Eruption,-0.0484,112.2827,6.9,14015,46547.8,35480.0,12.4,2016,19
Flood,10.9357,97.2589,5.8,37552,133014.8,84794.3,11.1,2022,6
Drought,10.755,105.5078,5.9,13793,51718.3,29880.6,8.8,2007,30
Landslide,18.01,100.634,6.3,1339,5397.5,3268.2,11.1,2018,31
Drought,6.168,101.8692,6.6,16011,52133.3,40955.8,10.8,2015,38
Flash Flood,6.8768,106.6559,5.7,4529,16480.8,9462.1,11.5,2011,17
Landslide,18.9783,94.0705,5.5,25558,93529.0,64283.4,9.5,2026,11
Flood,11.0731,123.915,4.0,18557,60803.4,45219.4,8.9,2008,0
Tropical Cyclone,12.6014,104.1202,4.9,28494,100195.1,61650.7,10.0,2025,8
Landslide,13.6055,98.7045,8.2,2148,8816.2,5146.1,13.5,2010,123
Flood,17.1305,94.4076,7.1,12971,42199.9,31133.2,11.8,2024,47
Earthquake,12.3924,95.8115,7.3,12812,44402.5,28582.1,12.4,2026,57
Flash Flood,5.4998,115.7394,6.5,8594,35288.6,19803.3,10.2,2019,25
Earthquake,-1.0968,121.1643,5.2,23889,77474.3,56644.8,12.3,2012,10
Flood,-8.1995,105.185,6.3,5663,19936.4,14341.9,12.8,2022,30
Storm Surge,15.6893,103.2429,6.1,25333,81325.2,59411.3,9.4,2023,24
Volcanic Eruption,9.3892,125.1625,8.9,37915,156010.4,82632.6,17.3,2023,113
Flood,-1.7547,107.3035,4.2,3002,11054.8,7065.2,9.1,2021,3
Flood,-4.7892,114.3109,7.4,41835,160603.0,88417.5,14.1,2008,35
Flood,14.5473,105.2258,6.2,4936,19995.9,12120.6,10.0,2009,15
Flood,8.375,101.8651,7.2,11185,42112.0,28023.4,9.9,2010,46
Landslide,-2.6497,103.4511,4.9,31017,105699.4,71078.0,10.9,2017,11
Flood,23.3116,97.1348,5.2,17515,64218.3,37840.9,9.8,2014,20
Cyclone,24.2681,100.1626,8.6,46694,191172.9,101908.2,14.5,2019,144
Typhoon,10.1625,124.25,7.6,33309,133226.3,73836.3,15.1,2022,25
Typhoon,5.4104,122.1422,6.7,21347,76882.6,45601.6,14.9,2023,47
Earthquake,12.478,122.5703,6.1,10734,38198.7,23515.1,11.0,2018,25
Storm Surge,12.6385,108.1899,8.0,48668,186091.9,118251.6,13.6,2007,25
Flood,11.4547,104.7236,6.7,13303,50351.4,31677.9,11.9,2019,8
Flood,17.3392,102.7057,8.3,23479,93289.5,50491.4,11.9,2017,160
Landslide,6.8344,125.5809,8.5,8855,36391.4,18845.0,13.1,2018,121
Flood,22.4635,98.2675,6.0,29470,98262.0,71900.4,13.6,2016,29
Flood,17.1957,106.7883,4.2,1554,4973.2,3541.5,10.5,2012,1
Flash Flood,14.0057,101.2953,7.7,5115,20474.6,12179.2,15.7,2008,55
Typhoon,18.8002,106.0266,4.3,26153,107556.6,60992.9,7.2,2016,2
Flood,10.5202,99.1402,7.7,51813,200936.4,133845.6,12.3,2009,27
Flood,13.1034,122.849,7.4,26123,104624.2,60968.5,14.7,2016,14
Earthquake,14.4523,93.1105,6.1,27118,107578.0,56088.2,9.8,2023,25
Flash Flood,20.4995,102.2616,6.5,5982,21446.9,14562.6,13.8,2022,31
Landslide,13.0606,96.6591,6.9,13762,46780.6,34396.3,10.8,2014,45
Landslide,17.894,97.5538,5.9,24947,92073.2,51697.9,8.8,2007,24
Flood,11.5914,92.9586,6.4,26986,105249.7,69841.8,9.9,2006,25
Earthquake,-3.6667,119.1561,5.8,17657,65191.2,45276.0,14.2,2021,7
Flood,-0.5852,117.9068,7.1,43761,165840.2,101746.7,13.4,2014,22
Volcanic Eruption,1.4474,96.2964,4.6,23620,81498.4,53364.6,11.7,2017,5
Typhoon,15.5432,124.6907,6.1,4805,16209.6,11465.8,13.7,2013,8
Drought,11.2562,106.4471,6.5,28397,95486.7,57941.4,12.1,2006,31
Typhoon,15.3018,107.5816,8.6,18880,70123.1,37921.8,14.7,2017,61
Earthquake,16.2191,95.2209,9.0,60930,211785.3,124127.0,12.8,2005,140
Typhoon,6.0656,121.5551,5.8,30923,128737.9,70307.5,11.2,2009,31
Landslide,18.0645,99.095,6.3,12816,50242.7,29387.0,11.8,2025,39
Flash Flood,17.6495,106.3774,8.0,6665,27669.9,16742.8,15.2,2007,65
Flood,19.646,98.0354,6.8,21738,72502.1,55808.2,9.3,2013,28
Landslide,12.5064,100.2615,5.6,7051,26001.1,16771.6,9.4,2005,15
Landslide,5.8091,125.6383,5.6,6704,25927.0,16713.6,10.7,2015,13
Landslide,10.1821,104.1957,7.6,32575,136619.6,82483.2,13.2,2007,60
Flood,15.1363,103.6986,6.3,29090,111096.3,73626.8,10.6,2017,22
Flood,11.7549,97.0751,7.6,6704,22530.4,17287.9,10.1,2009,36
Flash Flood,6.3378,114.1272,7.4,31744,105423.2,79197.8,11.1,2018,54
Flood,19.1497,93.2972,7.4,36644,126102.7,91975.7,12.3,2018,31
Earthquake,14.5781,95.3586,6.4,38352,139033.6,82703.0,9.6,2012,19
Volcanic Eruption,6.1978,118.028,6.7,14226,57514.3,35365.9,14.2,2015,26
Landslide,13.9906,117.6171,5.7,4048,14248.6,10113.9,11.4,2007,22
Landslide,12.3309,103.2936,8.1,31926,108438.1,70754.9,11.5,2017,136
Flood,19.3184,98.988,6.8,17805,59927.8,39997.8,10.6,2018,25
Landslide,4.4508,106.7689,6.0,13353,48871.0,31298.4,12.0,2018,8
Flash Flood,4.7242,114.7649,6.5,4768,17410.0,10199.3,9.1,2023,16
Flood,7.9846,102.3367,4.6,23161,87379.6,59210.4,7.5,2007,4
Cyclone,16.233,92.5506,7.5,42198,156573.0,90547.9,11.9,2007,30
Landslide,12.0816,121.711,7.6,38808,147985.6,93546.0,15.5,2021,49
Volcanic Eruption,2.5608,120.5045,7.2,31256,124241.2,64760.9,14.1,2026,24
Flood,22.0709,95.6639,4.8,23140,88275.7,52318.7,12.1,2006,3
Volcanic Eruption,6.202,118.3351,6.4,28371,114310.4,70535.6,13.6,2014,12
Flood,19.0605,99.1323,5.0,6909,25905.9,16828.1,9.6,2016,17
Landslide,13.625,95.3295,6.4,11829,39035.8,27769.3,10.6,2017,24
Volcanic Eruption,0.8615,119.769,4.7,20410,67322.9,48250.8,9.6,2016,9
Landslide,17.1511,119.4066,7.4,50009,177011.1,107853.9,12.8,2009,10
Volcanic Eruption,-1.1388,105.6577,7.2,40065,156718.2,93370.7,14.6,2021,38
Landslide,18.7155,100.1544,5.4,8386,28878.9,20383.9,9.1,2009,14
Earthquake,25.0565,95.4268,6.6,24884,93278.8,51785.3,14.7,2023,31
Earthquake,26.8489,96.7112,7.3,27954,89707.7,58563.3,14.5,2011,27
Landslide,11.4126,92.565,8.2,32134,116203.7,79835.2,13.8,2011,75
Landslide,2.5701,107.3582,8.3,55546,185680.6,127453.4,12.2,2016,127
Flash Flood,4.4408,99.5855,6.8,32174,131431.8,69337.8,13.2,2022,32
Tsunami,2.2343,127.7292,6.9,3680,15060.1,7577.2,11.4,2009,18
Tropical Cyclone,12.0839,104.6225,7.3,24836,103146.2,50901.1,11.5,2015,14
Tropical Cyclone,12.4911,101.1603,8.2,2292,8558.1,5714.9,11.8,2017,89
Typhoon,13.3241,102.4292,7.7,53128,215430.9,127319.9,10.9,2015,17
Landslide,2.9845,95.9635,4.8,16434,60599.0,40526.7,11.2,2018,13
Landslide,21.4265,103.7926,7.0,6176,23948.5,14967.0,11.9,2018,25
Cyclone,15.9451,99.2663,6.8,3176,12955.9,6468.1,11.7,2008,15
Cyclone,19.0073,98.9364,6.4,41056,152118.9,94778.3,9.6,2010,17
Flood,18.7819,108.6321,5.0,32300,124114.9,68164.7,10.5,2018,16
Earthquake,4.9702,111.3486,6.2,8476,27675.0,20789.3,14.4,2005,23
Flood,7.1207,121.9253,6.1,27850,96468.8,70554.7,14.8,2020,27
Earthquake,25.1249,92.6717,7.9,41602,142743.5,92706.8,15.3,2015,40
Landslide,2.7237,103.4489,6.0,12296,48777.2,27888.0,11.4,2019,31
Earthquake,25.8897,96.1499,6.7,40986,146261.3,103933.3,11.6,2019,31
Flood,13.2494,109.0841,6.6,40031,155314.1,92016.2,11.1,2009,22
Flood,3.9306,99.645,7.2,19000,77248.3,42876.5,10.5,2026,19
Flood,13.536,105.6701,7.5,22062,91460.1,53999.1,10.9,2005,57
Earthquake,22.6275,100.0568,5.0,1081,4329.8,2301.2,12.0,2009,14
Flood,10.8691,124.3568,6.2,15668,65763.0,40566.0,12.9,2023,34
Landslide,7.4843,100.8623,5.9,18175,61219.1,46071.8,9.4,2022,16
Flood,17.6932,97.76,7.5,48385,180651.7,104371.8,11.4,2025,43
Landslide,19.1358,95.8334,4.8,27947,95843.9,69347.1,9.5,2023,12
Drought,11.4421,103.0062,6.7,1376,4569.4,2901.3,12.3,2020,44
Earthquake,7.8757,120.0746,8.6,12703,42063.3,28781.8,16.2,2005,112
Landslide,16.3658,102.6431,5.7,3535,13266.2,8793.2,14.1,2011,23
Typhoon,17.7558,106.127,7.3,42245,175809.6,87006.9,12.0,2006,57
Landslide,17.177,99.2739,5.4,9230,35127.9,22591.5,7.9,2017,6
Volcanic Eruption,-0.3199,110.3718,6.4,7562,29776.6,16210.2,14.8,2023,18
Flood,-1.1015,100.8014,7.2,9725,34867.4,21014.9,14.3,2020,26
Drought,11.8655,99.2501,7.1,37044,149110.2,74647.1,11.5,2005,26
Landslide,14.3447,100.2878,5.5,24703,102116.1,60094.4,8.3,2021,15
Flash Flood,2.2328,102.4705,6.1,25505,97777.7,58175.6,10.8,2024,14
Volcanic Eruption,-3.8639,114.8143,7.1,35666,121206.8,81388.3,13.0,2006,16
Flood,7.5648,121.3798,6.6,41612,162073.6,94940.4,13.2,2005,25
Earthquake,19.7449,93.7903,8.5,8017,26547.2,16347.3,12.2,2010,123
Landslide,-1.9063,109.7653,6.4,24119,82675.8,61591.3,12.8,2008,9
Tropical Cyclone,18.2319,104.1166,6.0,41308,154772.2,85561.8,11.4,2020,13
Landslide,22.8741,94.6812,4.7,23203,88889.6,55823.1,11.9,2013,8
Tsunami,-6.6823,139.9551,8.1,55114,198562.0,142436.3,13.0,2015,154
Earthquake,12.9135,118.4731,6.8,13510,50157.9,35036.1,15.0,2007,38
Flood,18.2132,93.3189,6.7,31409,117241.6,74433.7,10.3,2013,43
Flood,12.0005,102.6098,6.2,40737,150660.5,89936.3,11.8,2011,23
Flood,22.479,104.4598,4.7,19218,72887.3,48277.4,10.4,2014,7
Landslide,2.8207,109.0787,8.9,34087,133067.3,69758.2,13.4,2005,109
Tropical Cyclone,8.0188,99.7164,8.4,4779,18099.9,11666.6,13.4,2013,163
Landslide,7.6627,119.5628,7.3,18772,69885.4,42581.0,14.9,2025,32
Drought,17.8627,103.7731,5.2,10159,40793.3,20479.9,9.3,2017,10
Cyclone,26.0711,95.391,6.7,36520,129005.1,91228.2,10.8,2013,38
Landslide,25.3318,100.6949,6.7,1664,6387.7,4020.1,12.4,2020,37
Cyclone,12.0076,95.6141,5.9,20035,83323.5,48274.9,10.6,2008,16
Earthquake,19.2682,100.9269,6.7,17432,69112.5,41126.6,9.9,2015,41
Typhoon,18.8302,102.7319,7.1,7144,24970.2,16651.1,11.1,2019,48
Landslide,8.3725,101.5274,6.1,24219,79554.9,60413.2,11.4,2014,29
Storm Surge,17.7824,105.4335,6.1,13296,55519.2,28901.7,10.1,2007,12
Flood,2.1306,131.2281,6.4,38800,138877.6,80282.1,13.2,2005,37
Tropical Cyclone,14.0173,99.9055,7.5,24445,79839.9,62459.2,11.9,2007,30
Storm Surge,10.8866,108.0116,6.1,8459,33131.2,19914.1,11.4,2026,7
Earthquake,25.2615,100.6799,5.9,6580,21101.3,13287.6,13.6,2020,30
Flood,11.5956,99.1641,8.7,32496,130294.3,67420.7,12.5,2012,87
Coastal Surge,1.4264,103.6747,6.8,2548,9142.8,5566.0,10.3,2017,45
Flood,13.6216,104.4009,5.5,14597,50993.1,34847.6,10.8,2026,5
Earthquake,-1.286,99.1066,7.6,10340,41595.1,26270.9,14.3,2010,29
Cyclone,14.0065,100.6488,7.9,8915,33111.7,19319.6,12.5,2023,45
Cyclone,13.5622,93.7342,8.7,28027,98232.9,65352.8,12.8,2009,66
Landslide,-7.587,101.3293,7.5,15841,54540.5,39020.6,15.2,2009,24
Landslide,22.9767,96.2405,6.5,15254,61102.5,39389.1,13.4,2009,38
Landslide,25.038,98.0544,6.5,3144,10641.8,7832.1,12.8,2022,15
Coastal Surge,1.2343,103.7492,4.9,779,3181.2,1689.2,7.1,2008,4
Flood,13.6418,107.3546,4.9,28607,111372.8,65720.0,7.8,2017,2
Cyclone,11.9055,101.4436,5.5,21600,82319.5,52162.0,10.6,2010,26
Flood,24.9309,100.8863,6.7,36398,138991.0,84718.7,14.7,2013,34
Landslide,18.3314,102.669,5.1,12352,49320.5,26524.8,8.4,2023,6
Flood,14.7879,101.1723,8.6,52764,211309.1,109902.6,14.2,2021,143
Flood,-7.2392,99.9103,7.0,47495,192937.0,101935.2,15.5,2021,25
Flood,22.5745,95.1214,4.2,20262,69712.7,45588.3,10.1,2016,0
Volcanic Eruption,-8.9112,102.4334,6.3,42930,140787.0,89022.3,10.0,2009,31
Flood,25.754,96.9789,7.0,32355,133879.1,82737.0,13.4,2019,51
Landslide,23.3643,93.8614,7.8,46542,151411.5,97234.3,12.5,2013,20
Earthquake,14.344,95.8841,7.3,2503,8755.9,5312.7,10.3,2025,47
Landslide,11.7031,95.4108,7.6,6911,27988.2,16764.4,11.3,2009,34
Earthquake,16.4712,92.9422,6.4,36728,124652.3,77630.9,9.5,2024,24
Earthquake,14.7904,125.4568,6.4,34197,124630.8,74819.5,11.4,2022,40
Landslide,-8.2455,97.9228,7.5,29212,107222.1,70396.6,14.5,2019,26
Flood,6.943,124.0305,6.4,13140,47532.7,30249.3,11.9,2025,36
Landslide,-6.8591,105.0948,7.1,33707,135275.2,82671.0,15.5,2016,31
Cyclone,11.24,94.6177,6.5,29070,105206.3,71170.7,11.4,2008,19
Flash Flood,13.258,105.976,5.5,31604,117480.6,81716.4,9.4,2020,14
Tsunami,0.0891,95.3058,7.3,50396,174298.0,124394.4,14.3,2020,13
Flood,15.7032,106.1612,5.6,2987,12074.6,6556.3,11.3,2005,15
Earthquake,7.9206,123.7385,7.0,35893,117039.5,91500.2,12.3,2026,42
Flood,26.7642,95.2681,5.0,21676,82010.0,54123.9,11.6,2014,7
Cyclone,14.3459,92.9155,8.4,33983,131145.8,77037.8,13.6,2021,138
Landslide,5.1219,102.486,7.2,14741,47336.4,31124.1,13.5,2022,46
Landslide,5.8717,103.6162,7.5,11602,43657.4,23274.8,12.7,2026,56
Earthquake,14.8544,99.0619,6.5,23021,79668.2,55017.0,10.0,2013,32
Earthquake,20.9557,92.8651,4.7,11057,40672.3,23598.3,8.4,2018,8
Landslide,11.8125,97.1118,7.7,22972,77358.7,54504.4,12.4,2007,65
Landslide,14.2437,99.9504,4.9,9829,32605.1,23761.3,8.7,2018,7
Landslide,5.8777,110.1343,5.8,39697,163332.5,90168.7,10.8,2021,9
Cyclone,12.5547,94.8625,7.7,12820,50280.0,28458.8,11.9,2012,55
Flood,8.7234,103.2908,5.8,4234,13733.4,9925.9,10.5,2010,7
Cyclone,25.0693,93.8756,5.5,31532,119708.4,70343.5,12.1,2013,26
Landslide,19.8976,100.3151,7.0,45075,188154.7,112280.4,11.6,2005,47
Earthquake,-6.5679,131.4046,5.1,17541,57106.6,36018.3,13.0,2012,7
Flood,-6.7745,112.7893,7.6,35713,127856.6,71643.7,15.3,2026,60
Tsunami,2.898,102.6318,6.4,2337,7536.8,5881.5,13.5,2013,32
Flood,15.5388,103.6411,6.5,4088,14543.0,9754.9,11.2,2026,40
Landslide,-7.1058,125.8542,4.7,10528,36721.1,25678.6,10.2,2026,7
Landslide,21.6606,106.5988,5.3,13184,49734.8,28745.3,9.7,2007,23
Earthquake,24.2948,100.9689,7.2,37153,141583.0,96047.3,15.6,2005,31
Typhoon,21.6807,107.3929,8.0,15660,64229.9,33927.0,13.5,2025,41
Drought,14.4283,104.1983,7.7,27997,112703.4,61753.3,13.4,2009,57
Landslide,-7.2202,119.4718,7.1,42493,158537.5,91841.9,15.8,2012,21
Landslide,13.7762,121.7383,7.4,9800,38193.7,21841.4,15.4,2013,41
Flood,18.3397,95.6818,8.1,30187,102116.1,73888.5,13.1,2011,76
Earthquake,10.0319,117.2822,7.8,33703,114396.1,86964.2,16.7,2010,55
Typhoon,17.3272,118.3424,6.8,34994,133015.1,71752.9,14.6,2005,40
Tsunami,-10.3616,133.7461,6.1,14328,57636.3,33100.9,13.8,2022,33
Flood,13.8707,104.2448,5.5,35319,141329.2,74352.4,9.0,2012,23
Typhoon,20.0496,103.1626,7.3,28300,93114.8,70085.3,13.8,2012,16
Flood,15.0176,107.3931,6.0,3626,13849.3,8860.1,12.1,2007,28
Cyclone,18.6826,97.097,4.9,11697,41731.2,25184.5,8.3,2008,5
Landslide,11.6593,108.2633,5.6,15644,54239.6,39438.2,10.3,2025,5
Landslide,15.4358,93.709,6.1,6602,23702.1,13614.6,10.1,2008,9
Earthquake,10.6725,100.6137,7.2,1995,7144.5,4663.6,13.0,2008,50
Flood,16.2119,125.2619,5.7,17016,61646.6,38640.2,11.3,2021,9
Volcanic Eruption,-2.6372,127.3292,6.2,6118,24495.4,12384.2,12.9,2025,19
Landslide,18.3165,98.9803,7.0,14109,52270.5,32120.0,11.2,2015,13
Flash Flood,4.2975,115.2424,6.4,2951,12233.6,6073.0,10.8,2019,18
Tropical Cyclone,8.8158,99.3049,7.0,10495,40647.4,26337.1,11.5,2010,29
Typhoon,19.1329,103.8617,6.4,14563,53173.9,31256.6,11.0,2019,40
Flood,15.456,124.8043,6.8,12503,51442.1,30286.5,12.4,2008,48
Typhoon,12.4395,104.6658,6.6,41810,173287.4,85009.9,13.2,2005,34
Flood,27.4751,100.3582,7.3,11789,40467.5,26938.6,12.5,2010,58
Landslide,17.5924,97.9209,6.9,40296,136772.9,82205.9,12.5,2005,39
Cyclone,13.0753,99.0549,6.1,40366,133027.8,89182.2,10.2,2013,25
Typhoon,6.3226,125.8078,4.7,29437,117462.8,70479.1,10.8,2022,8
Landslide,3.6073,116.0769,4.6,9451,33080.3,19223.4,11.7,2012,3
Volcanic Eruption,12.9468,122.7451,5.7,16260,52137.0,40214.5,10.8,2019,9
Earthquake,14.8627,94.4378,7.5,11547,38021.3,23764.1,13.1,2006,48
Landslide,6.1028,111.5052,5.4,23228,86761.3,57802.0,10.6,2017,16
Landslide,16.7766,100.6022,6.2,4962,20632.4,12573.8,11.5,2010,29
Flood,17.8809,99.5585,5.2,22884,78742.1,53948.0,8.5,2021,12
Landslide,22.2734,97.4459,5.3,9255,37919.1,23966.0,10.5,2018,21
Earthquake,-3.6661,106.9932,5.8,25595,93349.8,61253.5,12.2,2021,21
Tropical Cyclone,7.7143,104.1532,7.6,28437,93571.0,71883.7,11.6,2024,32
Landslide,1.9782,111.8103,5.2,32142,134784.4,72824.8,7.8,2006,13
Tsunami,-3.4688,99.8444,5.8,12188,50358.1,26422.6,9.9,2011,16
Landslide,11.229,106.5007,6.9,43704,178297.6,95019.8,11.4,2013,35
Flood,27.3789,99.0847,5.3,25631,102617.3,62707.9,9.8,2010,13
Earthquake,19.9443,96.5138,7.8,52721,179433.7,136059.6,13.0,2012,42
Landslide,15.6944,98.4618,5.3,33343,138584.0,79902.1,9.0,2009,18
Drought,12.9342,99.581,7.5,1852,6981.4,3896.4,12.8,2024,37
Cyclone,26.6776,96.6546,7.3,43411,173543.5,108474.1,13.0,2018,43
Cyclone,21.9775,95.0234,6.8,4292,14504.2,10774.0,9.4,2009,39
Flood,19.5916,100.5571,7.2,20940,85162.0,50955.9,11.1,2011,12
Tsunami,1.6403,138.364,8.1,15227,62546.2,36828.1,13.5,2026,98
Landslide,4.6598,99.9116,6.7,38746,161075.4,78653.9,11.8,2007,44
Drought,12.0862,103.4488,6.1,33569,126915.5,75792.5,9.4,2012,12
Cyclone,15.3962,96.0772,6.7,24611,80998.2,57256.9,11.1,2016,15
Landslide,25.4127,101.4145,6.8,10612,40065.2,22845.8,14.3,2012,37
Landslide,7.3793,102.6841,7.8,49267,198126.0,108249.2,11.0,2008,15
Volcanic Eruption,18.756,119.3276,8.9,44101,183875.9,107376.4,13.3,2007,158
Earthquake,13.1831,100.3875,8.4,26394,85008.1,53151.8,13.4,2012,152
Landslide,10.8167,105.2874,5.3,16776,70279.9,36407.4,10.7,2006,8
Flood,-3.841,99.7937,6.3,25887,98357.5,63324.5,10.3,2017,36
Volcanic Eruption,3.9906,95.3674,5.9,22593,87788.7,56181.3,12.7,2025,24
Flood,-9.4971,123.8655,6.6,39867,153150.3,94859.6,11.0,2023,31
Drought,15.2467,100.026,6.4,2347,7632.0,5384.3,9.4,2020,42
Landslide,10.21,99.1984,5.1,25182,98161.3,59512.7,10.6,2015,10
Flood,5.5057,99.8482,6.5,31280,103369.8,73882.3,10.4,2014,24
Flood,4.2979,100.814,8.6,31341,106333.1,64093.7,13.2,2008,184
Typhoon,10.2878,119.8124,6.5,31348,108098.3,62778.2,11.8,2015,29
Landslide,11.8337,106.8685,8.1,54851,187000.1,115847.2,11.7,2011,147
Earthquake,17.2336,122.1433,8.9,46926,151079.8,103450.4,14.8,2019,152
Earthquake,16.3055,100.2036,6.5,34323,118040.6,89178.2,12.1,2023,31
Flood,6.7374,113.35,6.5,29027,121162.6,58675.2,11.9,2017,42
Cyclone,13.8815,99.8936,5.9,1353,4911.4,3484.2,10.5,2022,32
Landslide,6.9751,118.3272,6.4,8125,30275.9,21047.2,13.2,2017,9
Cyclone,10.267,98.1065,6.7,19480,72904.5,45381.0,11.4,2014,31
Coastal Surge,1.3248,103.6191,8.4,5404,20724.3,11223.5,11.3,2020,87
Volcanic Eruption,15.2872,119.1006,6.5,37616,143400.3,94103.5,13.2,2005,16
Flood,15.3301,103.4697,6.8,41768,137114.2,90567.4,9.5,2024,8
Cyclone,20.5809,100.6877,7.2,27172,87087.6,57721.0,12.7,2013,22
Landslide,6.1534,102.4189,6.2,35526,127961.1,74772.1,10.0,2019,11
Cyclone,11.7039,97.2816,6.3,36914,140660.3,88270.2,9.7,2008,15
Typhoon,22.0261,102.2762,6.0,31292,129480.8,78110.7,12.3,2013,19
Landslide,26.2937,99.4167,8.4,36934,123952.5,95366.9,15.2,2025,139
Flood,6.0374,109.4046,7.7,4663,16339.2,10699.3,10.5,2024,60
Flood,17.7452,120.8524,7.2,14502,48232.1,31281.1,11.5,2018,47
Flash Flood,19.2861,102.7053,7.2,6389,25744.2,14125.4,15.1,2018,54
Volcanic Eruption,-0.9314,97.0865,7.3,25516,86488.8,54877.6,12.3,2013,20
Landslide,15.3519,96.3729,7.1,1479,4806.6,3080.2,13.1,2021,40
Volcanic Eruption,5.1704,118.8727,7.1,14505,58726.4,35831.6,14.5,2005,14
Cyclone,23.6715,96.0106,8.5,55960,193053.4,145057.1,14.5,2006,111
Flood,25.1007,97.1963,7.9,47483,182433.2,112828.5,12.6,2025,28
Landslide,12.7288,106.8066,6.7,36626,146042.9,81185.4,10.6,2006,27
Volcanic Eruption,-2.3212,126.5617,8.4,38371,156396.2,80688.0,14.7,2020,117
Landslide,16.6085,101.3998,6.9,19442,66019.5,44612.8,11.2,2010,27
Tsunami,3.8989,115.9039,4.9,18427,68466.8,44959.0,10.2,2016,8
Cyclone,10.6313,92.6803,8.3,12811,47419.9,31704.7,11.3,2005,145
Cyclone,18.9527,98.0593,6.0,9556,35335.6,22603.8,11.7,2011,16
Flood,20.4214,101.639,7.7,3622,14134.7,9235.8,14.3,2014,45
Flood,11.9399,106.1103,5.1,16244,67365.6,40815.9,7.6,2011,14
Flood,11.3802,105.5963,8.1,17321,58133.0,43634.8,14.0,2010,141
Volcanic Eruption,8.7288,121.1567,4.1,11345,46125.2,23197.3,10.2,2015,0
Flood,22.9922,97.5514,5.9,23423,91184.2,47506.2,11.7,2026,14
Landslide,10.3527,99.1839,6.8,14893,49080.7,35042.0,11.6,2014,41
Earthquake,16.2455,92.6577,6.2,4134,15691.7,9154.1,9.9,2012,12
Earthquake,24.206,97.5073,6.9,31192,120713.5,70072.4,15.5,2018,46
Landslide,10.1552,92.833,6.3,19247,69454.9,45187.0,10.4,2022,17
Earthquake,8.7316,121.4901,5.2,27024,98264.1,63976.0,12.3,2016,18
Cyclone,13.5623,97.443,8.2,48727,198847.4,111625.1,11.9,2012,116
Tsunami,-3.4471,96.7904,7.6,38016,125183.5,96516.6,12.9,2024,52
Landslide,-6.9382,137.2559,6.4,38023,124771.9,85926.6,12.5,2005,26
Landslide,4.5503,114.8704,6.8,4972,16082.6,12462.5,12.7,2018,12
Flood,21.5112,96.6211,5.2,2271,7335.3,5421.7,10.0,2021,18
Landslide,11.6079,122.2849,7.8,24117,84859.1,55579.1,14.8,2007,45
Typhoon,17.5421,121.6894,5.8,6777,28422.6,17249.0,10.5,2014,21
Tsunami,3.3017,136.8794,7.0,44585,146797.7,106342.6,14.4,2021,13
Flood,3.9339,121.5935,6.2,23015,86639.8,56218.2,10.2,2009,32
Earthquake,24.609,94.5061,6.0,4243,17043.0,10187.7,12.4,2005,21
Flood,0.8626,127.3485,7.3,5708,18507.6,14253.6,12.5,2012,20
Flood,16.325,99.3858,6.1,6703,21960.5,14031.7,10.4,2012,8
Flood,26.4521,94.6151,7.5,36601,129500.1,82263.9,14.9,2022,13
Cyclone,15.7942,101.2696,6.4,23531,90843.7,51260.9,9.6,2022,37
Flood,8.5175,117.7334,6.2,11498,45838.4,26518.1,14.9,2013,16
Landslide,12.9207,100.2213,5.4,3656,12455.6,8627.7,9.0,2024,23
Landslide,22.782,104.783,5.4,34827,116457.3,71670.5,10.1,2014,6
Flood,19.994,96.4632,6.7,39773,164362.2,92411.0,9.1,2022,9
Flood,9.6207,99.9584,8.1,33849,126635.3,81604.5,12.4,2024,80
Cyclone,10.7181,93.1325,5.3,19705,65566.9,40543.7,10.0,2006,21
Flood,15.97,98.6006,6.7,39982,132399.2,98114.5,9.3,2021,27
Flood,25.8658,100.3798,5.3,12312,40461.9,26003.9,10.8,2022,11
Storm Surge,9.9957,103.0105,7.0,24057,99541.5,61253.1,12.7,2015,19
Flash Flood,19.6775,106.6912,7.9,5068,19962.2,10677.1,12.9,2018,50
Cyclone,13.5868,96.2112,9.0,10364,34228.3,26882.8,14.2,2012,117
Cyclone,26.7197,101.4144,6.2,15400,64061.6,34118.8,13.0,2016,29
Flood,15.6417,93.8545,7.9,35399,132122.0,84680.3,12.3,2016,63
Flood,23.0373,97.3508,7.4,43033,176341.6,96378.4,13.9,2021,35
Flood,14.1231,119.5921,8.2,24723,83585.1,59628.5,13.7,2007,51
Earthquake,21.6243,96.0864,5.2,23498,87116.9,50823.5,11.3,2022,19
Flood,20.7987,105.288,5.4,25692,90230.6,66040.1,10.4,2012,16
Flood,24.1406,97.0972,7.5,51456,204973.3,124919.9,15.3,2023,12
Flood,8.4749,98.7147,8.4,20714,82485.4,46052.8,12.8,2008,148
Typhoon,22.8222,102.8408,7.2,11515,45975.0,25683.4,12.9,2006,36
Landslide,18.7692,100.8649,7.5,16782,61935.4,41823.4,12.1,2008,27
Drought,11.7878,106.6071,7.1,43544,181411.8,100796.0,12.1,2017,24
Flash Flood,6.2103,117.678,5.6,27755,90905.5,65045.3,8.1,2017,10
Landslide,17.6414,100.3763,6.2,2922,10808.6,6923.3,11.6,2016,11
Cyclone,11.3394,95.8552,5.5,8389,30048.7,21712.1,9.6,2014,14
Tropical Cyclone,11.8405,100.5735,5.4,8083,29249.9,17894.1,9.1,2021,12
Earthquake,13.4607,96.9759,5.5,21116,72380.1,48396.2,10.2,2010,15
Landslide,18.5522,93.244,4.7,14524,50719.1,31443.2,8.4,2019,8
Landslide,23.5338,100.8546,7.7,51411,170608.0,124833.0,13.9,2013,27
Flash Flood,11.4966,104.9021,7.7,11616,40249.9,28281.5,12.9,2025,64
Flash Flood,12.3609,106.3573,6.2,24237,92026.2,55953.4,9.6,2006,11
Earthquake,14.556,101.2597,6.9,25403,93580.4,56581.3,13.1,2015,14
Flood,6.5587,104.6784,7.2,30523,103509.4,77396.3,11.7,2012,16
Tsunami,-3.4223,137.372,6.5,42322,169059.0,89279.8,13.0,2013,15
Volcanic Eruption,16.3359,121.5254,7.0,42032,171623.0,106518.4,13.0,2006,43
Cyclone,19.2321,92.8747,8.4,35493,145240.6,86912.1,12.5,2015,149
Landslide,15.3366,121.7435,6.0,32847,106328.4,74788.9,11.9,2008,6
Flood,16.199,105.2404,8.7,4576,15567.3,11716.6,15.3,2010,107
Flood,10.6479,97.647,6.5,30037,102378.2,60315.7,10.4,2026,37
Landslide,18.3471,100.6,8.6,19289,73050.1,44377.4,13.0,2020,145
Landslide,8.0463,121.8156,6.0,3144,12444.6,7382.1,12.2,2026,17
Typhoon,18.7851,119.5463,8.5,23538,91882.8,59139.0,15.5,2006,181
Landslide,14.5088,123.5991,5.1,17386,56037.2,43184.1,11.0,2020,14
Cyclone,21.3646,98.8046,6.0,35247,124686.9,76264.0,11.9,2026,8
Earthquake,11.4483,123.9458,5.5,5143,21222.4,12442.1,10.1,2017,15
Flood,23.5826,101.1786,6.1,15404,64441.9,31496.3,14.5,2008,18
Earthquake,-7.3987,110.1899,5.4,11637,37948.4,26328.5,10.8,2012,5
Earthquake,-6.1899,104.97,5.2,26372,104241.7,63615.9,11.0,2023,15
Typhoon,7.0386,118.0743,6.9,3647,13677.7,8410.1,12.4,2005,14
Landslide,15.0665,96.1453,8.6,21092,84395.9,50006.5,14.9,2007,76
Flood,4.2467,101.2894,8.1,50498,166616.2,119049.2,12.8,2017,132
Earthquake,-3.4341,135.6955,6.9,39316,147971.3,95988.7,15.0,2016,31
Volcanic Eruption,-3.8045,138.7422,7.8,27622,113641.5,68382.8,15.9,2022,36
Flash Flood,5.138,101.3762,5.9,35912,136970.5,79387.0,10.5,2022,8
Typhoon,11.8167,102.7126,7.3,10828,38852.9,23181.9,10.8,2009,35
Earthquake,25.0351,94.8158,5.8,17250,65260.7,36035.6,10.2,2021,25
Landslide,20.616,100.3335,7.2,5412,20574.6,12741.0,13.3,2023,14
Volcanic Eruption,-3.8061,134.2018,7.6,11992,39934.1,24534.4,13.3,2022,56
Volcanic Eruption,3.8193,137.728,7.1,6679,27064.0,15005.1,12.0,2006,14
Drought,12.3813,107.4941,5.7,23983,95345.6,53584.3,11.2,2011,23
Volcanic Eruption,6.6464,119.389,5.7,24237,83992.6,62046.9,11.1,2020,25
Cyclone,16.4465,97.5048,6.7,17011,68561.4,36833.2,11.0,2024,41
Earthquake,17.2447,100.0175,6.0,16867,56961.7,36718.8,10.4,2020,16
Cyclone,27.0394,99.3017,6.6,12720,41885.9,31563.5,12.9,2014,34
Cyclone,14.1496,96.2134,5.7,17625,57696.0,41437.4,8.8,2011,28
Landslide,-1.5085,121.0504,6.1,18458,59507.8,47944.8,13.2,2025,34
Landslide,24.7366,100.2237,6.8,9033,31623.8,20577.7,12.2,2010,46
Flood,22.8751,99.1131,5.4,15791,65985.5,34206.4,11.7,2009,6
Tsunami,-4.2918,113.5336,4.5,22752,79941.1,54999.8,10.2,2012,3
Flood,23.5847,96.3689,6.9,6332,22844.7,15322.2,15.0,2017,36
Flood,17.8283,92.6787,6.7,31534,128835.4,81757.9,11.2,2009,33
Tropical Cyclone,11.4729,103.9207,7.3,8164,30788.4,17291.0,13.1,2005,26
Flood,18.5449,95.9659,5.6,6596,21744.2,15855.4,10.8,2013,7
Tropical Cyclone,6.3703,102.0687,5.5,20461,71928.7,42609.2,8.0,2008,5
Flood,13.078,101.1217,6.7,5749,21601.3,14662.7,9.4,2019,35
Flood,16.9573,100.9712,9.1,25063,83753.2,60360.3,13.8,2016,174
Earthquake,26.9681,99.2875,8.9,18937,75740.0,46151.9,16.7,2008,93
Volcanic Eruption,-6.1308,133.6793,8.6,27403,106745.7,58675.3,13.3,2005,116
Cyclone,18.2089,100.6768,4.8,19937,77108.1,48900.1,10.6,2011,9
Flood,6.5365,126.4089,7.3,34061,123732.9,75231.2,14.2,2016,27
Cyclone,17.9351,97.1192,6.6,6313,23729.3,15174.3,9.6,2013,39
Typhoon,13.5015,103.3599,6.7,19494,73091.1,46459.9,11.5,2006,21
Flood,13.8741,101.926,7.0,29566,114893.5,67966.9,12.0,2023,21
Landslide,14.0575,96.1454,5.6,32838,118071.7,80204.6,10.8,2018,14
Landslide,11.2245,98.4781,6.2,26749,103341.8,55498.2,11.6,2026,20
Tsunami,-2.8872,99.6575,6.4,23980,93773.6,58987.6,11.1,2017,19
Flood,27.2439,95.3179,5.4,28765,97330.5,59355.4,11.2,2006,17
Earthquake,13.9602,101.1675,6.6,36264,136893.2,78209.3,10.0,2007,27
Flood,8.8706,103.8368,5.7,9662,39044.4,20806.0,8.9,2024,7
Cyclone,11.1783,94.467,6.1,41162,172184.9,84838.5,11.5,2023,11
Earthquake,13.3725,98.1727,7.6,38430,135914.5,95314.5,11.7,2006,23
Earthquake,14.9254,93.9514,4.9,32701,115899.6,79782.2,10.1,2007,11
Cyclone,10.4335,98.4046,6.9,13668,47820.4,35301.2,9.8,2017,52
Typhoon,18.1637,117.4739,7.4,15557,58790.0,31879.0,13.0,2010,24
Flash Flood,12.3185,104.1655,5.0,17863,70998.6,40690.5,7.9,2015,3
Flood,22.7257,102.336,5.7,2741,9842.3,6975.4,12.0,2016,5
Flood,17.786,100.9376,5.5,3984,13725.3,8935.7,10.9,2016,18
Typhoon,14.4268,105.1156,5.6,10550,39401.4,23110.2,10.1,2005,24
Cyclone,11.4836,95.3332,8.7,20478,74418.5,45788.0,13.0,2009,104
Volcanic Eruption,2.9104,101.2069,6.4,41182,140959.3,94430.4,12.6,2018,9
Drought,13.2665,104.0224,7.2,38661,155203.5,79455.9,13.4,2007,34
Tsunami,-1.0036,117.0855,7.8,25476,96323.0,55829.1,13.3,2008,57
Earthquake,25.4688,101.0087,7.1,43549,151246.2,104402.9,12.4,2024,24
Earthquake,24.1473,94.4903,8.7,43132,139609.5,99018.2,16.2,2005,128
Drought,19.8593,100.8109,8.4,1844,6158.1,4034.8,12.2,2010,90
Landslide,3.3651,107.8779,8.2,45510,182314.0,110904.2,13.8,2007,83
Landslide,16.3954,103.797,7.0,3088,9995.9,7996.7,14.2,2007,42
Cyclone,22.0234,97.8486,5.1,32228,131786.3,66449.7,12.8,2005,12
Typhoon,16.7183,103.0099,7.5,29007,100055.4,69996.4,12.9,2010,32
Flood,15.3846,106.2884,7.2,48434,157904.1,117715.6,11.4,2010,44
Flood,14.5187,96.7092,4.7,8042,29892.4,19129.2,8.8,2015,6
Flood,10.8579,107.0307,5.4,22346,71833.0,48344.0,11.7,2025,13
Landslide,6.7902,116.2796,6.6,39196,162179.8,86320.2,9.5,2023,22
Volcanic Eruption,2.6102,100.2768,5.3,2859,11359.6,6780.3,13.3,2021,5
Earthquake,27.2989,97.6989,7.5,40636,159934.5,102118.2,15.1,2019,51
Earthquake,23.259,100.2965,4.8,26331,105025.4,64054.8,10.7,2010,5
Flood,25.1457,94.5482,7.3,21540,79147.4,49746.5,15.3,2019,26
Landslide,0.7178,140.3381,7.7,3574,14587.2,8657.4,14.8,2017,58
Flood,19.3922,99.9397,7.1,22528,91303.9,56825.3,12.3,2011,23
Cyclone,18.1245,94.3443,9.0,21177,82125.1,43352.6,12.6,2012,121
Flood,23.0873,95.1599,4.9,16351,60415.1,33808.1,11.3,2021,14
Earthquake,-4.9399,117.5071,4.9,14137,50733.2,35696.4,12.2,2016,13
Earthquake,18.9032,93.5923,5.7,11515,39574.0,26443.2,9.8,2019,25
Flood,20.2698,105.785,6.0,4726,16454.6,11008.8,10.7,2025,26
Landslide,4.9822,115.0893,4.4,4136,16378.7,10480.8,8.7,2023,1
Flood,18.6675,102.3305,7.9,2760,11048.6,5620.5,15.8,2013,59
Tropical Cyclone,10.6497,99.7429,7.8,3354,12304.6,8407.2,10.9,2023,53
Flood,18.5837,103.3853,5.7,2722,11263.9,5728.3,10.7,2019,7
Landslide,19.8174,96.8501,8.1,55403,190842.0,111378.2,12.4,2016,170
Flood,11.0506,99.8244,6.6,9650,35221.1,21237.7,10.8,2013,21
Volcanic Eruption,6.4314,123.829,5.7,25786,104084.1,62531.3,12.0,2010,8
Landslide,15.664,94.5838,7.5,24759,81839.2,62602.0,12.3,2018,58
Volcanic Eruption,9.7801,122.2386,5.7,6366,26440.5,13263.2,14.3,2017,14
Tsunami,-9.5344,121.2336,6.3,26315,88746.3,64747.2,14.0,2026,24
Flood,20.1204,92.9076,6.2,6420,24018.3,13072.1,12.5,2020,7
Tropical Cyclone,14.4199,103.1264,5.5,32760,112482.2,75525.8,11.5,2011,20
Landslide,-2.7011,114.3951,4.2,26292,109294.1,64771.9,11.2,2021,0
Landslide,12.5241,97.3565,7.2,31115,126412.0,80355.5,11.1,2023,15
Earthquake,13.425,93.2523,7.8,10492,43812.9,23467.0,12.5,2021,65
Earthquake,-5.8997,123.3558,6.8,13334,50579.7,30678.4,14.9,2014,39
Storm Surge,18.2176,103.774,7.5,40315,136105.6,103901.5,11.6,2014,23
Landslide,14.6123,117.7889,4.6,19703,75977.9,50314.0,11.3,2021,6
Cyclone,12.1,93.2437,6.7,46104,157903.2,108441.7,12.3,2008,40
Flood,19.9334,104.9531,6.9,37867,132264.9,78917.2,10.2,2021,48
Flood,22.0439,101.1715,6.0,1993,7561.5,4184.2,15.0,2012,11
Typhoon,17.8412,108.7092,8.0,14841,58508.3,36775.4,12.4,2017,15
Volcanic Eruption,15.1393,118.8263,6.2,41897,153003.7,85226.5,12.0,2013,36
Flash Flood,1.2781,106.5482,5.7,10132,41310.6,24124.9,8.0,2007,26
Landslide,21.7494,97.8668,6.2,8720,34407.9,20014.6,10.8,2017,37
Landslide,-0.9603,117.8004,6.5,22869,83264.4,48541.2,12.7,2024,27
Drought,11.2657,104.8331,8.7,40829,137691.5,92911.3,14.5,2023,141
Earthquake,16.9656,98.346,5.9,9952,32104.3,21014.9,11.1,2008,13
Flood,10.8561,93.8343,7.1,4836,16178.2,9766.1,12.0,2015,52
Landslide,19.8102,104.884,8.0,50928,184030.3,104184.9,12.3,2020,49
Landslide,13.8302,99.7742,6.1,2782,10491.0,5999.7,10.5,2020,25
Volcanic Eruption,8.4406,123.9299,7.7,28225,110290.4,69996.6,13.0,2021,32
Flood,14.6289,95.4702,7.2,44684,183168.4,102547.4,10.6,2014,42
Flood,13.397,100.1029,8.3,3811,13742.7,9670.0,12.1,2006,140
Landslide,23.9644,97.873,7.6,38740,131273.2,97985.0,13.4,2025,31
Typhoon,6.1715,126.1521,5.8,20978,83830.6,53927.2,13.5,2015,15
Typhoon,19.042,126.3144,6.4,6228,24116.8,16149.0,13.1,2009,26
Flash Flood,11.6446,103.3823,8.2,15347,63232.2,34030.2,13.1,2022,115
Flood,17.3782,124.0237,7.2,18730,74754.9,45201.7,12.5,2012,25
Landslide,2.0702,114.765,5.8,30833,123364.4,67772.7,10.3,2011,25
Flood,26.5651,92.6862,5.4,19353,65200.7,42100.3,10.2,2018,8
Cyclone,11.6693,94.0233,7.9,52298,198387.7,107228.3,12.9,2021,53
Flood,15.7235,94.8431,5.3,20884,76261.1,47350.8,11.1,2017,7
Typhoon,16.1185,119.6021,6.6,12220,42865.5,29720.1,13.3,2017,31
Volcanic Eruption,-4.8427,123.5902,7.4,28159,114147.3,71644.2,15.5,2025,16
Cyclone,10.1725,95.5385,7.0,26829,93477.3,57532.3,11.0,2013,50
Earthquake,21.7373,96.9054,8.5,36616,139029.9,86662.2,13.0,2019,161
Landslide,19.196,104.0245,6.5,5947,20597.6,11945.2,12.5,2019,24
Flood,2.2602,103.7228,7.2,49036,190639.4,110498.4,11.9,2014,12
Volcanic Eruption,11.2974,120.0189,5.8,17000,63940.3,41127.2,12.6,2025,29
Earthquake,11.789,93.2857,6.5,44957,162206.8,90622.4,9.7,2024,36
Landslide,18.0536,97.6852,7.4,29404,113096.6,75019.5,12.2,2014,30
Flood,-5.2647,113.7388,4.8,15345,59927.4,34812.0,9.7,2017,11
Landslide,16.5504,95.7805,8.0,29856,98784.4,67568.4,12.7,2016,56
Flood,10.9538,92.5343,5.1,33127,112621.0,66765.5,8.1,2007,11
Volcanic Eruption,18.5414,117.7133,8.3,24845,103597.5,56792.2,14.9,2014,112
Landslide,11.7595,99.4369,4.3,9761,35207.0,24998.1,9.4,2011,4
Flood,8.5988,109.0779,7.3,44067,150405.5,93767.7,12.6,2025,42
Volcanic Eruption,-8.2678,137.6854,8.2,42613,154804.1,86287.2,16.9,2024,124
Typhoon,7.6321,120.9293,8.1,32634,122937.4,66999.5,15.3,2005,127
Flood,17.13,104.0226,8.4,55277,201810.6,142941.0,11.8,2022,122
Flood,14.223,106.7449,6.3,38361,136562.1,84944.2,9.8,2022,18
Landslide,15.2504,98.9256,7.2,15658,61089.6,34856.6,12.8,2022,28
Earthquake,6.5766,123.7521,7.4,19359,77815.3,43317.7,14.8,2015,31
Landslide,17.0434,106.5724,7.3,570,1862.8,1332.3,14.1,2024,18
Landslide,8.9912,98.5721,7.2,28761,92436.8,63082.6,11.0,2018,29
Landslide,10.6276,102.8241,6.8,36885,129926.4,90403.8,10.9,2008,50
Landslide,15.4122,101.1264,6.3,11337,42342.7,24281.9,9.6,2017,38
Landslide,13.8604,93.2129,7.0,48798,193461.5,124238.4,12.6,2014,38
Earthquake,-4.7086,133.6397,6.2,13445,43135.0,29794.0,12.8,2011,31
Flood,-6.3058,115.442,8.7,58655,214156.8,125712.6,16.8,2024,123
Drought,17.8087,102.3368,7.4,17350,61712.5,40684.0,12.0,2026,45
Earthquake,14.7385,123.0384,8.0,25432,81561.2,65946.0,14.3,2008,56
Flood,18.8181,98.7488,6.2,10618,42055.5,24818.2,11.7,2018,28
Landslide,-3.27,95.2325,6.8,20038,70736.5,43807.2,13.4,2005,46
Flash Flood,11.141,106.1228,7.8,17362,56445.9,42596.9,11.5,2006,67
Flash Flood,18.1496,102.8189,4.9,4607,18214.3,11696.9,11.4,2023,15
Flood,15.6503,97.3599,8.5,12438,45744.4,30463.5,13.4,2012,86
Cyclone,23.3743,97.3733,4.8,31302,111785.6,68527.9,13.2,2023,12
Earthquake,21.3163,94.2526,5.3,6464,23029.3,15948.5,8.6,2010,14
Typhoon,15.381,106.2018,5.2,4814,18587.8,10135.9,10.2,2014,18
Landslide,18.7962,92.668,7.1,18146,75530.5,39285.7,11.5,2023,29
Earthquake,11.695,94.8081,8.2,45613,151447.8,98900.2,12.9,2011,68
Landslide,18.3168,125.0078,6.9,46235,166513.6,105182.2,13.4,2014,25
Flood,8.8578,103.9922,6.7,14714,60344.1,36875.8,10.1,2024,29
Landslide,22.7096,106.6772,7.8,32557,111837.2,74906.7,14.7,2025,17
Earthquake,27.0642,100.5765,6.3,25541,97615.6,53538.7,11.9,2023,7
Cyclone,21.9713,97.3528,6.9,6152,25245.3,14278.9,10.0,2020,33
Drought,12.6195,104.4477,6.9,5340,21756.4,12975.9,12.2,2011,48
Earthquake,-8.7911,118.868,5.0,28240,107631.0,72374.6,11.2,2009,14
Flood,11.349,98.2913,5.8,15368,51595.9,36287.1,11.2,2018,27
Flood,5.4633,119.5927,4.8,17819,65081.6,44218.2,10.9,2008,10
Landslide,-5.5897,119.4356,6.3,40042,158235.0,84347.1,10.5,2007,28
Cyclone,22.9057,94.366,7.0,39442,142545.0,86783.3,13.9,2005,37
Earthquake,1.8944,105.9809,6.7,1827,6868.0,3953.1,14.3,2017,20
Flood,18.2319,98.637,7.1,29575,118427.1,70286.1,11.2,2013,28
Drought,13.8809,103.2425,6.7,20752,71854.7,49657.0,12.1,2008,44
Typhoon,9.6263,105.5243,6.5,30361,110444.6,68902.6,11.7,2023,12
Volcanic Eruption,14.2646,117.1882,5.4,19600,78115.7,49839.3,12.1,2013,18
Earthquake,22.7486,94.424,6.9,18652,66820.0,39307.3,13.2,2019,24
Landslide,11.747,105.718,7.5,26670,89066.2,61196.5,11.4,2007,41
Typhoon,8.3009,118.6819,6.9,39382,155496.6,95837.6,14.0,2020,47
Landslide,15.1887,100.6086,8.6,55435,203335.8,115397.5,13.3,2013,167
Flash Flood,2.907,118.4252,5.4,35462,131599.4,77660.6,9.8,2015,23
Typhoon,5.869,119.3324,6.1,30136,121281.5,61678.7,13.3,2021,24
Flood,13.8129,105.2872,7.1,34501,126164.3,69429.7,11.7,2011,54
Flash Flood,6.9938,99.7272,7.0,45404,167292.3,109446.3,12.3,2020,16
Flood,16.6618,108.7945,8.7,43639,165947.7,97352.6,13.0,2023,78
Drought,11.5412,105.8743,5.1,35312,134808.9,85568.6,9.6,2014,14
Flood,1.5995,97.751,5.1,9023,37368.2,21292.7,10.9,2008,17
Landslide,22.3428,108.2421,7.7,11993,40422.8,24989.3,14.4,2010,61
Landslide,16.6664,98.0759,7.2,5055,16330.9,10488.6,11.2,2015,50
Flood,8.781,125.4248,7.2,20730,72225.1,44040.7,15.5,2025,56
Cyclone,10.7182,101.215,8.0,21568,73178.7,48904.6,12.4,2024,32
Flood,2.9259,114.0906,6.1,40823,162367.6,103557.8,13.2,2021,7
Flash Flood,14.5317,100.6226,6.2,2109,7941.5,5141.2,13.2,2013,12
Earthquake,17.6672,95.0581,6.6,7719,27206.0,19028.5,10.1,2009,30
Landslide,12.5465,94.4212,6.9,35772,116702.6,88897.7,13.0,2011,11
Flood,16.1852,100.7263,7.5,567,2153.1,1343.1,14.0,2021,38
Cyclone,26.8065,100.6714,8.2,24608,88386.1,58218.7,15.0,2007,61
Cyclone,13.3224,96.456,8.0,31579,115621.7,71162.6,11.9,2021,66
Flood,1.711,140.3526,6.1,13550,48800.0,28134.6,12.7,2022,9
Landslide,15.0373,98.5978,5.8,24275,96441.2,48727.8,10.8,2005,12
Landslide,6.5035,124.6974,7.2,19948,79727.4,41885.8,13.2,2015,51
Volcanic Eruption,-8.117,114.7199,7.5,31051,124940.7,80009.5,12.0,2022,32
Flood,13.1289,99.3439,7.2,10363,42750.4,23481.7,12.1,2010,18
Typhoon,12.8741,120.4342,8.5,5271,20784.2,12149.1,14.8,2025,131
Volcanic Eruption,-9.5258,110.8813,7.6,24842,87484.8,55251.1,14.1,2025,23
Cyclone,26.1741,100.7843,7.8,50091,178647.7,117895.6,15.0,2010,58
Volcanic Eruption,-2.1899,102.5117,7.4,43028,159014.7,100533.9,13.3,2011,30
Flood,12.6763,105.1952,7.1,9830,37322.8,24743.1,10.8,2025,47
Flood,10.659,92.9002,7.5,49564,188669.3,127074.0,13.0,2021,55
Drought,13.2721,102.779,7.4,29508,104680.5,73829.5,10.0,2017,60
Flood,5.8941,114.5417,8.0,37131,126050.9,95889.1,13.3,2026,44
Flash Flood,11.6258,103.9552,6.6,17431,63763.3,39596.9,10.2,2009,26
Cyclone,17.7644,98.746,8.1,6502,22915.5,13222.9,12.2,2012,136
Earthquake,11.408,96.6368,7.5,21466,72482.5,43438.6,11.1,2017,57
Flood,-2.5339,110.5894,7.2,41914,143739.0,102848.0,13.5,2015,44
Flood,3.6979,103.5475,6.5,17908,58810.6,39106.4,11.1,2024,44
Volcanic Eruption,-9.6411,120.7887,7.7,18583,65874.4,44599.5,13.5,2016,39
Flood,14.3582,106.7552,7.9,44609,182910.3,115292.2,12.7,2015,20
Landslide,13.1867,123.6205,7.9,9152,31182.5,19729.8,14.2,2021,61
Earthquake,22.8163,93.3112,6.1,34440,116257.0,71611.0,13.5,2021,22
Tropical Cyclone,7.4808,102.0998,5.3,7375,24859.1,16652.2,11.5,2014,18
Flood,16.3682,100.7614,6.4,29664,115063.6,60260.0,10.8,2015,10
Tsunami,-0.0792,107.3028,7.1,5698,22119.5,13750.8,14.3,2020,50
Earthquake,19.4755,96.7804,6.9,32395,114697.6,71522.3,11.1,2020,17
Volcanic Eruption,15.7962,124.1779,7.9,32731,121568.2,80968.4,15.4,2012,41
Earthquake,21.4596,99.0803,8.2,13429,43859.6,34705.4,14.1,2011,162
Landslide,12.1298,97.4297,7.7,20649,73772.1,51170.6,12.5,2012,60
Cyclone,11.9979,96.5446,6.3,32975,129488.7,85244.2,10.3,2022,20
Earthquake,-5.4527,135.441,7.5,4545,18880.4,11161.7,14.0,2011,13
Landslide,0.8313,125.8277,6.6,44861,182787.4,104204.4,14.9,2010,32
Drought,19.3913,98.4342,8.2,13533,48073.9,31884.5,13.0,2012,104
Landslide,16.4827,104.1329,6.2,6697,25258.8,14508.0,11.2,2009,34
Flood,1.4582,101.5508,7.3,12246,39281.7,31025.9,13.8,2026,55
Volcanic Eruption,19.2812,117.0673,7.2,11923,46108.9,29210.2,11.9,2007,29
Volcanic Eruption,10.8356,118.4761,8.1,29487,112878.3,61053.9,12.9,2011,160
Flood,2.0998,112.1145,5.9,39922,157278.3,84316.4,9.9,2007,7
Flash Flood,5.6575,117.1284,6.3,31048,115215.1,74680.1,10.8,2014,29
Flood,9.9322,101.2409,5.7,33554,131999.5,72467.7,11.4,2005,20
Flood,14.0532,99.5109,8.9,9391,34026.2,19846.4,13.5,2013,83
Earthquake,17.0315,92.9049,7.9,3987,14113.8,8405.8,11.3,2017,26
Landslide,18.1124,107.1919,6.5,10639,42347.1,26129.9,10.0,2008,35
Landslide,2.0431,111.9288,6.7,26259,110067.3,64072.5,11.2,2022,43
Volcanic Eruption,17.7375,120.7515,6.1,39829,129293.3,93351.4,14.5,2020,20
Earthquake,18.683,94.3411,6.9,31564,107284.9,75836.6,11.7,2017,15
Coastal Surge,1.2425,103.7227,5.8,2294,8272.2,5176.8,8.6,2017,26
Volcanic Eruption,18.9346,122.9516,7.3,28928,92843.9,58998.3,14.4,2020,30
Flood,13.4932,92.7955,5.0,29192,110744.2,70302.8,8.0,2025,4
Flood,-3.7454,110.0653,8.3,54223,220687.7,123629.6,15.2,2009,146
Landslide,8.7862,119.453,7.7,26940,94784.1,55396.4,14.4,2024,24
Earthquake,17.9458,99.53,7.4,43418,177553.4,97294.5,11.6,2017,11
Flood,14.4963,125.9746,7.1,40178,162002.7,85559.1,15.9,2021,23
Flood,10.561,98.7012,6.7,17734,60277.8,45165.1,10.2,2014,34
Flood,11.6792,106.0064,5.2,29965,109784.7,62523.4,10.2,2014,7
Flood,-8.7637,120.8211,6.2,23091,90249.7,53989.8,14.4,2009,25
Earthquake,26.8327,93.4261,7.6,32558,109578.9,69136.9,14.8,2019,33
Landslide,19.0949,98.1867,6.7,17138,69985.8,36669.0,10.0,2008,9
Landslide,22.7517,95.4861,5.2,28544,107725.1,73341.5,10.9,2020,6
Landslide,14.6531,124.2629,7.3,9624,32854.7,24568.3,13.6,2026,26
Flood,-5.7155,118.5575,6.9,43115,158481.1,102627.0,11.7,2012,46
Typhoon,18.5283,105.0891,6.9,21390,75612.4,51780.2,12.5,2018,48
Landslide,14.8928,106.4276,8.5,654,2506.0,1682.3,15.8,2015,71
Landslide,27.0634,97.5854,7.0,44009,160253.5,90920.2,14.2,2009,34
Flood,12.7115,95.1621,7.6,52091,206846.8,130283.3,12.1,2015,58
Storm Surge,15.6584,106.7187,6.8,6759,26359.9,16957.2,10.8,2012,26
Earthquake,22.5488,94.6633,5.4,30784,100740.3,78959.7,12.7,2016,4
Volcanic Eruption,10.8036,124.0953,5.2,24616,86803.3,53257.7,12.5,2023,6
Drought,9.269,99.3028,7.2,28571,105725.4,71953.2,12.9,2021,34
Cyclone,21.905,93.531,8.0,29577,117379.2,65190.8,11.4,2005,69
Flash Flood,6.6071,115.7837,8.7,52262,215285.2,119773.9,13.1,2015,160
Tropical Cyclone,9.2352,104.4419,7.0,31676,108733.3,73804.1,10.1,2008,48
Volcanic Eruption,2.9836,128.3536,8.0,19771,72137.0,41832.0,13.6,2014,52
Flood,13.0241,99.3901,7.7,33970,132497.0,78940.2,10.6,2005,27
Landslide,21.7101,95.6404,6.6,41532,137434.3,87556.3,10.9,2017,37
Flash Flood,6.161,111.9156,4.7,27671,90635.5,65384.4,8.6,2007,2
Earthquake,19.3754,95.0802,6.7,39152,156849.5,99675.7,9.3,2009,17
Flood,5.6023,118.4615,6.1,32034,118557.0,70958.5,13.2,2019,33
Flood,5.3476,100.9805,8.2,7530,30127.8,16112.4,14.1,2006,141
Coastal Surge,1.2859,103.7753,6.6,718,2817.3,1695.0,11.5,2019,32
Flood,22.4623,94.9233,8.2,41080,132830.6,83093.3,14.4,2023,150
Landslide,16.0712,95.4389,6.3,43950,166378.1,111198.8,11.2,2021,8
Earthquake,25.2973,99.1181,7.6,43914,183919.4,101731.9,15.8,2024,14
Earthquake,21.6872,98.8859,6.8,27239,111443.8,68392.2,12.6,2025,15
Earthquake,18.0657,98.6321,8.9,41171,132980.7,101251.3,14.8,2005,190
Earthquake,25.085,97.1483,6.1,33497,107870.4,78392.8,13.3,2014,14
Landslide,18.0737,93.2429,7.1,42154,140805.1,105058.6,11.8,2005,37
Drought,13.5158,105.4446,6.4,2813,9978.6,5792.0,8.9,2007,12
Earthquake,14.6349,122.5599,6.7,10753,37858.0,24138.3,13.0,2026,46
Flood,19.6005,103.747,5.2,5748,22524.3,13899.7,11.7,2023,9
Earthquake,12.1905,95.2254,6.8,46152,177269.3,108691.9,10.8,2024,38
Typhoon,10.4635,120.279,7.0,21137,79010.9,54226.5,11.5,2022,43
Cyclone,26.4534,99.8184,7.0,41017,158697.6,82665.0,12.7,2015,13
Storm Surge,11.0738,105.6598,7.1,3832,14218.7,8888.9,12.5,2017,32
Landslide,3.6271,107.8191,6.5,3764,13388.3,9720.8,10.9,2022,36
Landslide,-6.765,126.0875,7.4,19607,76690.8,43735.9,13.7,2006,55
Flood,17.0416,120.5582,6.5,15509,61431.9,33412.5,12.0,2005,26
Flood,16.638,107.2519,4.7,2797,10858.4,6763.7,12.3,2007,10
Landslide,9.0008,121.9943,8.1,46839,168172.0,101612.3,15.8,2012,95
Flood,-7.0866,129.2852,6.7,45585,153641.3,97450.4,12.6,2023,27
Flood,1.2708,114.6972,4.7,28061,91613.6,61584.7,8.6,2016,2
Typhoon,18.6733,119.6018,7.0,45620,189730.2,115979.8,12.6,2017,41
Earthquake,-7.8224,110.4125,7.9,21565,86040.4,43279.6,16.9,2007,22
Flood,22.7549,104.4235,7.3,6102,23841.7,15192.9,12.5,2008,50
Cyclone,12.1834,95.8343,5.7,1838,6288.8,3697.8,10.3,2016,9
Cyclone,10.1801,93.6555,7.9,4503,18622.3,10206.8,12.4,2023,34
Landslide,26.0313,94.1334,6.9,45850,191151.2,104630.0,12.7,2008,46
Flood,3.8406,111.6236,8.8,46940,175456.6,106013.2,13.6,2021,136
Earthquake,24.166,98.4482,8.3,48843,199200.7,99601.9,14.5,2011,93
Drought,12.4476,106.3327,6.8,46476,176810.3,109212.8,10.5,2020,30
Volcanic Eruption,12.5239,118.5655,8.6,44147,157247.3,91216.1,17.1,2014,115
Cyclone,17.393,95.7564,5.5,17738,66651.0,38434.0,9.2,2019,20
Flood,11.6449,107.2156,5.2,9810,35228.6,22986.4,8.9,2005,6
Volcanic Eruption,-0.2906,109.8975,6.8,10715,38303.4,21974.2,11.3,2026,16
Earthquake,10.2835,96.4349,4.7,32001,130342.7,70281.9,8.6,2015,8
Landslide,3.8529,132.1821,5.5,23739,89334.3,47817.1,12.3,2011,23
Earthquake,17.3007,120.0605,6.8,13775,51316.8,29420.9,13.3,2009,33
Landslide,22.1884,97.446,6.1,41733,149452.7,91287.2,13.0,2015,24
Landslide,8.1544,99.1973,7.1,7074,23863.1,17532.1,10.2,2024,43
Typhoon,17.7083,124.1927,6.1,15619,55989.8,35026.1,12.4,2008,36
Landslide,-5.0487,127.176,5.7,37156,132837.0,79833.2,10.4,2007,13
Flood,12.9976,103.6702,5.2,17488,56005.7,44276.5,10.1,2021,10
Flash Flood,4.1479,114.712,6.2,3111,10846.6,7200.6,9.7,2025,12
Landslide,18.6027,101.2711,6.9,2754,10197.1,5730.1,11.3,2005,18
Tsunami,-1.688,132.1196,7.7,3825,13434.1,8024.6,13.9,2009,29
Flood,6.3606,115.6539,6.4,29747,101957.3,68201.9,10.6,2014,35
Tsunami,-9.8691,108.195,7.9,5138,17277.9,11896.5,14.9,2025,42
Flood,15.8767,120.7349,6.4,38848,124918.7,99575.3,13.6,2015,20
Landslide,21.5136,97.2324,7.3,25948,84307.3,55332.4,11.4,2011,42
Landslide,5.2519,125.996,5.6,5675,21362.0,12625.3,10.4,2008,15
Landslide,17.9961,95.7027,8.1,11806,44993.9,25200.5,13.7,2025,118
Flash Flood,14.1965,105.2318,5.8,18601,70577.7,43924.7,10.2,2005,21
Landslide,1.5098,112.1685,6.5,9440,36004.8,18895.8,12.7,2017,44
Earthquake,1.4646,104.4582,7.9,17552,63421.5,38307.7,15.9,2022,63
Flood,26.8532,95.9961,5.9,13577,48443.8,27324.6,12.6,2019,17
Volcanic Eruption,-1.3762,130.1454,5.4,15922,52150.7,34976.0,12.7,2024,15
Flood,0.151,119.5418,5.8,13120,47692.2,26477.1,10.4,2019,10
Cyclone,18.6873,94.5141,6.0,32137,130224.2,77096.8,11.5,2016,34
Flood,13.6012,99.2709,7.7,7854,29667.3,19475.6,12.0,2011,36
Landslide,24.8558,93.1421,5.5,17551,61665.1,41978.6,12.7,2017,10
Volcanic Eruption,8.111,118.9209,7.6,29620,102151.4,63145.6,13.8,2023,15
Volcanic Eruption,7.3952,124.816,4.9,13636,47458.2,34780.8,12.6,2023,3
Landslide,10.474,124.0181,5.9,9296,34741.2,22352.8,10.5,2019,25
Earthquake,26.1269,95.6592,5.6,11634,43817.4,26065.6,10.9,2005,7
Drought,14.2439,98.0224,6.1,18002,72253.4,37478.9,10.2,2017,26
Cyclone,11.9413,100.8448,5.3,10912,38000.6,27681.2,8.6,2016,21
Cyclone,17.9147,97.7009,4.6,14914,54392.6,34094.7,7.5,2009,9
Flood,12.2324,99.9458,6.2,18524,76440.8,45149.7,11.1,2021,8
Tsunami,-5.0991,109.1043,8.2,32603,119592.8,67109.8,16.0,2008,140
Cyclone,13.0774,94.2795,5.4,14480,56471.5,35066.5,8.0,2015,20
Earthquake,25.5769,97.561,7.1,43875,182096.8,97315.0,11.4,2019,24
Cyclone,10.2093,93.3793,5.2,31434,111638.4,76546.5,7.9,2024,5
Cyclone,11.5824,99.7684,6.1,4444,15176.4,11172.0,10.0,2016,18
Landslide,18.7861,99.529,7.3,36370,120445.5,76642.6,12.1,2026,13
Tropical Cyclone,18.0408,100.337,6.2,23254,79293.4,57277.8,9.9,2014,14
Earthquake,13.0622,117.0867,6.0,22990,88865.8,52148.9,14.2,2024,6
Flood,13.3017,96.7728,6.6,9888,33346.5,23057.0,12.0,2007,13
Earthquake,5.4855,115.9958,7.5,26853,106755.7,54337.9,13.3,2018,37
Drought,10.5907,101.5883,6.5,45479,181140.2,114562.5,11.5,2016,33
Flash Flood,1.3774,103.6877,7.3,1903,6888.4,4467.9,12.4,2025,58
Flood,10.0207,122.6511,7.0,8828,31543.9,18696.8,12.2,2005,45
Earthquake,26.5823,97.5725,6.9,18403,74287.3,45754.3,15.1,2010,30
Landslide,13.1497,93.7189,7.1,40538,144901.5,102755.7,12.3,2017,26
Volcanic Eruption,1.2656,118.58,7.1,37456,134280.2,80739.0,13.4,2019,43
Flash Flood,14.0471,105.6468,7.7,52652,211627.3,112737.3,13.0,2014,42
Earthquake,20.1939,93.8328,5.4,22898,81623.4,58615.5,10.0,2016,8
Earthquake,19.2911,95.1693,7.4,21571,86018.5,44189.8,13.3,2006,36
Landslide,15.5311,101.326,7.4,3202,10575.1,7196.2,11.0,2007,50
Typhoon,20.6108,108.9902,7.7,6033,20839.7,13897.6,12.3,2024,21
Landslide,-2.507,99.6504,4.7,15483,53775.2,36204.7,10.2,2016,2
Landslide,-7.8756,129.5485,6.4,27563,90855.4,56235.7,12.6,2014,37
Landslide,17.6595,100.57,5.5,10862,37982.8,21798.0,10.5,2009,5
Flash Flood,2.2492,113.4246,6.2,42395,175258.2,96433.8,11.0,2020,32
Earthquake,16.9573,98.9437,6.5,34195,122173.0,74230.2,11.5,2022,10
Earthquake,12.3875,94.8256,7.6,19050,73233.8,38582.7,13.2,2006,57
Landslide,11.0956,92.9964,7.8,41143,152389.5,84138.8,13.4,2015,58
Earthquake,10.0145,117.7574,8.2,27191,105857.3,57283.0,16.2,2020,108
Tsunami,-10.3993,140.2243,6.7,21229,85577.5,48032.3,12.1,2018,15
Tsunami,0.784,126.906,5.9,5981,24917.4,14873.8,10.4,2024,12
Flash Flood,12.6257,104.1665,5.4,3175,13159.5,6530.0,9.5,2018,9
Landslide,11.1937,100.0539,6.7,42767,162764.4,90162.4,11.7,2026,29
Earthquake,1.2819,131.4577,6.5,3420,12649.6,8766.1,11.1,2012,16
Landslide,20.2303,102.5157,6.9,3317,12679.6,8227.2,11.9,2015,44
Drought,7.2527,103.5211,4.7,28751,96938.7,59115.3,8.8,2023,2
Landslide,-3.9418,118.1962,7.7,47586,191690.6,101548.9,13.0,2026,12
Volcanic Eruption,8.9406,121.5011,8.4,18466,67543.5,44260.0,14.4,2006,97
Landslide,16.4579,106.6613,5.1,919,2995.0,1860.1,12.9,2011,4
Landslide,4.8748,101.7852,6.1,28313,104115.1,66853.0,11.5,2016,33
Flood,12.2057,120.8436,8.3,23251,88256.5,47153.8,12.7,2015,123
Volcanic Eruption,8.0379,125.854,4.5,2808,9363.8,6507.7,12.2,2011,3
Flood,15.7037,107.3129,5.7,16197,56941.3,37174.4,11.2,2010,28
Flash Flood,11.8604,103.4006,7.9,54361,187124.1,123259.1,12.1,2007,44
Flood,-10.1564,130.9447,5.7,3334,13272.3,7877.4,10.9,2016,5
Drought,15.7867,97.9686,6.9,19774,76999.9,49168.4,11.3,2009,34
Earthquake,4.1831,100.869,6.7,28085,92000.9,60430.4,13.2,2009,29
Earthquake,26.4215,94.3527,7.3,35613,145929.3,89575.8,13.2,2016,48
Earthquake,5.8234,121.2071,7.2,45413,166470.1,101396.2,15.4,2011,24
Cyclone,20.7083,93.5303,7.8,9010,32810.2,20043.6,11.7,2010,29
Flood,5.0614,107.5736,6.2,37377,121803.9,89867.2,10.9,2007,27
Earthquake,9.0658,119.1769,7.5,5281,18528.8,11652.5,15.8,2025,18
Earthquake,22.599,100.422,6.0,26552,101298.5,59024.5,12.2,2021,26
Earthquake,-9.7467,118.3523,6.8,45355,174599.8,104743.0,13.9,2026,31
Earthquake,9.122,123.9109,5.6,10922,41006.5,24095.2,11.1,2005,18
Earthquake,19.3347,97.1536,6.4,6310,20230.6,16044.2,10.1,2023,25
Flash Flood,18.0279,103.5891,6.2,373,1243.6,812.6,14.8,2014,17
Flood,12.445,99.6103,7.3,10011,37220.4,23775.2,11.2,2022,13
Earthquake,15.594,123.2328,4.2,27764,98863.5,61634.5,9.4,2021,2
Landslide,-7.3348,99.4011,6.5,32459,124593.9,75809.2,10.9,2020,38
Flood,15.0073,106.5189,6.0,2721,9839.9,6937.0,11.7,2008,28
Landslide,19.1605,98.2558,6.1,28977,106683.2,61902.9,9.0,2018,14
Landslide,-2.3431,129.469,7.7,43988,183163.9,109034.0,15.6,2005,18
Flood,10.644,93.0287,8.0,17084,56508.3,38769.6,10.8,2015,53
Cyclone,26.55,99.8821,7.1,42270,135716.7,106112.1,15.1,2011,10
Flood,15.091,125.8829,8.2,25319,86369.3,60918.9,16.4,2026,72
Drought,9.9719,98.0895,6.3,26892,101300.8,61603.1,12.5,2010,11
Landslide,8.3626,124.3407,6.3,20317,80374.2,50722.1,12.3,2025,9
Flood,15.7303,105.7425,7.6,31413,118168.1,78419.5,10.2,2022,11
Tsunami,5.0993,131.3571,7.5,4575,18026.7,10400.4,13.1,2013,11
Earthquake,8.7383,125.5055,8.3,34552,129691.5,87516.5,16.0,2011,44
Flood,19.384,100.7368,7.4,28774,99720.5,64010.1,12.3,2024,23
Landslide,12.1217,100.3063,8.5,23864,90130.8,57033.0,14.2,2014,143
Cyclone,23.6676,98.307,6.4,44035,169177.6,91892.9,11.7,2013,32
Landslide,18.5803,96.761,8.0,12492,40451.5,25200.1,12.8,2010,64
Earthquake,22.6176,95.798,8.2,12949,52097.8,28591.0,14.0,2006,151
Drought,12.5963,101.7607,6.6,32920,136804.6,68085.4,10.6,2018,36
Earthquake,18.6468,99.1587,5.8,1345,4511.2,2932.2,10.8,2008,23
Typhoon,19.889,108.8809,5.1,32375,114352.1,74322.2,10.4,2012,5
Earthquake,-5.6847,134.7891,7.5,4698,17695.6,11961.2,13.4,2014,38
Flood,25.9876,92.9185,6.3,15276,51299.4,30688.9,13.3,2007,10
Flood,21.9504,98.0135,6.2,38213,140590.6,97028.4,11.2,2012,11
Flood,13.8217,103.869,5.7,32153,102955.8,76837.0,11.7,2011,11
Flood,9.3346,124.5379,7.0,16557,58596.1,39791.6,12.8,2022,17
Flash Flood,20.4852,105.6743,6.6,2909,9586.0,7222.5,11.1,2026,36
Cyclone,16.0761,96.3554,6.3,43039,165594.4,86404.7,10.5,2018,40
Volcanic Eruption,6.8067,122.2198,5.7,3951,15653.9,9794.1,10.7,2021,29
Earthquake,13.2428,99.0698,8.1,54297,184074.3,115353.2,13.5,2016,141
Flood,18.6629,98.8373,6.3,28768,96450.5,69908.0,12.4,2012,31
Landslide,24.5231,96.5653,7.3,12287,41527.3,28890.0,15.3,2017,30
Earthquake,17.7698,97.8838,4.8,24702,97995.7,63170.2,8.2,2007,2
Cyclone,25.2397,98.2536,6.9,11223,41965.4,23966.8,12.9,2005,34
Landslide,17.7128,100.7167,5.3,12600,41325.6,25847.9,7.8,2005,15
Landslide,20.2942,97.1705,6.4,23399,88548.9,55733.5,12.4,2020,33
Earthquake,13.8226,123.7262,6.4,25516,83921.1,63521.9,12.1,2005,37
Earthquake,-10.2497,101.6388,6.7,42960,148660.6,90893.5,12.5,2008,45
Landslide,18.1192,97.5736,6.9,30609,124402.5,72737.1,9.6,2019,36
Cyclone,19.4264,100.5331,7.7,46469,179939.4,102780.0,13.7,2016,32
Earthquake,-7.0266,128.8744,6.6,2917,9970.3,6057.1,13.3,2019,19
Earthquake,15.5926,122.4363,7.5,48603,183588.9,122293.9,14.3,2025,58
Cyclone,10.4377,94.9753,5.8,8951,34700.3,22693.5,8.9,2005,7
Flood,3.4923,109.5545,7.0,30507,103554.0,62418.1,11.7,2013,43
Tropical Cyclone,11.0868,103.5232,6.5,30049,123183.6,64206.8,9.8,2018,29
Cyclone,20.9873,97.146,5.6,37760,128873.1,97317.7,10.5,2025,17
Landslide,-1.2115,133.7705,6.1,3729,12615.1,7886.5,11.5,2023,13
Cyclone,18.191,98.2503,6.3,35606,143208.3,88180.0,9.8,2021,8
Landslide,21.8653,92.7691,6.7,42236,152574.4,109127.0,10.4,2007,46
Flood,0.5447,125.3381,6.8,32083,132472.8,79609.5,13.9,2019,42
Cyclone,10.8356,96.2784,7.6,47054,153528.1,117729.7,12.2,2025,38
Flood,25.2227,100.1096,5.1,10374,42994.7,21707.6,12.0,2022,13
Flood,7.5985,124.0589,4.4,2796,9094.8,5919.5,9.5,2015,7
Cyclone,15.0921,93.5024,6.2,16530,65204.5,34211.5,10.9,2017,25
Landslide,11.8928,103.6678,5.7,10258,37950.7,21011.9,10.4,2016,11
Flood,18.7986,104.7532,6.3,614,2133.5,1547.6,12.3,2024,36
Earthquake,10.9369,100.106,5.4,1501,5497.9,3689.2,10.4,2007,5
Cyclone,17.2749,100.4511,7.2,8425,30917.0,18761.4,12.7,2010,37
Landslide,11.8279,124.9493,6.5,27667,111410.0,57512.7,14.1,2016,43
Landslide,14.5875,107.9817,6.0,14906,48422.2,36335.0,11.3,2024,28
Earthquake,23.4946,98.234,6.0,35947,134861.7,81118.4,9.8,2009,22
Landslide,17.4249,98.865,4.7,17625,69032.5,45304.3,7.3,2014,6
Flood,22.3565,101.1729,6.7,39517,162930.3,97102.2,12.8,2017,27
Earthquake,-7.5927,106.483,8.2,23735,99651.0,54890.3,15.7,2022,104
Landslide,16.6474,95.5364,7.0,44455,143782.7,97173.7,12.9,2011,36
Earthquake,26.0008,95.8363,6.5,20151,79420.2,40498.1,13.3,2018,18
Landslide,6.7187,126.2692,7.1,37922,127409.7,89249.2,14.9,2012,13
Cyclone,25.2884,94.1935,7.5,22833,84011.6,57577.6,14.3,2005,21
Landslide,24.4111,99.4873,5.8,35652,118316.5,77196.5,11.6,2015,19
Landslide,11.9255,124.899,5.9,36321,124089.1,85018.6,11.4,2009,13
Drought,9.7483,104.9551,8.3,14159,51322.1,32072.6,13.4,2010,122
Earthquake,9.5366,122.8433,7.0,22136,92659.4,50802.8,14.7,2019,53
Landslide,26.4494,96.4217,5.6,11462,43591.8,26208.1,11.1,2006,24
Storm Surge,12.0142,103.2513,4.3,7758,27527.3,16953.9,7.1,2012,1
Drought,14.1597,101.0043,6.9,34926,140538.2,88499.0,11.3,2016,41
Landslide,14.0795,97.8962,7.1,2406,8790.1,5482.1,11.6,2008,25
Landslide,11.3672,95.1456,7.7,49691,161024.9,128640.8,12.2,2015,21
Flood,19.4391,99.5076,6.8,1410,5356.5,3233.4,10.0,2014,18
Flood,11.375,102.2624,7.9,11199,42179.4,28456.8,13.0,2008,45
Drought,10.0937,104.1357,5.5,7789,25816.3,18833.9,10.1,2019,17
Drought,9.4237,100.0094,6.2,32747,125676.6,71030.3,12.0,2008,26
Flood,19.2456,93.0775,6.0,13377,51809.1,27889.7,10.5,2010,21
Cyclone,11.7343,97.7032,4.5,13698,53638.8,35321.1,8.4,2005,8
Typhoon,16.0963,103.4751,7.4,31340,126138.1,73577.2,11.9,2020,25
Cyclone,17.6234,99.8355,5.5,35209,147115.8,77469.4,9.1,2020,24
Cyclone,24.8985,93.1167,5.0,16414,59152.4,42101.2,11.7,2006,12
Volcanic Eruption,-5.0039,129.8904,7.7,47743,167156.8,114314.9,15.3,2024,51
Earthquake,16.6666,124.3547,6.5,32375,121753.3,67729.2,14.1,2015,14
Cyclone,22.4546,97.5134,5.8,12235,40634.0,30461.8,9.9,2005,5
Landslide,14.3253,101.4508,5.7,8158,30357.1,21123.3,10.3,2014,28
Landslide,20.2553,95.529,6.2,14039,55206.3,31757.9,10.9,2015,12
Flood,17.05,97.8807,6.9,39430,156404.2,92409.3,11.6,2014,44
Cyclone,14.2307,98.0379,6.5,13461,49025.3,33133.9,11.3,2011,36
Flood,7.2607,104.4016,6.5,35911,136035.4,84622.0,11.3,2021,11
Earthquake,12.5016,123.1189,7.1,45704,158689.5,103609.4,13.6,2023,51
Flash Flood,14.0077,106.9235,5.4,19512,63448.9,43072.0,11.3,2018,19
Earthquake,12.9708,123.8483,5.4,17135,66912.7,44237.8,10.5,2013,16
Landslide,18.2986,99.5513,6.5,41116,136972.8,103863.3,11.3,2007,21
Flood,12.5963,93.857,7.2,43217,148097.7,102405.7,12.9,2010,9
Flash Flood,1.3797,103.6582,6.1,3719,15028.5,8588.7,10.5,2008,15
Landslide,18.3219,107.0746,6.3,1199,4713.7,2978.3,12.7,2006,26
Flood,15.3846,100.9222,6.6,2245,8166.3,5065.0,11.9,2016,37
Flood,7.3648,124.2116,6.9,35133,133813.8,88798.1,15.5,2005,19
Flood,12.7025,103.727,6.4,43260,166829.3,92878.7,11.1,2009,19
Flood,11.4352,94.0154,7.1,11085,42464.8,22282.0,11.3,2010,43
Cyclone,17.7548,100.2521,6.8,5868,22604.4,13639.3,9.2,2012,15
Volcanic Eruption,3.7319,129.303,7.2,35434,116343.5,91215.8,13.7,2007,20
Flash Flood,4.3313,114.7767,8.2,36693,140144.4,89731.1,12.4,2008,62
Flood,17.2051,101.0381,7.4,18047,72907.4,43221.1,12.0,2015,27
Volcanic Eruption,-0.7349,101.7159,7.8,18217,71979.3,46792.8,16.4,2016,12
Flood,18.5735,101.0423,6.5,22778,72959.2,51891.7,10.6,2006,35
Earthquake,-8.6441,113.9517,5.1,27847,96289.2,62073.6,12.8,2023,17
Earthquake,26.676,93.9274,8.0,2393,8188.5,5805.9,13.3,2008,13
Volcanic Eruption,14.7069,121.6468,7.7,26321,109868.9,54608.0,13.3,2015,66
Flash Flood,1.2252,106.3524,7.8,52322,200939.1,109522.7,14.2,2010,46
Volcanic Eruption,-4.9569,127.1918,6.8,29646,97027.1,67351.0,13.6,2025,29
Drought,7.5936,102.5223,6.4,7541,29739.1,17718.8,11.4,2024,23
Flood,17.471,97.6137,8.9,26347,84325.3,53740.9,14.0,2020,120
Tropical Cyclone,13.6258,100.8746,7.5,38679,139625.7,85320.8,10.7,2007,30
Typhoon,8.5045,125.7911,5.0,10024,35435.7,26019.1,9.0,2009,13
Landslide,4.0722,115.196,4.6,526,2101.2,1265.8,7.8,2020,5
Typhoon,9.9119,117.7771,7.1,40350,167488.9,98735.2,13.2,2013,19
Coastal Surge,1.3408,103.7598,8.3,6930,26421.1,16920.4,12.8,2010,140
Landslide,7.0538,101.5725,7.6,51731,209354.3,106955.2,11.6,2019,38
Flood,12.8218,104.8995,7.2,17939,61188.1,42084.4,12.6,2010,34
Earthquake,15.6589,92.635,7.1,2534,9095.0,5765.5,11.1,2025,38
Earthquake,4.8197,131.4807,5.8,39459,158689.5,79977.4,12.7,2020,18
Earthquake,13.72,124.1225,6.3,28749,106472.6,63392.9,13.3,2012,30
Flood,19.562,98.3529,5.5,22332,74982.2,56496.0,9.1,2022,13
Earthquake,15.3097,94.483,7.3,12855,43335.6,26061.8,10.2,2009,56
Flood,4.8956,114.9859,5.6,23768,91207.0,48885.9,9.5,2013,11
Tropical Cyclone,11.7622,98.7782,8.3,39131,164183.7,78670.5,11.7,2008,167
Earthquake,26.9333,100.7263,6.5,35020,112330.3,77912.0,11.5,2026,17
Flood,0.826,131.3996,7.8,34789,120194.8,77398.4,14.2,2021,19
Tropical Cyclone,14.5842,101.3381,7.5,51244,197899.5,129194.4,12.5,2016,34
Flash Flood,15.2494,100.3706,7.8,7464,26854.7,15526.2,12.4,2018,50
Landslide,16.708,92.8395,5.7,29014,120410.1,73556.4,10.7,2005,22
Cyclone,20.5377,100.463,6.2,30386,116848.3,68990.2,11.0,2006,17
Storm Surge,13.328,108.3612,6.0,9440,33700.6,21316.3,9.5,2026,21
Volcanic Eruption,11.2326,117.303,7.2,2711,11011.3,5481.9,14.3,2023,44
Volcanic Eruption,-4.7553,124.5241,7.3,22418,86842.2,48427.1,16.0,2019,47
Flood,11.4386,119.8555,6.6,23086,83119.9,54384.7,14.9,2008,17
Landslide,14.433,99.2796,5.7,27809,112964.0,56415.6,10.0,2016,16
Landslide,8.1344,122.0816,7.1,41086,133487.4,84339.5,12.6,2024,16
Cyclone,11.6364,94.7529,7.0,23529,76332.1,56784.8,11.9,2005,50
Volcanic Eruption,-7.9572,119.4288,6.5,4652,18671.0,10627.3,11.8,2024,41
Flood,9.2391,122.1571,8.3,22180,75448.9,51983.7,15.3,2009,179
Flash Flood,4.8803,114.8676,8.2,3806,14258.3,7773.4,13.2,2020,142
Flood,10.9271,124.0194,8.2,18143,72626.8,40253.1,14.1,2016,185
Flood,5.7021,112.0227,7.6,24415,84895.5,50469.9,10.6,2018,24
Storm Surge,21.3975,104.002,5.2,14054,49802.8,33788.3,10.4,2022,14
Earthquake,-6.9761,99.4921,6.6,31278,122783.2,65664.2,15.1,2010,42
Earthquake,14.9764,97.1783,7.0,36799,139337.0,95569.2,11.4,2012,28
Cyclone,23.2017,95.1283,9.0,42627,160286.6,102399.1,15.8,2026,189
Flood,17.8395,104.9402,4.3,1157,4317.6,2856.8,9.9,2025,4
Volcanic Eruption,7.4403,120.9183,8.0,43211,155355.2,87005.0,13.0,2014,16
Flash Flood,11.7952,105.545,4.9,10022,39799.9,24532.7,10.0,2021,9
Flood,20.6411,95.9334,6.2,37187,142418.1,75815.7,11.5,2006,27
Flood,11.6263,120.8815,5.2,2556,10408.5,6440.9,10.3,2013,14
Flash Flood,1.2157,103.9361,7.0,1901,6313.5,3968.1,10.8,2018,13
Tsunami,3.1877,128.1846,6.9,42941,171638.6,104705.8,14.5,2016,10
Earthquake,11.9546,119.5536,6.0,26793,108001.3,61221.1,10.6,2025,12
Landslide,16.1957,99.5113,6.6,35762,120937.3,85256.6,12.8,2025,18
Flood,10.1719,104.1734,6.2,1556,5372.1,3233.9,10.6,2025,25
Landslide,14.7235,94.033,5.4,33687,111837.5,73828.4,9.0,2018,17
Flood,14.2976,105.2492,4.6,18812,62989.5,47300.8,7.9,2009,3
Landslide,20.7999,104.3878,7.4,1262,5103.8,2721.8,13.4,2016,10
Cyclone,27.1463,97.376,6.0,15565,53785.7,31967.0,11.5,2010,7
Tropical Cyclone,15.2803,101.6182,6.4,2110,7441.3,4436.4,12.6,2010,21
Landslide,15.8736,99.7283,7.8,44959,162175.9,99147.1,13.9,2022,22
Tropical Cyclone,19.5949,104.3505,7.9,47633,159769.0,106554.2,12.2,2006,45
Landslide,14.7956,98.6216,6.6,32589,121141.7,66027.9,10.7,2018,28
Flood,17.9271,95.1235,7.0,42427,144067.9,102202.8,11.1,2026,22
Flash Flood,5.8387,112.6046,7.6,17387,59658.3,35316.3,12.6,2005,14
Flood,5.5648,120.6313,6.6,10150,34352.2,20780.0,12.7,2006,40
Earthquake,4.9588,137.0973,6.6,45132,186764.5,97240.5,13.3,2012,32
Volcanic Eruption,18.5528,123.4396,6.9,44314,146605.6,98326.5,13.4,2017,26
Flood,7.6985,98.4529,7.6,3824,14453.4,9611.7,11.2,2025,19
Flood,12.9438,107.1579,6.4,1890,6500.2,4399.3,12.9,2005,15
Flood,17.5504,101.1169,5.2,12689,41461.6,32282.6,8.8,2023,19
Flood,8.8875,103.0636,6.8,22252,92845.9,45666.9,12.8,2014,37
Landslide,10.0034,92.812,6.0,2481,9223.4,6440.8,9.5,2012,12
Earthquake,16.3173,94.6151,6.7,31928,115010.8,80909.1,12.3,2018,24
Cyclone,23.0637,100.9966,6.3,11066,42068.5,24845.1,11.5,2006,24
Landslide,18.4909,99.3448,4.4,16224,64114.0,32518.3,9.8,2008,2
Storm Surge,21.3025,102.67,4.6,7206,24545.8,18203.1,8.2,2019,3
Flood,-6.1558,121.1363,5.6,21955,89562.9,45457.5,10.8,2014,22
Landslide,18.8088,99.7528,7.2,41136,140350.7,101446.6,11.0,2020,55
Earthquake,24.2781,98.1062,7.0,40789,138671.2,90215.0,15.5,2019,16
Landslide,-0.0167,116.7303,7.9,14133,52609.3,35433.7,15.8,2012,46
Earthquake,5.3672,139.3079,7.3,8081,33223.3,16574.5,14.5,2022,54
Flash Flood,11.9634,103.8162,7.4,31740,118580.1,66707.4,11.5,2009,52
Volcanic Eruption,2.9239,133.5164,6.9,45614,167782.7,99921.5,12.9,2024,19
Tropical Cyclone,10.1286,98.6735,6.4,31630,127206.4,73947.0,10.7,2005,40
Landslide,3.3328,105.0577,8.2,13423,44940.7,30402.6,15.3,2016,137
Earthquake,-3.1718,117.7062,6.8,25551,90556.2,53310.5,13.8,2019,44
Flood,13.6729,99.1385,7.2,41846,140852.9,87187.9,10.4,2006,36
Coastal Surge,1.3577,103.7493,8.6,892,3738.4,1822.1,13.0,2013,100
Landslide,13.2886,93.4408,5.7,39535,160451.2,97109.5,9.5,2009,26
Flood,16.1383,100.3488,6.6,1952,6770.6,4231.3,10.2,2020,34
Flood,12.4149,96.3594,8.2,50944,211511.4,117665.0,14.1,2019,42
Earthquake,17.9084,101.0565,5.8,24141,81476.2,53702.4,8.4,2007,17
Landslide,15.3715,100.8162,5.8,3215,11121.8,6574.6,10.0,2009,32
Landslide,17.5775,104.8364,4.6,4568,18397.2,11738.8,11.8,2014,6
Tropical Cyclone,13.7253,100.0676,7.5,12427,41466.6,30598.5,13.8,2015,52
Earthquake,12.3162,96.9617,6.9,32577,116494.7,68875.3,12.0,2022,21
Typhoon,5.4786,120.6341,8.3,29270,109208.2,73081.8,14.4,2015,62
Cyclone,16.8074,100.6323,5.7,16506,57932.1,41112.1,9.7,2023,29
Typhoon,13.2807,106.9079,8.8,6580,24652.0,14217.2,12.2,2005,62
Earthquake,14.549,123.6137,4.9,18260,65841.7,37961.9,11.3,2005,13
Flash Flood,5.3142,100.8709,8.0,45414,152088.4,96342.9,14.2,2017,18
Earthquake,25.8153,97.9316,6.3,9195,37074.7,21218.3,13.4,2020,16
Typhoon,15.5254,105.9298,5.8,27727,90518.2,68150.4,9.9,2010,12
Cyclone,10.8426,96.444,6.5,15471,63192.1,35519.1,10.7,2008,38
Landslide,-0.3576,133.1826,5.7,10885,37333.9,24359.5,9.6,2009,28
Flood,10.957,120.121,7.4,25373,98161.9,51143.9,14.7,2022,17
Flash Flood,21.7879,103.1386,6.9,1661,6938.9,4170.0,11.2,2026,19
Drought,18.3625,103.8637,8.4,9493,33061.5,21536.7,12.5,2023,112
Flood,-7.8844,129.6984,7.0,17512,56612.3,35149.6,14.3,2020,25
Cyclone,17.7077,94.8221,7.6,27373,111382.3,56835.5,11.7,2024,46
Flood,21.0834,94.6782,7.1,40796,162738.4,83402.5,12.7,2017,34
Flash Flood,1.2857,103.8455,4.3,2162,7268.2,5155.6,7.8,2009,2
Landslide,3.6551,112.3887,6.3,10267,34257.1,20909.2,11.3,2017,16
Flood,18.1425,97.6683,4.9,29102,107594.0,65820.3,9.6,2022,8
Landslide,-1.369,99.0751,8.7,56612,193849.2,135692.6,13.6,2023,145
Flood,14.2095,107.4721,7.5,47698,165193.3,99631.0,12.2,2011,33
Flash Flood,12.5303,104.2834,6.6,29711,96663.4,69757.2,12.3,2006,26
Flood,17.0546,95.3631,5.5,17749,58564.2,44030.0,10.1,2017,23
Cyclone,21.7945,94.9489,7.1,46615,177466.8,104814.3,10.9,2016,29
Cyclone,18.2638,94.2509,5.3,27573,102842.8,61980.4,9.8,2011,10
Volcanic Eruption,8.8206,126.0689,6.4,29890,96893.2,70174.0,11.1,2021,42
Flood,8.6656,109.1724,7.5,36682,126198.2,81434.7,13.4,2017,12
Earthquake,12.0141,117.9769,5.2,25971,96507.1,58007.7,13.2,2018,5
Landslide,14.7436,103.6886,7.7,43330,138712.8,100534.7,13.6,2020,60
Landslide,18.564,120.0816,7.8,21301,89125.6,50882.8,14.3,2013,53
Volcanic Eruption,-4.1974,121.3857,8.8,17856,70653.5,44643.7,17.3,2012,174
Flood,22.1495,92.9395,6.9,20842,82549.3,47148.1,14.8,2013,30
Landslide,20.9101,97.3767,7.6,3129,12995.0,6496.2,13.9,2006,62
Cyclone,12.5137,95.2291,8.8,40446,132101.3,104191.2,13.2,2018,114
Flood,20.0591,96.3073,6.7,16553,62155.1,37969.0,9.8,2019,33
Earthquake,7.321,126.2823,7.2,15517,53550.1,36100.8,13.7,2012,51
Flood,17.3941,102.238,8.3,2961,11506.0,7442.8,13.1,2013,153
Landslide,16.9056,98.3469,7.3,14397,46831.0,30347.1,13.3,2012,54
Tropical Cyclone,19.3193,98.4432,5.9,39567,142500.1,80920.5,10.3,2013,10
Tropical Cyclone,6.4533,98.9058,5.2,29994,124635.7,60129.5,10.3,2010,4
Landslide,0.8612,98.7755,5.3,36761,131036.4,93154.4,13.6,2022,8
Earthquake,4.1021,102.5283,7.1,46796,165562.1,95483.7,14.4,2015,29
Typhoon,8.5824,108.2253,7.7,43227,171669.7,107149.1,11.3,2018,66
Earthquake,13.4413,95.4632,6.1,23164,78540.8,54723.1,10.3,2022,35
Earthquake,17.3002,96.927,7.2,24536,79213.1,60329.9,12.6,2024,45
Tsunami,-0.2781,100.1333,5.6,29826,121945.5,64381.3,12.7,2009,13
Cyclone,16.3493,95.5017,6.0,18954,65839.5,39021.9,11.0,2008,29
Flood,13.352,99.1474,6.0,23455,98053.9,58627.6,9.6,2014,6
Flash Flood,3.5284,109.1961,7.1,6240,23459.7,13648.7,12.4,2014,48
Flash Flood,4.7413,114.8739,7.4,865,3037.8,2077.4,10.1,2024,53
Flash Flood,4.1797,114.8631,5.6,4502,15210.2,11617.5,9.0,2009,23
Volcanic Eruption,-10.4019,120.4158,8.2,33618,126616.9,80520.9,15.7,2017,89
Cyclone,13.8865,95.108,6.4,12368,43735.3,28267.2,11.5,2013,10
Cyclone,18.2258,99.163,8.1,8555,33983.9,17760.7,12.1,2022,140
Earthquake,24.8769,99.6611,6.4,37320,150207.3,85717.7,11.7,2022,28
Flood,16.3123,98.5535,8.1,46404,186325.2,112806.9,11.8,2019,157
Landslide,14.0812,105.5553,6.6,27833,106539.4,66185.5,11.0,2005,39
Landslide,4.4213,117.3032,8.2,13292,52148.3,34260.4,12.4,2010,69
Earthquake,20.0194,99.7749,5.2,15073,53297.6,34692.9,9.8,2024,8
Earthquake,9.1676,118.5577,5.7,19209,62465.5,40067.3,13.3,2013,12
Flood,2.4835,101.473,6.2,42226,135943.8,84747.5,10.9,2017,11
Storm Surge,21.0377,105.7216,8.3,3344,12476.3,7400.3,13.4,2023,120
Landslide,15.9254,122.911,7.6,31795,113247.7,81422.0,13.8,2024,32
Landslide,26.4853,100.5543,5.9,16288,61937.3,33329.0,12.7,2010,20
Tsunami,-9.0301,113.1253,5.7,26793,90481.4,67630.9,10.4,2021,19
Landslide,23.5292,96.3947,4.7,5026,18906.2,12176.4,12.4,2006,5
Landslide,20.1145,106.7332,6.7,1687,5449.6,3782.7,15.2,2018,42
Landslide,1.0303,101.1724,6.5,14133,48351.3,34971.1,13.7,2018,28
Landslide,11.9686,96.3443,6.7,23128,78103.9,50198.6,12.5,2022,17
Flood,19.7189,102.8773,4.5,24252,92344.4,58814.3,8.5,2009,6
Volcanic Eruption,-2.4847,139.8771,6.6,26695,107561.6,68588.4,15.5,2018,18
Flood,6.7811,118.3064,7.4,17453,69161.0,35426.8,12.6,2013,47
Typhoon,6.828,120.875,7.3,42478,136210.7,97659.1,14.9,2026,25
Earthquake,26.3009,93.3381,6.1,30687,125740.9,76476.9,14.1,2007,15
Flood,-3.5848,120.3663,7.2,34316,129422.7,69468.4,13.0,2013,13
Cyclone,24.0883,96.1105,5.0,21622,73787.8,49720.6,12.9,2009,6
Cyclone,21.4695,101.4772,5.9,33548,120927.1,81925.5,11.4,2011,15
Landslide,4.7015,115.8382,5.8,12869,47265.5,31144.2,9.8,2022,20
Cyclone,15.2736,98.5576,6.8,42965,144708.4,97434.8,10.6,2012,18
Landslide,-9.0915,126.2187,8.0,48896,195989.6,108374.4,16.2,2009,33
Earthquake,20.9476,94.828,7.9,19953,74773.4,45576.3,12.9,2011,33
Flood,-3.187,125.3951,8.4,12885,52997.8,28183.4,14.5,2008,138
Flood,-5.9711,133.427,7.4,23978,96398.3,57109.3,12.5,2008,20
Typhoon,15.7828,123.946,6.7,15005,50367.7,35355.1,12.4,2007,39
Flood,10.4604,96.7054,6.7,16402,54219.9,36846.2,12.3,2026,9
Typhoon,11.0688,121.8281,5.0,14513,49573.4,34439.6,10.0,2005,10
Flood,11.6373,102.2499,7.5,38985,140773.5,93900.7,12.3,2026,47
Cyclone,19.9326,92.7899,5.4,24454,92147.3,60633.4,10.9,2017,24
Earthquake,-5.8008,98.6153,5.1,23054,89460.9,53842.5,11.5,2023,10
Earthquake,6.074,120.6989,8.5,48123,185136.6,121800.7,14.0,2007,193
Flash Flood,1.5362,112.7698,7.1,29868,102979.3,77373.6,12.9,2009,25
Landslide,-0.3982,97.1583,7.6,26375,85837.8,59124.4,13.1,2007,17
Landslide,21.6456,100.7767,7.4,32571,112909.2,68098.9,13.0,2025,55
Landslide,9.718,106.9821,5.8,39815,163031.8,81238.0,9.7,2012,28
Earthquake,15.3951,125.5602,7.5,12390,46176.8,25926.8,12.6,2021,37
Cyclone,14.4311,93.559,6.7,16611,68142.7,36146.1,9.9,2015,25
Landslide,1.6143,106.1766,6.3,8575,30541.2,21516.1,10.3,2013,30
Earthquake,20.4157,93.8752,7.4,26434,94645.6,57718.9,11.5,2020,13
Landslide,19.5138,99.6165,6.3,8276,27388.3,17784.6,10.4,2024,8
Typhoon,13.3617,108.6833,6.4,38286,146416.1,79320.5,9.5,2010,39
Landslide,10.6757,122.9429,6.7,16349,61662.2,42203.7,13.1,2016,14
Cyclone,22.6842,96.5972,8.0,30240,104934.8,73233.0,14.9,2009,24
Earthquake,2.582,118.4176,5.3,35772,128631.9,86023.5,11.7,2016,21
Flood,16.0836,95.0919,7.0,1684,5547.5,3876.5,11.9,2014,47
Cyclone,20.4063,97.5527,5.3,10490,38534.3,24464.3,10.2,2008,16
Flood,26.4095,100.4046,6.5,44449,169420.7,114828.8,11.3,2014,31
Drought,10.7702,100.2016,5.6,9881,31842.8,25231.9,10.4,2019,17
Earthquake,12.5527,98.4882,7.6,4940,18766.5,10795.6,12.6,2023,36
Flood,11.5566,119.272,7.5,23286,89817.8,55242.5,13.6,2016,20
Landslide,10.6476,97.3012,6.8,31430,120841.3,64169.8,10.8,2014,19
Landslide,10.4843,97.5302,8.5,48594,159797.9,101287.0,14.7,2023,84
Flood,11.9651,102.8455,7.8,8486,35433.6,22023.6,10.2,2026,62
Drought,10.8834,104.0178,6.7,27270,105305.5,58758.0,10.8,2009,9
Earthquake,0.6525,135.5887,6.5,11785,39464.5,29296.5,10.7,2018,43
Storm Surge,16.4772,102.0902,6.8,7401,25457.7,19096.1,9.7,2012,16
Cyclone,15.4696,95.3127,5.9,12983,50462.6,29660.5,8.4,2018,8
Cyclone,13.1049,100.6145,7.0,47580,188054.4,97820.4,12.7,2022,46
Landslide,-9.8429,99.6596,8.4,8940,32907.8,22195.1,15.2,2012,140
Earthquake,-2.9593,107.9781,6.0,18889,68466.0,43988.4,11.8,2017,19
Flash Flood,15.6349,100.5354,7.8,4216,17359.4,8869.6,12.8,2011,12
Typhoon,16.8509,105.1276,6.8,28992,103344.7,71758.5,12.1,2020,48
Cyclone,10.8385,93.096,6.8,26247,86092.9,62413.2,10.6,2006,27
Typhoon,8.2501,121.053,7.7,36923,126784.1,75294.1,13.8,2020,62
Flood,14.8997,94.8664,5.2,27139,95805.0,66848.4,9.3,2024,15
Volcanic Eruption,16.236,123.0434,7.7,28953,107379.9,66883.1,14.9,2012,33
Flood,16.6136,99.0305,6.9,38030,127754.4,89909.0,12.1,2022,27
Storm Surge,13.0291,107.8163,6.5,42728,143519.4,95995.9,10.9,2022,26
Landslide,19.1466,98.5887,5.3,28486,102567.4,67065.6,9.4,2010,5
Tropical Cyclone,9.4748,103.125,6.9,1629,5804.6,4212.2,10.2,2022,21
Earthquake,3.8665,126.3927,6.6,12856,47343.9,29823.6,11.0,2013,9
Flood,14.6536,96.1012,7.3,23270,88753.6,58831.2,10.4,2020,17
Landslide,2.3381,104.6432,6.4,38297,133128.2,86481.8,13.5,2007,22
Volcanic Eruption,11.9441,124.9887,6.1,29021,110100.8,69533.0,13.7,2017,28
Flood,10.0391,98.1806,6.4,26849,110862.4,69149.1,11.6,2019,39
Tsunami,-9.3783,104.8716,6.2,18053,59468.4,46494.8,11.5,2025,19
Landslide,17.8448,95.7584,6.9,42258,156516.8,108486.8,10.8,2026,31
Landslide,-10.367,129.5509,8.0,17097,65937.0,38488.0,13.6,2020,51
Earthquake,5.7692,124.2245,7.3,27142,111905.2,64536.0,11.4,2015,17
Flood,21.4368,95.6299,5.6,29970,111753.4,73028.3,8.2,2005,28
Flood,6.2846,124.7644,6.3,35979,148627.9,72945.5,11.2,2023,20
Earthquake,26.6257,100.5228,7.0,47713,173042.7,121387.3,12.6,2020,29
Earthquake,15.7357,98.9062,7.9,11946,42558.0,24574.0,11.5,2008,22
Earthquake,26.751,95.7511,7.5,22615,76532.3,51584.7,13.5,2026,61
Flood,13.9596,100.3929,6.1,9431,33796.5,22193.1,10.3,2014,36
Coastal Surge,1.3266,103.6414,7.9,4153,16106.9,8718.2,11.5,2023,34
Flood,14.1174,97.3957,6.6,42635,144788.0,104944.5,10.5,2024,25
Landslide,4.874,114.5605,5.5,4083,16092.8,8474.6,9.6,2012,25
Landslide,6.8695,100.8523,7.5,19129,79691.4,39940.7,11.8,2023,41
Cyclone,23.7505,100.3073,8.0,44684,154791.5,106923.1,14.7,2010,28
Cyclone,14.1233,93.1562,8.4,5572,19757.5,11380.6,13.3,2007,152
Landslide,4.2269,100.7896,4.5,10300,42294.8,21727.9,8.8,2014,8
Landslide,1.7969,110.7085,5.8,4391,14132.9,11150.2,9.3,2010,25
Typhoon,7.5405,120.035,7.1,46992,172385.8,100395.0,14.2,2023,18
Flood,23.1584,99.404,6.5,24887,91228.7,63054.0,13.9,2015,10
Landslide,17.5067,107.0303,7.4,42736,158117.9,87207.6,11.2,2022,53
Landslide,17.3665,99.889,4.8,14569,60130.5,37606.2,10.2,2005,14
Typhoon,11.971,103.5561,5.2,33443,117992.7,74369.7,9.2,2013,10
Flood,10.4099,100.5129,6.8,24416,84023.8,60173.1,12.8,2008,39
Tsunami,-3.8671,109.8199,6.0,37088,153936.9,84687.2,13.2,2022,9
Earthquake,17.2038,96.9592,7.1,38686,155268.8,90140.6,11.1,2015,14
Cyclone,17.1494,96.4972,5.5,28815,116717.6,70608.8,9.1,2011,24
Flood,21.3128,92.5184,6.6,2147,8314.7,4826.2,12.4,2017,28
Flash Flood,3.3468,115.9611,7.8,41923,149361.3,95366.0,10.8,2025,38
Volcanic Eruption,-2.3,107.8185,7.4,33035,130061.9,76187.1,12.1,2018,46
Earthquake,13.5178,125.0602,6.5,40463,161334.5,102246.2,15.1,2012,25
Flash Flood,13.8134,107.0429,4.6,4416,15682.8,9054.2,8.4,2011,4
Flood,11.0246,104.5076,4.6,26891,88972.9,63853.8,9.2,2023,5
Cyclone,17.7171,96.3834,8.7,36653,139452.2,77452.9,12.5,2005,132
Landslide,7.252,125.2555,6.3,43936,172249.4,104931.2,11.7,2020,9
Earthquake,17.3927,96.7608,6.3,33576,120573.5,77785.7,10.5,2011,31
Flood,-2.1004,112.0442,6.8,19071,74937.5,42397.2,12.3,2024,13
Flood,9.3774,103.7501,5.9,15171,55781.6,38173.1,10.1,2011,10
Landslide,2.7712,114.0785,7.6,6637,21784.6,15232.3,12.8,2010,56
Earthquake,24.5566,95.8753,4.6,27102,104243.2,60635.9,10.9,2006,7
Flood,17.9911,98.0415,8.4,15113,58881.4,34975.0,13.4,2009,83
Cyclone,12.9881,101.0186,6.4,30234,121120.0,72763.8,11.6,2017,24
Flood,-2.7701,97.0918,6.4,33027,110884.9,75915.3,13.1,2006,12
Earthquake,-0.6059,135.3975,7.6,49248,171903.2,107982.9,14.6,2011,53
Volcanic Eruption,11.2675,119.1908,8.5,16345,68332.9,36706.7,14.0,2008,100
Flood,18.3346,93.2106,8.1,5305,19639.6,13476.1,13.8,2024,137
Cyclone,10.2092,99.9734,8.7,16644,56558.5,37288.4,14.7,2007,108
Landslide,19.5519,107.3136,7.0,1761,6004.2,4360.3,13.8,2015,19
Cyclone,25.1404,95.0218,7.3,27855,114337.3,66410.8,13.5,2013,58
Landslide,16.579,95.8626,6.1,17106,67574.0,36424.5,11.6,2019,33
Flood,10.9368,98.8927,6.8,18855,60517.8,47068.2,10.7,2007,21
Cyclone,17.5464,100.2577,4.6,14678,48877.6,36929.9,9.8,2008,4
Tsunami,-9.5215,132.0917,6.1,8161,30433.5,17797.6,12.8,2018,8
Cyclone,26.1215,96.3313,5.1,9527,37697.3,19980.6,11.6,2019,17
Earthquake,19.2902,100.5063,8.9,24720,89855.7,63527.7,14.2,2023,142
Landslide,8.2375,123.8821,7.5,23317,75773.6,52234.9,14.6,2024,41
Landslide,19.9584,101.0896,6.5,12894,41393.4,30837.6,10.0,2020,42
Typhoon,21.0148,104.7006,5.0,1582,5973.1,3497.7,11.1,2025,8
Earthquake,1.0493,105.8159,6.8,40302,142800.5,88824.1,15.1,2006,38
Landslide,-3.191,136.4131,6.6,46119,187358.8,110991.4,11.3,2012,14
Flood,16.6805,108.1358,6.6,20166,75294.9,43801.8,11.7,2005,28
Landslide,2.0288,101.9245,5.3,20993,76861.0,53639.7,8.6,2013,12
Volcanic Eruption,-8.4036,119.7433,7.3,39837,127529.0,99152.4,13.5,2005,47
Flood,3.8263,133.6674,6.8,7864,32130.7,18542.7,12.1,2006,25
Earthquake,26.3057,93.4323,8.0,29331,97244.8,60545.7,14.3,2024,24
Flash Flood,22.3564,107.0794,7.3,3652,14507.9,7360.4,14.5,2008,18
Flood,15.8576,104.3741,7.1,4455,14452.2,9955.3,14.2,2018,9
Volcanic Eruption,9.6745,120.2738,7.6,34367,130584.3,72005.2,14.4,2013,39
Landslide,21.4949,95.975,6.1,23354,93200.1,47339.0,10.1,2010,35
Drought,14.1086,103.5169,8.2,16498,59014.5,38816.5,12.1,2008,96
Earthquake,14.1297,125.6893,4.7,11771,45937.7,26797.2,12.2,2015,8
Volcanic Eruption,10.1321,125.303,5.7,21136,78344.3,52246.7,12.9,2026,29
Landslide,20.052,109.3588,6.7,43907,167151.8,98803.2,11.5,2021,42
Flood,19.7445,101.4934,6.3,22795,81082.8,47759.2,12.3,2006,34
Flood,23.1211,100.3611,7.4,12929,51346.6,26085.7,14.5,2007,23
Landslide,13.8368,102.4832,6.8,15993,56268.1,40598.6,13.0,2007,19
Storm Surge,19.8942,104.2176,7.5,25312,104691.0,54177.4,12.7,2023,31
Flood,17.6243,96.104,5.1,21760,85860.7,46412.8,9.2,2025,5
Landslide,13.132,105.5298,8.3,17705,72753.0,39984.0,11.1,2026,77
Typhoon,9.9126,103.9164,6.7,37151,143692.8,87590.6,10.5,2015,27
Earthquake,10.2956,98.5597,6.8,6995,27671.9,16447.8,10.9,2021,12
Tsunami,-7.6613,131.9683,4.8,15916,62502.5,39625.9,10.3,2016,9
Cyclone,24.5607,94.2461,7.8,50540,208030.9,125255.9,14.8,2025,37
Earthquake,14.3233,119.0106,7.0,46302,176141.9,94958.5,11.0,2005,17
Flood,1.5234,137.7345,5.8,3940,14572.9,9867.3,12.1,2021,11
Earthquake,15.0671,124.8357,6.4,32907,129024.2,85223.6,14.9,2018,39
Flood,8.8782,104.4388,5.7,31798,105399.8,75862.0,10.3,2007,29
Earthquake,23.5175,96.7249,6.8,2699,9628.1,6307.6,12.0,2011,20
Earthquake,7.1108,122.9055,7.5,10698,43948.4,27368.9,14.2,2005,14
Cyclone,13.1864,95.364,7.7,23833,91510.3,49154.8,11.9,2007,24
Landslide,11.6807,97.2391,7.2,48985,202547.1,118914.0,11.4,2018,55
Landslide,14.1713,95.5672,4.9,22404,83335.6,47990.4,8.3,2019,13
Flood,13.7828,119.6792,4.5,10719,44122.9,22891.0,11.0,2016,8
Flood,19.3783,93.135,7.4,20163,78927.0,47144.8,12.3,2010,31
Earthquake,-8.1256,114.5822,8.1,23200,86984.1,49392.9,15.9,2019,75
Flood,10.8747,103.8388,7.6,46121,165746.8,102707.9,12.5,2026,61
Landslide,25.1359,99.9243,4.1,25646,92665.3,54178.4,10.3,2025,0
Earthquake,-4.162,114.7653,8.1,44595,171151.0,109723.7,14.2,2014,122
Landslide,23.2921,98.7967,4.9,21500,71186.4,45768.3,11.3,2016,15
Flood,2.8455,102.7582,8.6,55602,215105.0,124138.1,12.3,2024,144
Flood,20.7658,98.5662,6.3,1282,5353.2,2630.8,9.9,2026,20
Earthquake,19.8183,93.614,6.9,18781,78038.2,43667.7,12.9,2021,16
Landslide,10.3739,119.8483,5.2,17298,55430.0,40245.9,13.5,2005,13
Volcanic Eruption,9.798,118.9448,5.3,31260,124024.7,65174.8,12.2,2024,6
Drought,12.0279,106.1974,8.8,56453,187180.2,125803.7,13.3,2019,133
Landslide,25.2037,101.1922,7.0,46055,161321.5,114579.3,14.2,2026,26
Flood,13.9834,108.0484,7.9,41429,144861.2,91116.8,11.9,2015,18
Tsunami,-5.671,109.5265,6.3,42787,176496.1,87537.7,13.3,2006,36
Flood,14.1163,118.8438,5.1,14597,56153.2,31372.4,12.4,2007,17
Flash Flood,14.3194,105.3531,7.8,26250,89937.8,65556.2,12.9,2014,62
Tropical Cyclone,12.3506,98.8296,7.1,34540,144281.5,81268.0,11.5,2023,26
Flash Flood,2.6283,115.7838,6.7,15306,55860.5,37246.3,10.3,2024,27
Landslide,14.5307,106.4322,6.7,4036,16566.6,8427.4,14.3,2016,39
Cyclone,14.5637,94.6197,7.4,33450,117140.1,81408.3,11.0,2012,13
Volcanic Eruption,15.1018,117.4859,8.1,2527,9716.4,5767.0,14.2,2023,192
Earthquake,5.191,118.2096,6.5,40141,157166.4,101126.2,11.1,2007,31
Flood,-7.7301,104.4294,5.9,14482,47532.2,30363.2,10.6,2023,29
Flood,17.5344,95.0043,8.0,34563,114039.5,75031.9,11.1,2019,25
Flood,-5.05,110.6183,6.9,34647,111751.1,76416.1,14.2,2025,25
Landslide,5.166,100.2361,8.4,15976,55617.3,41039.2,13.1,2021,139
Flood,-2.0141,118.4598,7.4,47787,170786.5,102324.1,14.4,2010,12
Landslide,26.0434,93.4987,8.3,23105,96153.2,50655.8,16.5,2007,118
Flood,18.0669,102.5892,8.0,3972,13465.3,8229.4,14.6,2018,44
Flood,15.7962,99.1716,6.3,31943,109828.1,69174.7,10.1,2008,11
Volcanic Eruption,6.9523,119.286,4.7,15165,48570.8,38559.3,11.9,2025,4
Storm Surge,18.345,106.2764,7.3,16165,64823.1,40033.9,10.7,2025,16
Flash Flood,11.7942,106.657,7.0,4202,17311.0,9602.7,10.8,2022,30
Tsunami,-8.47,127.6612,5.3,6977,28488.4,17811.0,12.7,2012,18
Tropical Cyclone,13.7156,99.2691,4.7,25171,100397.1,65213.2,7.5,2018,12
Landslide,8.8826,106.2397,6.2,18777,74739.0,45280.7,10.6,2020,10
Cyclone,18.2906,94.51,4.2,20446,82291.8,46811.8,7.0,2015,2
Flood,13.1504,102.6337,6.2,40916,145893.3,82287.4,11.1,2007,15
Storm Surge,20.3451,102.1714,6.4,36819,147679.4,85574.1,10.9,2019,22
Tsunami,3.7254,107.5196,5.1,21832,81153.8,44340.9,12.4,2019,14
Volcanic Eruption,-9.1687,113.1504,4.5,5948,24845.4,13881.6,8.9,2019,1
Landslide,12.5313,93.6211,5.2,22705,87420.7,57303.4,9.5,2023,11
Flood,11.05,98.2821,7.0,17325,64159.6,34763.0,12.6,2019,33
Flood,14.1094,109.4169,8.2,41590,162830.2,105228.8,12.2,2017,103
Volcanic Eruption,6.4768,125.1683,7.6,18924,78548.8,46090.4,14.8,2024,57
Flood,6.9529,116.7959,5.5,15628,61844.4,32457.7,9.5,2015,13
Flood,13.3048,93.8346,6.1,9286,29958.7,21925.7,11.9,2022,17
Volcanic Eruption,0.7599,116.5379,6.7,23566,82134.0,59995.5,12.9,2023,18
Landslide,-5.1339,127.297,6.1,15709,59598.7,34767.8,12.2,2018,24
Flood,13.102,104.9383,6.7,30915,121116.7,69593.9,11.3,2025,32
Flood,-7.1877,131.118,5.4,17307,69003.8,43326.9,10.3,2009,4
Volcanic Eruption,-1.8477,137.7318,7.9,46687,191993.7,108953.0,16.3,2007,21
Flash Flood,17.1172,104.8474,7.9,1008,3786.0,2482.4,15.0,2009,38
Cyclone,19.663,100.6145,8.4,36227,141674.9,91955.4,12.7,2023,115
Flash Flood,14.5881,100.275,5.4,2889,10757.8,5794.1,11.6,2009,6
Flood,-4.7144,116.9771,6.6,10025,37887.5,24239.6,12.8,2015,26
Landslide,7.5699,103.8158,6.6,32151,121549.5,77850.3,12.1,2013,19
Landslide,12.0007,97.8647,6.2,9174,36898.0,19317.7,10.8,2008,29
Earthquake,15.6204,98.3131,8.1,11116,42822.2,23780.8,14.0,2006,110
Flash Flood,19.3745,106.1382,7.3,3067,11018.1,6966.4,12.6,2013,18
Cyclone,13.7904,97.9587,6.6,42987,144890.6,107390.9,11.9,2010,32
Landslide,22.5995,96.621,6.4,15142,62397.4,34646.5,13.7,2026,38
Landslide,17.4216,97.1283,6.4,27642,91871.4,57113.6,10.4,2014,27
Landslide,8.8739,124.1188,6.9,17244,55788.4,44387.5,12.2,2017,27
Flood,16.0958,95.5876,7.6,49626,176088.0,102158.8,12.6,2007,27
Flood,-5.2238,107.9238,7.9,31825,127156.3,75176.4,13.8,2024,67
Earthquake,12.4189,100.9963,8.2,42823,154961.9,98418.4,12.9,2012,130
Earthquake,18.5511,126.3666,7.4,40467,156484.4,93471.0,13.6,2022,41
Drought,12.086,106.5458,6.0,39459,144124.3,97331.1,9.3,2012,30
Tsunami,5.1883,104.2403,5.9,25594,94237.0,63046.9,12.3,2006,5
Flood,16.4605,100.316,5.9,945,3401.3,2281.3,13.2,2018,29
Flood,13.0712,100.2053,8.1,47026,174714.8,96499.4,12.5,2009,92
Earthquake,15.2019,126.3293,5.6,12642,41754.0,29897.8,11.4,2012,28
Earthquake,11.0422,93.8294,7.3,15013,59667.2,37650.9,13.6,2016,44
Flood,11.7909,94.2405,6.8,38781,130754.8,90269.6,11.8,2026,33
Flood,6.835,100.6849,7.3,17152,68996.2,42087.1,13.6,2010,51
Volcanic Eruption,0.2733,96.1988,5.8,8421,31237.1,16936.5,12.4,2016,24
Flood,13.8349,97.7695,6.7,18526,74954.4,47936.0,11.3,2007,36
Flood,15.8047,107.4768,5.3,29078,119691.6,67321.6,10.3,2015,16
Flood,18.0759,117.8944,6.8,28989,101177.1,60903.5,14.2,2013,14
Earthquake,8.3653,118.3005,6.4,17359,65557.3,40973.6,12.6,2006,8
Flood,-9.2596,130.1598,6.5,31118,117666.8,64147.4,13.9,2009,34
Landslide,16.0711,99.7982,7.6,22184,78579.7,57259.0,12.7,2013,15
Landslide,16.6867,108.9591,5.3,13007,41819.8,30789.5,9.5,2010,11
Flood,25.1703,93.5331,5.8,26059,86999.7,53422.7,12.1,2013,18
Flood,11.7641,106.8397,6.6,31099,113719.3,66206.0,11.6,2022,38
Landslide,16.3329,95.6679,6.7,33155,127757.2,78349.6,10.8,2023,41
Landslide,23.6309,100.9726,5.2,2341,7824.4,5813.3,12.1,2017,4
Landslide,18.5995,106.6596,4.7,14304,48437.3,30653.5,10.1,2018,10
Earthquake,13.0136,95.2422,7.4,12982,44429.0,32637.9,10.4,2009,20
Cyclone,21.8333,99.5827,5.1,1599,6588.2,4032.2,8.1,2016,6
Landslide,13.1555,96.4868,7.2,37863,142644.8,79641.2,13.2,2009,40
Flood,13.3535,119.6103,7.9,43111,153387.6,109111.9,14.8,2018,60
Landslide,24.7681,97.6241,8.1,4100,15962.2,8782.4,12.2,2018,183
Landslide,26.2371,96.0671,5.8,33856,137098.2,73531.2,11.8,2010,21
Cyclone,21.2833,97.5192,4.9,15463,56883.6,31317.3,10.7,2009,9
Landslide,-6.7833,109.9091,8.1,10559,39042.4,22153.3,13.8,2019,139
Tsunami,-2.7796,116.3821,4.7,31338,102228.4,68035.2,10.1,2014,7
Flood,14.7338,102.2021,4.4,13357,50578.2,31461.3,8.9,2012,5
Cyclone,21.3272,95.0521,6.6,45224,165424.2,112433.9,12.4,2019,11
Landslide,14.2466,103.0091,6.5,6455,21192.8,13655.2,9.7,2015,35
Landslide,7.0737,119.8859,6.7,19905,69457.8,51380.6,11.3,2007,16
Earthquake,19.7377,96.9168,5.8,11170,39971.1,28699.0,9.0,2011,32
Earthquake,20.3498,95.6675,5.0,31260,114158.8,63587.0,9.2,2007,12
Volcanic Eruption,18.3025,120.7099,8.3,48485,155436.3,107554.4,15.3,2012,145
Flash Flood,4.7264,110.982,6.5,35400,126631.7,71865.8,12.1,2026,11
Flood,22.0388,98.4636,4.8,3270,11079.0,7128.0,13.1,2024,9
Landslide,6.1254,121.333,4.8,26464,101379.9,58010.4,10.0,2019,12
Landslide,8.0917,101.4466,6.7,28993,113055.6,64594.4,11.1,2008,40
Earthquake,19.0891,94.7612,6.6,29882,123325.4,72675.4,11.2,2021,35
Flood,18.8379,106.3261,6.4,4738,19270.1,11518.1,12.1,2026,30
Flood,27.3188,92.5476,6.8,25718,97128.9,62698.2,14.4,2012,10
Cyclone,26.2922,94.9588,5.4,29995,119755.9,75336.8,12.0,2009,19
Landslide,23.5276,95.0857,6.0,1797,6099.3,4271.2,11.4,2021,30
Tsunami,-3.0297,111.7278,5.3,31236,111048.1,79017.3,12.0,2006,9
Earthquake,26.6572,96.8615,5.7,29824,124182.0,68692.5,12.4,2018,23
Typhoon,5.3322,126.2311,8.2,42743,178759.9,95245.1,14.2,2021,92
Flood,10.4234,118.5367,6.9,11227,41315.9,27032.6,14.9,2016,19
Cyclone,15.4049,99.1412,7.5,9303,30327.1,20696.5,10.8,2011,44
Landslide,13.6584,102.8899,7.3,36511,145473.6,83220.0,12.0,2010,42
Landslide,21.2103,107.4052,6.9,37019,134139.8,89669.7,10.0,2021,17
Tsunami,-4.7668,119.0417,7.0,17621,73950.9,37215.5,11.8,2006,46
Landslide,13.0693,100.5742,4.5,4718,16712.9,10311.6,7.6,2008,6
Drought,15.8503,100.5994,6.3,34304,142454.3,86225.0,9.3,2024,37
Landslide,21.7195,94.1952,7.0,14177,56739.8,34209.1,11.0,2022,33
Earthquake,13.6186,94.3249,5.9,28711,96354.0,59259.9,11.6,2026,19
Flood,-0.5108,134.9649,6.7,13874,48019.6,34752.8,11.9,2014,42
Flood,-4.4604,111.2472,6.1,5870,20005.1,14908.1,12.7,2013,12
Cyclone,10.3815,93.0802,8.1,48697,195240.8,100081.5,14.1,2008,93
Landslide,20.7612,100.9261,8.0,26835,91402.2,55294.5,11.6,2006,26
Landslide,1.5399,101.8091,6.6,41915,152699.1,94662.7,10.5,2014,23
Flood,-1.3813,125.1327,4.7,25722,92622.0,66362.1,8.8,2016,12
Typhoon,19.0221,119.1896,6.2,9891,39101.9,23414.5,10.5,2024,22
Flood,14.45,97.9193,8.4,19452,62486.4,47902.2,14.2,2017,89
Cyclone,11.0607,99.0539,7.6,12404,42777.1,26223.6,11.8,2013,35
Cyclone,17.8842,99.7987,7.8,10180,37712.3,21414.0,11.6,2019,41
Landslide,6.8168,125.3679,5.3,10524,37244.4,23530.8,12.8,2011,22
Landslide,27.411,97.8999,4.3,15203,62736.4,32165.1,7.9,2021,4
Flood,-7.0198,118.4873,6.5,42655,162089.1,107959.2,13.3,2009,17
Tsunami,4.5666,118.4549,7.9,49793,160554.7,107503.0,13.6,2011,16
Earthquake,24.6103,94.8698,6.8,16854,60281.0,37535.7,14.3,2007,30
Drought,14.0795,107.306,8.9,3762,12054.5,8349.2,13.8,2020,142
Flash Flood,1.9606,102.0092,5.4,26240,97243.4,67600.6,10.2,2010,10
Cyclone,15.4933,95.1818,5.0,27673,113370.0,66498.3,10.0,2009,6
Typhoon,12.7873,125.5292,7.9,9890,34221.1,23760.3,14.2,2013,50
Flash Flood,4.728,111.1895,6.6,15463,58190.3,32596.5,10.1,2020,16
Landslide,16.2317,98.5001,8.4,55026,204224.3,114917.6,12.1,2020,146
Landslide,25.3432,95.1788,6.9,42528,168298.4,96537.2,14.1,2010,17
Flood,13.3081,124.208,6.4,5621,21759.9,11902.6,12.3,2007,7
Landslide,27.141,100.1375,7.4,29682,96081.1,66482.0,14.4,2026,56
Flash Flood,14.3063,101.5005,8.1,2966,9923.1,6712.7,13.1,2025,134
Flood,16.0483,106.7013,6.5,7386,24578.1,15430.5,9.5,2026,40
Landslide,6.9656,100.2757,7.4,25479,96389.0,63143.5,10.6,2011,25
Landslide,27.0547,93.2641,5.2,10138,38901.7,22674.8,10.9,2026,20
Volcanic Eruption,1.1982,122.4389,4.8,28272,92179.3,70689.0,12.4,2012,4
Tsunami,-10.2328,134.3593,6.0,23367,91927.6,56560.2,14.7,2018,15
Landslide,22.5613,100.7361,8.9,2726,10390.1,6286.8,17.5,2006,131
Landslide,2.0395,113.9059,6.9,45021,179705.9,113971.1,10.8,2022,8
Earthquake,13.3742,93.5138,5.5,34182,131542.1,83101.9,8.3,2014,17
Tsunami,-5.9615,116.0188,8.6,40569,141038.5,91659.8,13.6,2026,177
Landslide,25.7646,100.577,5.1,30729,127910.1,74934.9,11.7,2014,18
Flood,19.7724,97.5233,7.4,36199,140252.8,87657.0,10.9,2010,38
Tropical Cyclone,18.9592,97.9004,6.3,20036,74871.0,51137.9,10.2,2025,12
Landslide,9.6013,108.2815,7.1,49015,172150.4,110587.3,10.9,2018,44
Earthquake,10.7658,92.6279,5.5,19179,79052.8,42386.9,9.3,2017,13
Landslide,25.1505,99.5435,8.3,7873,31550.2,18359.7,17.3,2014,156
Storm Surge,19.8876,105.9279,6.2,39800,129717.5,97943.1,11.4,2011,25
Flood,13.8433,105.7723,6.9,41812,165275.2,85028.3,11.5,2012,38
Earthquake,17.4568,96.708,6.4,43015,151284.6,95898.6,9.5,2025,9
Flood,4.8592,108.6009,5.2,28041,93617.9,56135.5,9.7,2025,18
Flood,24.2284,94.597,7.5,1777,6179.1,4603.2,15.8,2010,16
Earthquake,25.8318,101.1016,7.9,44252,143858.2,94270.3,13.9,2017,66
Landslide,16.9071,102.6334,7.2,41670,133857.0,93846.8,11.3,2016,12
Landslide,8.4858,122.5401,7.0,30840,124768.1,64740.9,11.7,2024,27
Earthquake,17.2258,100.1813,5.6,22375,74069.2,50863.0,10.2,2020,9
Storm Surge,14.0662,105.2657,8.6,34013,131153.6,74644.7,13.2,2010,160
Flood,-2.7247,109.5691,8.1,3078,9873.6,6166.5,13.4,2007,138
Landslide,23.2955,100.696,7.3,21958,81032.2,55712.5,13.3,2022,56
Earthquake,1.7151,139.8677,6.0,21921,83133.9,49495.7,13.1,2021,20
Typhoon,8.9401,102.8535,6.2,25793,92065.0,58440.5,10.6,2012,22
Cyclone,26.1875,98.1637,6.3,13852,55597.4,35453.6,12.0,2016,18
Flash Flood,18.3288,102.3054,6.9,636,2051.4,1369.8,10.9,2006,27
Flood,10.068,117.1677,7.5,35317,130177.9,83301.6,14.9,2021,15
Flood,4.1944,103.2047,8.1,17726,67172.2,37594.3,12.3,2015,61
Earthquake,5.3059,121.4549,5.9,20450,75990.8,41233.9,10.6,2021,13
Tsunami,3.0225,112.6968,8.4,29830,105756.7,76717.3,14.4,2012,124
Landslide,12.61,93.3107,6.7,10234,42008.3,24424.5,12.0,2013,26
Landslide,27.4874,95.026,7.8,9165,38265.1,20330.5,14.8,2018,12
Tropical Cyclone,18.7259,98.5301,6.6,43109,140440.9,103218.4,11.8,2017,28
Landslide,4.9855,110.4205,7.8,33429,107136.1,84219.3,12.7,2017,16
Flood,15.9921,102.2871,7.1,6360,25160.1,16423.0,12.6,2024,25
Landslide,6.3296,125.4695,7.5,6954,29156.4,17915.7,12.0,2017,20
Drought,17.9322,101.036,7.9,29492,117676.2,64176.7,11.5,2010,45
Volcanic Eruption,-4.9767,102.6739,6.5,35347,114429.4,76211.3,12.0,2008,11
Flood,3.7765,111.8572,7.0,31579,129654.1,73907.3,13.5,2022,49
Flood,13.4735,106.0976,5.4,28190,103723.4,64294.3,9.9,2015,20
Earthquake,23.7121,96.555,5.8,29699,107862.3,71509.8,11.9,2024,13
Earthquake,25.9437,95.4582,7.6,37575,128915.7,82247.5,16.1,2019,50
Landslide,10.1662,108.3952,8.2,53277,207229.1,132524.9,13.2,2015,152
Landslide,19.1693,105.5724,5.9,19137,71638.3,42227.5,9.6,2018,19
Landslide,8.5329,102.4433,7.4,4992,19889.8,11091.0,10.2,2008,12
Landslide,16.0307,97.8566,6.0,38336,152040.2,86181.3,11.9,2021,33
Drought,11.9329,103.0316,6.9,20868,84265.8,49256.4,10.2,2019,45
Typhoon,18.9965,107.3687,8.8,54952,190970.9,116186.9,14.3,2018,165
Earthquake,11.7001,94.5234,7.3,22611,73796.0,49126.9,13.0,2023,30
Earthquake,23.7465,99.165,6.8,40122,145696.6,90125.1,12.5,2010,9
Landslide,12.6201,94.1418,7.4,30529,112047.1,74293.4,12.0,2005,24
Flood,12.9747,93.2107,7.9,26517,98051.0,62312.1,12.0,2019,26
Flash Flood,18.8364,100.1355,7.8,5177,21630.9,11294.0,15.4,2005,62
Flash Flood,1.2169,103.99,7.8,7222,24974.9,15773.5,10.5,2020,58
Earthquake,3.3241,118.8681,6.4,33530,133360.1,85315.7,11.8,2024,7
Landslide,17.8925,124.4982,8.0,16833,54911.6,35620.5,13.7,2005,69
Landslide,17.7984,103.0203,5.4,28612,93205.8,73120.5,9.4,2024,17
Volcanic Eruption,-4.7094,126.0321,7.0,15800,62697.9,36234.7,11.0,2015,22
Landslide,-3.6412,119.084,7.0,25536,100249.9,53106.5,14.6,2023,10
Volcanic Eruption,-0.7954,132.7403,7.3,15751,56892.2,38270.3,11.1,2009,18
Landslide,10.4167,104.9208,7.1,47075,162801.2,119752.8,12.7,2016,24
Landslide,18.421,96.9508,6.9,19095,77804.8,40170.8,12.5,2019,49
Volcanic Eruption,-1.239,102.7194,7.3,32274,127155.3,78271.3,14.0,2015,42
Earthquake,11.7387,98.6711,6.8,33328,108667.6,72172.7,13.3,2019,12
Landslide,19.6305,99.0361,8.0,50528,210302.8,129653.4,12.4,2017,57
Storm Surge,21.9159,105.3957,4.8,16577,57591.6,34626.2,7.3,2022,7
Earthquake,14.4688,99.2289,4.6,8106,31145.2,18290.4,10.2,2021,2
Landslide,17.3389,105.3754,6.9,24846,81261.4,61484.8,10.8,2011,34
Cyclone,17.8213,96.8709,6.6,23146,74931.7,56694.1,9.9,2022,10
Typhoon,5.3355,118.2293,5.9,8891,35391.0,22938.0,13.6,2018,12
Landslide,15.5764,99.9719,5.0,14340,58019.2,30976.7,8.0,2026,12
Flood,11.6308,95.955,6.4,4793,15548.6,9620.8,9.7,2011,22
Flood,13.0025,104.2722,8.0,28843,111995.9,69959.7,13.7,2018,30
Landslide,15.8706,92.9233,5.9,16417,52581.8,42530.2,9.6,2024,12
Storm Surge,15.4802,106.942,6.3,2245,7843.3,4730.9,11.8,2022,29
Landslide,9.7325,99.6386,7.5,18036,61665.5,39809.2,13.3,2021,53
Landslide,18.6872,95.1797,6.6,40259,166002.2,101891.0,10.6,2017,42
Flood,15.8661,120.7533,7.3,30059,114947.1,61253.6,13.4,2021,50
Landslide,23.0079,100.5517,6.4,16951,62654.3,38962.1,14.3,2007,33
Landslide,14.0751,108.3805,7.9,27991,114680.3,59922.5,13.8,2025,55
Landslide,-2.0922,139.8304,4.9,23938,79195.4,50603.3,9.4,2007,12
Flood,21.3587,95.2177,5.9,2446,10029.8,6218.2,9.4,2019,16
Earthquake,23.14,96.5635,6.6,14806,56630.9,31093.2,12.4,2005,37
Cyclone,12.6186,99.565,5.6,7732,26941.8,19128.2,10.6,2009,26
Landslide,23.5455,95.3878,7.4,10139,34350.3,21564.0,15.5,2021,54
Flood,13.2038,99.1569,4.2,20033,65459.1,40603.1,7.9,2019,3
Cyclone,15.7306,95.338,5.8,17033,57941.2,35734.8,10.8,2011,26
Landslide,17.1056,96.4167,5.8,14342,52705.0,30303.7,10.7,2018,9
Landslide,-4.8958,125.9044,8.7,5548,19798.3,13725.9,15.7,2007,67
Flood,7.896,117.8385,6.1,38892,154266.3,92992.5,11.7,2006,31
Earthquake,20.0983,97.4313,8.1,36718,140685.9,80629.8,12.2,2023,99
Drought,12.5009,106.011,6.8,39181,157427.3,95497.9,9.7,2025,32
Landslide,17.3949,101.2022,5.2,18845,77645.1,44440.7,8.5,2015,18
Cyclone,16.6494,101.1649,7.5,10035,36877.3,23343.8,11.4,2025,58
Landslide,15.2005,121.0197,4.9,3324,11561.0,6695.1,12.2,2014,3
Landslide,-3.917,101.1743,7.0,17869,62896.4,39309.2,14.2,2010,28
Flash Flood,4.3301,114.4261,6.5,2182,7501.0,4954.6,10.6,2017,32
Flash Flood,6.5241,99.5601,6.7,45462,154888.0,112492.2,11.0,2024,20
Earthquake,18.9684,98.1217,6.1,7894,30646.1,18184.3,10.6,2026,7
Flood,8.1544,122.7697,6.4,44229,153341.7,108318.3,11.2,2005,37
Drought,18.5251,104.0876,6.4,1649,6068.9,3307.5,9.1,2025,26
Earthquake,23.221,93.5439,5.6,30387,111709.7,69457.4,14.3,2012,13
Landslide,10.531,92.849,6.8,12079,48403.0,26416.8,10.4,2010,33
Flood,12.7071,117.1775,5.9,20877,85772.7,46247.7,14.4,2021,5
Volcanic Eruption,-9.1022,95.0595,8.0,24502,82735.4,63549.9,12.8,2008,14
Earthquake,18.2492,94.6705,6.2,19733,71647.0,46125.1,10.3,2009,14
Cyclone,25.4417,100.1933,7.3,9484,39056.3,22449.8,14.3,2015,58
Earthquake,11.8852,126.4099,4.3,13331,55806.3,33216.1,12.3,2008,4
Landslide,4.3202,114.6322,5.9,2152,8335.3,4930.5,8.4,2020,20
Earthquake,-1.5321,130.5955,6.3,1901,6656.4,4718.5,12.0,2018,33
Drought,15.2189,100.6069,6.3,35959,147226.8,88143.8,10.9,2013,27
Flood,3.2901,133.8587,5.7,10729,44661.0,23261.1,12.9,2013,10
Volcanic Eruption,5.2311,120.611,6.0,3454,11652.1,8846.3,10.3,2016,31
Typhoon,16.7291,107.0337,7.9,38247,157213.8,77458.7,11.6,2022,34
Cyclone,10.7707,100.2664,5.9,37662,134226.5,96118.5,10.4,2006,21
Landslide,17.149,100.07,5.1,4668,17334.9,10875.4,9.6,2018,10
Landslide,-0.9189,118.9138,5.7,11892,44253.5,28426.9,14.4,2011,21
Landslide,14.9455,94.2872,8.0,55737,226133.7,136537.1,10.4,2022,48
Tropical Cyclone,9.048,102.768,5.3,10848,42468.4,24534.6,7.8,2010,4
Earthquake,11.1642,121.1323,6.7,46555,149497.1,112641.8,12.3,2007,46
Cyclone,12.403,100.5899,6.5,33257,107267.9,83824.9,11.2,2006,24
Volcanic Eruption,15.6246,125.071,7.4,15911,58641.5,36723.6,13.1,2024,20
Flood,11.5133,100.2128,6.7,20346,77143.5,50909.6,11.0,2012,18
Flood,-5.0977,119.3205,6.7,26395,107736.1,61369.1,12.6,2025,15
Landslide,-0.239,133.6121,5.7,34279,124588.7,78205.1,12.0,2016,20
Flash Flood,3.3624,107.7039,7.5,37690,121803.8,87660.5,10.8,2014,30
Earthquake,27.3808,97.7276,5.0,19962,69582.8,42101.2,10.5,2013,11
Earthquake,10.7444,120.6907,6.0,6031,20993.3,13113.5,12.4,2014,32
Landslide,14.3965,121.0877,6.3,16470,66566.6,36661.3,13.0,2020,9
Earthquake,12.1975,125.6285,7.9,34252,119136.7,78392.8,13.6,2010,65
Flood,1.6277,125.423,5.4,8753,34736.6,17512.1,10.4,2020,4
Tropical Cyclone,19.2363,103.4352,7.8,6807,23001.9,13905.8,12.9,2022,46
Cyclone,24.6837,93.169,7.7,6435,25510.5,14462.2,14.9,2009,11
Typhoon,13.6698,106.9018,4.8,23244,77604.6,58269.1,10.1,2008,14
Flood,12.5151,103.7861,7.0,5664,22239.2,13555.0,11.8,2017,21
Flood,13.602,93.7817,6.0,26953,86539.9,55802.8,9.1,2025,23
Landslide,6.4895,103.2411,6.1,14507,49180.3,34406.0,10.8,2009,14
Earthquake,17.8484,98.9559,8.1,8807,32434.6,20381.7,14.4,2010,158
Flash Flood,1.2006,103.9873,6.7,4329,15170.6,10364.9,12.2,2009,35
Cyclone,21.7894,95.5594,6.1,5818,24395.6,12653.1,9.2,2016,12
Flood,-2.9046,124.2597,6.7,32478,115074.3,73546.5,10.9,2016,27
Landslide,5.0961,117.0426,6.2,4597,15532.3,10539.1,11.2,2005,11
Landslide,21.6773,94.0329,5.6,2148,8664.9,5119.6,11.6,2023,17
Earthquake,11.1101,122.4808,4.9,19677,68056.6,47661.9,10.8,2009,12
Earthquake,25.728,97.5548,6.4,19078,71108.7,39334.1,12.2,2026,9
Landslide,9.2073,109.3762,7.6,22863,83993.4,46859.2,12.8,2024,32
Earthquake,16.3355,99.2718,8.4,6869,22196.7,17631.0,12.7,2014,119
Tropical Cyclone,7.9441,101.4558,8.3,51684,203635.6,122525.5,12.7,2015,62
Storm Surge,17.8142,104.6609,5.8,21382,71722.9,52146.5,11.2,2005,10
Landslide,2.3067,110.9839,6.5,17927,64336.5,44518.5,11.3,2013,17
Typhoon,12.3235,108.4426,6.5,37046,135190.3,94383.8,11.8,2020,33
Landslide,7.921,99.1004,5.2,24823,86285.3,61816.1,9.0,2019,6
Landslide,15.1686,92.8547,6.7,19578,76123.3,44802.3,9.5,2007,44
Flood,11.4754,100.8843,6.4,20519,70737.1,44536.6,10.4,2010,8
Flash Flood,16.4559,105.0355,8.0,5704,22345.5,12893.9,14.3,2010,71
Landslide,10.8059,103.3289,8.7,32651,129934.2,83430.3,12.8,2020,112
Flash Flood,21.0193,102.9536,6.6,5438,21312.0,13333.6,12.1,2013,29
Flood,13.3336,96.1666,8.3,16425,53110.0,35300.6,12.0,2013,142
Tropical Cyclone,15.8212,104.3948,7.0,1703,6711.6,3809.0,12.7,2007,50
Earthquake,26.2268,94.9339,7.6,26323,110281.2,55962.3,13.1,2025,43
Landslide,9.4877,103.4871,5.6,28292,96493.0,57912.2,11.7,2023,18
Flash Flood,13.0994,103.9363,5.4,33997,121719.1,68981.2,8.9,2007,18
Flood,15.2475,104.7818,6.2,24669,92814.3,54362.1,9.0,2007,12
Flood,2.4222,110.1405,8.0,40230,161160.8,86456.3,13.0,2016,12
Flood,21.5574,95.1894,5.3,32623,109407.0,82475.4,10.7,2013,22
Volcanic Eruption,-3.101,114.6951,7.9,31064,120842.1,62262.9,13.2,2009,39
Earthquake,-6.6194,125.4781,7.8,18690,75030.8,43440.0,15.5,2010,23
Landslide,2.0459,123.5776,7.2,11855,44735.3,24724.9,11.2,2025,53
Earthquake,23.6261,93.5081,5.4,2007,6912.9,4468.3,12.0,2013,19
Cyclone,22.5599,97.7037,6.9,26102,85282.3,64751.5,12.7,2007,37
Earthquake,23.0869,100.8361,6.0,21900,83503.2,53806.9,11.1,2010,15
Landslide,9.2028,117.6975,7.3,13135,45442.0,32644.8,15.5,2012,25
Flood,-5.1391,128.3155,7.8,51949,175925.5,120249.4,16.5,2009,50
Drought,10.556,105.1308,7.1,4099,16368.7,10585.6,12.4,2010,17
Earthquake,-9.6059,107.8728,6.3,21131,84319.2,46740.0,12.8,2016,38
Cyclone,21.5153,97.638,6.4,19784,67285.6,43590.1,9.4,2014,41
Flash Flood,5.2123,109.5252,4.5,13666,44703.1,33348.4,9.1,2014,3
Earthquake,20.2001,100.7077,9.0,54419,218057.7,111025.5,14.0,2018,182
Drought,13.2257,106.3942,8.2,15274,50293.6,31771.8,11.6,2008,99
Flood,26.6511,97.6119,5.4,24659,98354.1,50114.0,10.8,2009,21
Landslide,15.7222,98.9256,6.2,10129,37416.4,21307.3,9.7,2017,31
Flood,16.6755,100.7178,5.5,2168,7966.5,5563.3,9.4,2021,23
Flood,-4.5055,124.3542,7.7,37885,130319.3,75817.7,14.7,2013,31
Typhoon,20.7012,108.5606,5.2,20765,78194.4,46684.7,9.0,2022,14
Tropical Cyclone,13.012,100.1977,8.0,52110,205413.4,112596.7,12.0,2012,31
Flood,7.7528,119.0498,8.5,4370,17973.4,10064.6,16.1,2008,72
Typhoon,13.838,104.4743,4.6,15405,50972.8,39499.2,9.3,2007,8
Landslide,2.0621,117.9552,7.5,5700,20740.4,13562.6,12.6,2026,14
Flood,5.1175,118.9378,8.1,2151,7038.0,5404.6,15.8,2012,122
Volcanic Eruption,15.406,118.4462,8.2,39148,158384.9,87130.5,14.5,2024,103
Earthquake,11.7887,93.7811,8.7,42285,159837.2,90739.2,13.2,2022,106
Tsunami,-1.3358,139.8533,5.8,20709,79006.6,52811.5,10.8,2023,14
Tsunami,0.3946,123.9005,8.0,52110,197587.6,121228.4,14.8,2009,17
Earthquake,2.369,126.0591,5.7,13343,43041.3,27854.6,13.9,2011,7
Earthquake,16.7714,117.8494,4.9,3401,12887.5,7876.0,10.9,2022,8
Coastal Surge,1.2321,103.8332,8.2,7137,23676.5,17045.4,13.9,2005,82
Earthquake,27.0424,98.8239,5.2,28798,117971.3,66297.2,12.0,2005,14
Cyclone,16.8916,94.003,6.6,12763,43929.3,30189.4,11.2,2019,17
Landslide,13.2089,107.7094,5.8,34088,134717.9,73705.1,9.9,2006,26
Landslide,20.3138,108.9933,6.3,22009,77484.8,49258.7,9.7,2015,36
Flood,19.8601,106.6095,6.8,2564,9556.0,6520.5,13.8,2017,33
Earthquake,13.9631,98.082,7.3,38958,139971.6,83055.8,13.0,2020,20
Volcanic Eruption,13.1994,123.3773,6.7,10094,34374.2,23479.9,11.2,2020,12
Tropical Cyclone,18.5693,99.662,7.2,42428,155848.3,104167.8,11.5,2018,16
Drought,13.9569,99.1719,5.9,5846,22824.6,13890.0,11.3,2018,8
Landslide,7.029,124.2559,6.8,28361,109643.9,63111.2,12.6,2026,37
Volcanic Eruption,13.0244,123.3059,5.9,7229,30297.0,18617.4,10.8,2008,31
Landslide,17.6375,101.4568,8.2,6023,21932.9,15619.4,12.8,2008,103
Flood,16.839,96.9193,4.6,5355,19741.3,12720.3,7.9,2015,7
Flood,11.2468,98.0194,6.2,37291,121222.8,75230.7,10.7,2017,8
Flood,21.8688,96.2642,6.6,39292,164486.0,97408.1,10.6,2018,28
Landslide,23.5774,101.4205,7.2,9895,39359.6,24924.9,13.7,2025,30
Typhoon,10.8983,117.7047,7.3,7187,24118.7,15434.4,14.2,2025,36
Flood,-7.9585,136.6374,5.3,26438,101441.1,61951.6,12.8,2017,7
Coastal Surge,1.323,103.6343,7.3,6302,21332.4,13688.0,13.7,2016,38
Earthquake,13.1755,98.9197,6.1,9114,32081.7,20485.5,9.8,2008,7
Flash Flood,12.2585,104.141,7.6,24633,81752.8,57175.3,11.3,2024,53
Flood,-4.4727,111.0906,6.2,25330,83080.0,64795.5,12.1,2026,23
Earthquake,11.552,99.0151,6.0,12992,46838.5,30372.7,9.0,2013,21
Flood,14.3154,124.9641,7.4,17429,62545.7,42204.7,13.2,2011,40
Landslide,27.2783,100.3848,5.6,26724,109247.6,59717.9,12.6,2014,9
Landslide,26.0785,101.4324,7.9,14717,57417.3,30605.7,12.8,2012,56
Tsunami,-5.5914,100.9018,4.8,23686,77366.6,48011.3,10.0,2005,3
Earthquake,-0.8974,98.8097,8.5,26210,89311.5,54629.5,15.6,2016,61
Tropical Cyclone,19.2602,101.3837,7.0,42812,161546.9,109782.5,11.4,2007,12
Cyclone,24.4188,94.4735,8.5,21389,73920.1,42978.7,16.4,2023,135
Earthquake,24.8459,97.261,6.4,32641,136443.9,70512.6,14.6,2017,40
Cyclone,22.8241,99.6946,7.1,8431,32378.1,18057.2,13.2,2010,24
Flood,9.8457,122.6232,6.6,20995,72062.4,50374.4,13.4,2018,46
Earthquake,22.9426,94.6833,6.3,41998,176298.7,103547.4,13.6,2012,12
Flash Flood,14.0754,103.5414,4.6,18478,64567.8,47419.2,7.1,2011,4
Volcanic Eruption,3.0616,111.1148,6.4,36846,118963.3,78795.9,10.2,2024,41
Flood,10.7324,98.0576,4.7,9317,36550.6,22333.1,10.5,2012,4
Landslide,23.5071,100.3678,6.4,32352,123805.0,78367.6,11.3,2017,39
Flash Flood,16.2777,104.2104,6.3,3943,12851.0,9540.4,12.2,2020,11
Flash Flood,2.9008,117.2703,6.1,23394,75433.9,52914.8,12.6,2014,14
Earthquake,16.3164,92.9893,7.0,24550,83882.6,49450.8,10.9,2015,18
Typhoon,12.0597,125.9928,7.2,29604,120344.1,65349.8,13.1,2008,57
Cyclone,27.3572,96.3502,9.0,17361,70870.2,37866.4,17.7,2007,116
Typhoon,14.3078,117.0248,6.7,20476,73465.9,42877.4,12.5,2021,21
Landslide,6.2081,117.3515,7.3,23532,89638.7,47352.5,14.3,2023,11
Flood,22.0253,104.3847,6.4,13902,56640.3,29860.2,11.6,2025,13
Landslide,21.684,102.8331,7.1,856,3270.3,2146.4,13.5,2012,45
Drought,6.961,98.2166,4.7,17233,71456.7,41862.4,8.2,2018,9
Landslide,18.8516,98.9669,5.5,10434,36728.9,24479.0,10.3,2025,16
Cyclone,19.8637,93.1653,7.1,45756,189302.2,109213.8,11.2,2019,51
Earthquake,23.1191,92.8631,5.9,1562,6238.3,4047.3,12.9,2012,19
Flood,16.0355,100.0515,6.1,23310,97545.6,60528.5,10.7,2022,11
Landslide,13.8423,98.8371,6.2,23595,97934.3,53693.1,9.1,2020,39
Storm Surge,11.556,105.7336,4.5,30455,126954.9,77128.0,10.8,2022,2
Cyclone,11.9981,97.8548,7.0,7188,28784.0,16214.2,13.2,2026,27
Flash Flood,12.963,106.9837,8.2,19214,71718.9,49001.0,13.7,2005,103
Landslide,22.6974,102.6924,7.9,32574,135879.5,82923.4,14.3,2005,45
Flood,17.2152,120.8625,7.9,33860,118547.4,76894.9,15.1,2015,30
Landslide,13.1604,92.8935,6.3,21427,89952.4,44521.7,10.7,2026,9
Landslide,21.2859,95.4814,8.7,12613,51647.6,32182.0,13.4,2023,72
Cyclone,15.679,98.7919,7.1,16364,55791.1,40296.1,11.3,2017,44
Flood,2.9106,116.207,6.6,40629,135273.4,96769.1,12.1,2024,26
Landslide,-7.4167,120.8771,7.5,33477,115108.2,74813.7,12.5,2013,53
Typhoon,11.8324,106.7003,6.1,9901,38409.6,23066.5,9.3,2013,16
Earthquake,10.2474,119.8873,8.3,25469,87979.8,62010.2,14.4,2022,179
Flood,15.0484,100.7592,8.8,13999,57739.1,33595.6,11.9,2021,91
Flood,-5.5887,133.5944,5.9,16191,64221.5,39813.5,13.4,2018,17
Flood,11.7016,95.8124,7.1,40799,160823.4,90724.4,11.3,2014,45
Flood,12.1354,100.2347,6.2,34863,129852.3,84281.2,10.1,2025,24
Drought,14.6383,99.166,5.6,27039,95063.9,57722.6,8.8,2025,15
Earthquake,21.5068,97.3051,7.0,33724,138352.2,78578.6,13.4,2018,43
Flood,20.3026,102.3037,7.5,7371,25973.1,14796.4,11.9,2019,22
Landslide,12.9273,94.208,7.8,40954,136568.9,103582.4,11.0,2009,25
Flash Flood,14.3336,104.866,5.5,21253,75175.8,49087.0,9.9,2023,10
Flood,25.1635,95.9211,6.6,32879,110560.7,72766.6,14.0,2026,33
Flood,15.6419,106.6728,5.5,3235,13547.3,8130.0,12.9,2010,22
Landslide,24.2986,94.4472,6.4,29024,95781.9,66819.6,12.0,2005,22
Landslide,13.4074,99.8345,5.5,16640,63341.3,38330.4,8.6,2015,12
Landslide,11.2743,99.291,5.3,31665,106391.5,68623.8,10.4,2022,4
Earthquake,14.4109,98.0422,6.0,21406,68803.2,44244.7,9.7,2009,25
Storm Surge,11.2991,107.1027,6.9,3342,13550.2,8060.8,11.8,2010,23
Landslide,24.5967,94.7732,6.3,29160,107383.4,65338.6,11.9,2012,33
Flood,21.5905,97.3805,8.6,29986,111168.9,65223.2,13.0,2015,170
Cyclone,26.3476,97.0981,6.7,25086,100129.8,59201.5,13.7,2009,26
Flood,-1.816,95.4811,5.7,31129,111379.5,80925.3,13.8,2016,21
Landslide,24.1022,99.1956,8.3,25376,84864.4,53418.8,16.4,2013,95
Typhoon,18.5757,108.6989,6.2,19227,68088.1,45855.3,11.4,2023,26
Volcanic Eruption,16.0018,122.0949,5.5,35603,120199.2,71938.2,11.0,2020,8
Cyclone,15.7027,98.3451,7.6,47439,170819.1,106646.0,12.5,2020,31
Landslide,13.9523,104.3762,6.3,23832,80293.4,52091.3,12.1,2017,27
Volcanic Eruption,-5.5839,116.2941,8.2,3476,14275.1,7633.3,12.6,2006,75
Storm Surge,21.7148,108.1292,6.8,19193,73624.3,41696.9,9.4,2006,35
Flood,14.8004,101.2687,6.8,12613,48407.0,30923.0,9.3,2014,28
Landslide,27.3642,94.7657,6.4,23991,88589.3,50523.1,12.8,2025,17
Drought,14.3493,104.4441,8.2,53978,180012.8,116789.0,14.1,2008,94
Landslide,18.1247,97.3324,7.5,32844,131048.1,67127.6,11.8,2020,20
Flood,3.0924,100.2317,7.9,5013,16512.7,10272.6,14.5,2021,68
Cyclone,10.0486,96.917,6.3,14238,50319.6,28544.8,9.5,2005,9
Typhoon,7.2815,119.6554,7.7,38664,124007.9,91268.5,13.7,2007,17
Tsunami,1.709,113.6601,8.1,43437,153612.9,99815.0,14.5,2021,124
Volcanic Eruption,-8.5849,95.5423,6.4,42360,154233.7,88917.0,12.7,2025,16
Landslide,24.931,93.4059,5.1,1587,5316.5,3582.1,13.6,2025,5
Tropical Cyclone,16.4563,105.4592,8.8,3363,11083.3,8702.0,13.2,2013,79
Flash Flood,10.8485,105.099,7.9,40661,148066.5,100443.4,12.6,2017,14
Landslide,11.6895,104.6996,6.6,20837,79096.6,49807.4,10.8,2008,34
Flash Flood,4.0312,100.3541,7.3,42652,158644.8,101897.0,10.9,2005,21
Volcanic Eruption,7.9695,119.0749,6.1,10050,32879.8,22856.2,13.8,2010,26
Flash Flood,21.738,104.6432,8.0,5265,18115.7,13588.1,14.0,2010,71
Storm Surge,14.1479,106.0493,6.7,22490,91121.6,55171.3,11.3,2005,38
Earthquake,17.9547,101.1705,6.8,18006,64464.0,39282.5,10.9,2023,23
Flash Flood,11.3193,103.7484,6.5,6516,25362.8,16679.0,11.1,2012,18
Cyclone,11.9665,92.9908,8.4,17939,72989.3,44705.4,12.2,2008,113
Volcanic Eruption,2.5481,127.9022,6.5,16879,56553.2,34708.5,12.1,2025,37
Typhoon,5.3676,117.5088,8.0,50728,162528.9,103641.8,15.4,2012,51
Landslide,16.0206,97.5909,6.2,23216,78465.8,50873.8,10.7,2013,8
Flash Flood,11.9572,106.045,7.3,38065,152981.6,96413.6,11.3,2017,49
Typhoon,17.6637,122.3947,7.4,11366,45629.7,28216.6,14.8,2017,58
Cyclone,15.1541,97.0159,6.8,8325,33182.4,21278.4,9.4,2006,31
Flood,12.3492,104.6061,4.6,26532,106288.4,68344.1,10.6,2017,9
Volcanic Eruption,6.4987,122.6685,7.0,21393,78897.5,49981.2,12.1,2011,32
Cyclone,25.589,93.8218,5.6,14333,53270.6,32152.8,13.8,2026,24
Landslide,24.9137,93.8119,6.2,29990,107866.7,76557.1,12.1,2014,26
Landslide,26.9192,95.4844,7.6,12073,38760.9,26020.2,14.2,2023,47
Landslide,17.9007,104.1011,8.2,27865,104205.7,61763.4,12.0,2019,171
Drought,12.1074,105.0456,6.9,7104,26468.2,14863.7,10.2,2023,42
Flood,12.117,103.0207,5.9,29380,114493.3,75323.3,10.5,2006,26
Tropical Cyclone,17.6675,101.0624,6.9,34878,122617.9,81480.7,11.0,2011,18
Earthquake,13.2578,125.4843,6.4,32840,112405.4,74910.1,12.2,2019,9
Cyclone,20.3331,93.6538,6.3,3480,13798.9,8265.3,10.2,2016,21
Landslide,11.7609,97.9622,6.6,41404,153187.0,91229.6,10.3,2007,30
Flood,-0.7405,97.2528,4.3,13666,57345.1,32665.1,10.4,2006,2
Flood,8.743,123.496,6.0,20727,82937.7,50743.8,12.5,2022,19
Earthquake,26.0504,96.8088,7.5,22728,74256.2,58807.6,13.7,2023,35
Flood,-1.6108,109.0893,6.6,44259,152951.9,100708.1,11.8,2016,23
Volcanic Eruption,-9.0622,136.9056,6.0,20484,71968.1,45277.1,12.1,2022,12
Flood,18.8437,92.7388,5.7,32482,111102.8,76448.3,9.8,2010,22
Storm Surge,15.4446,102.7336,6.4,28670,113031.2,57713.3,9.6,2011,20
Flood,14.6999,106.197,8.2,4862,19124.7,11705.4,15.0,2017,123
Typhoon,16.4187,124.7368,8.0,41219,155230.7,106534.1,15.6,2005,35
Flood,-0.3054,126.2009,7.2,28909,114711.6,68115.0,11.9,2006,18
Typhoon,11.4142,102.747,7.2,48078,176198.6,100415.5,11.4,2008,57
Typhoon,9.1447,123.0615,4.9,4925,17099.3,10038.7,11.6,2015,3
Volcanic Eruption,-2.6547,112.004,7.0,27945,94068.5,66084.1,11.9,2014,48
Tropical Cyclone,16.3342,99.2989,6.6,14987,62815.1,34409.5,10.3,2023,12
Earthquake,11.1867,97.2967,7.3,19077,67105.2,48222.5,12.9,2018,57
Flood,15.1475,97.3119,6.4,7787,30146.5,15626.4,10.1,2010,15
Flood,11.815,100.701,6.7,39818,134635.0,88708.5,9.8,2026,43
Landslide,20.6377,104.2952,6.1,1432,5346.3,3148.6,11.6,2017,11
Flood,11.0313,96.9408,6.4,29621,119500.7,59890.9,11.5,2005,16
Earthquake,26.2497,98.3489,7.1,9333,35368.6,22894.5,14.1,2022,39
Typhoon,19.1103,102.8668,7.6,10982,42062.7,22476.7,11.2,2023,48
Flash Flood,2.9881,101.074,8.1,46915,190995.0,104772.6,12.2,2026,118
Tsunami,-7.8342,114.6162,7.2,35583,138501.2,80008.1,14.2,2022,32
Flood,18.5082,126.254,7.0,44563,147506.9,107628.7,14.3,2020,51
Drought,13.9827,104.101,6.9,26657,105780.6,68215.3,13.2,2005,44
Flood,23.7308,99.7675,5.7,8381,32342.1,18543.6,12.4,2006,22
Landslide,12.0548,99.4352,5.7,11871,46180.6,28041.9,10.5,2009,10
Landslide,23.6457,94.9244,8.3,53005,219140.2,132547.7,14.0,2016,126
Flood,0.469,130.2172,7.6,9414,33293.0,20739.7,11.6,2021,17
Drought,14.0431,99.8476,8.2,26563,106767.4,59871.8,14.6,2005,63
Flood,14.8375,94.2435,7.6,48778,180357.4,102231.7,12.3,2016,26
Flood,18.4539,96.8931,8.0,47808,155183.4,103120.3,12.5,2026,43
Drought,8.7247,104.7108,6.0,22380,76502.5,55543.6,10.4,2025,13
Flood,12.9433,92.7141,7.3,36952,152219.2,80890.7,12.4,2007,43
Cyclone,15.3989,96.1883,6.9,16441,61423.8,40572.0,11.3,2024,23
Storm Surge,12.3864,107.4452,7.4,8461,28627.1,18845.4,11.7,2024,20
Flood,-0.8866,108.7839,7.4,5640,21977.0,12216.3,14.8,2019,20
Landslide,3.113,126.7335,6.9,37580,148246.1,86785.0,11.5,2025,51
Flood,21.7113,103.2582,7.9,6568,26574.6,14145.1,15.6,2013,18
Landslide,0.2394,137.2388,7.8,15838,59964.5,34630.0,16.5,2007,39
Drought,10.0473,97.8193,7.9,15389,54202.5,37823.9,14.1,2019,33
Cyclone,25.7309,96.6873,6.0,13623,44599.8,34972.2,13.7,2018,26
Flash Flood,20.9714,104.0463,7.9,4362,18295.7,10020.7,13.2,2015,30
Tropical Cyclone,12.2391,103.7283,8.0,2729,11301.8,5934.8,11.2,2019,23
Flood,14.0606,97.7976,5.8,4640,19446.0,9321.5,11.3,2007,6
Earthquake,11.6575,98.1248,7.0,7524,26713.6,17572.3,11.0,2011,21
Cyclone,13.3213,95.2947,6.7,27352,108225.6,63537.4,11.3,2011,11
Earthquake,23.7462,95.7063,5.2,13062,46864.9,27607.6,13.5,2024,18
Landslide,25.8347,97.7567,7.3,37854,139188.4,97119.9,12.9,2018,36
Typhoon,22.0674,104.1148,6.1,4005,13726.2,8919.4,12.7,2017,28
Landslide,15.4701,101.1263,6.8,21851,82858.5,54115.1,12.4,2023,41
Flash Flood,1.2704,103.7209,6.1,1201,4181.9,2737.1,10.8,2026,7
Tropical Cyclone,13.6293,100.6672,6.3,15038,62706.8,38411.5,10.3,2012,37
Earthquake,25.3559,96.3015,4.4,7019,22638.2,14650.0,10.6,2010,7
Landslide,13.849,93.7247,8.2,31904,130691.1,70211.4,14.8,2015,152
Storm Surge,10.7671,102.5387,6.4,18520,64946.9,44732.5,10.2,2020,26
Earthquake,20.5835,97.3268,7.7,20532,85366.4,48425.8,11.7,2011,40
Volcanic Eruption,-3.9992,120.108,6.8,38802,153435.7,78417.3,13.8,2024,28
Drought,6.8216,102.6833,6.9,8411,31499.7,18848.1,11.0,2017,17
Tropical Cyclone,9.7821,104.5904,8.1,1822,7534.5,4248.7,11.7,2024,141
Flood,22.211,97.7997,6.9,37896,123827.8,76463.3,13.6,2026,13
Tsunami,0.9809,127.3792,7.2,20429,83129.8,50177.1,14.5,2021,25
Landslide,15.0537,94.1263,8.1,23156,74181.0,56946.1,11.4,2020,65
Flood,19.9831,98.3877,5.6,6139,22554.4,12301.2,8.8,2006,28
Volcanic Eruption,8.2192,120.2714,8.7,4583,17753.1,9791.2,16.1,2026,72
Flood,4.8771,106.5257,7.0,39491,162423.1,86469.0,10.4,2024,22
Earthquake,25.422,94.0365,7.5,2455,9314.3,6338.1,14.3,2012,35
Landslide,26.7583,100.7881,4.9,23416,83381.1,58764.7,11.4,2019,4
Flood,21.0104,92.8797,8.3,14946,51613.2,35618.0,12.9,2026,60
Flood,17.109,99.3679,6.8,14426,52426.2,31154.7,11.7,2017,22
Tropical Cyclone,6.0076,104.5181,6.9,18558,75622.6,46073.9,10.5,2022,32
Earthquake,-3.4384,135.3514,7.9,25401,90257.5,63919.9,15.5,2015,63
Cyclone,18.1361,93.2438,7.2,11008,42445.4,24687.5,11.8,2009,37
Flood,20.732,95.996,7.7,31080,110155.8,69703.5,13.3,2014,26
Earthquake,26.4081,99.9518,6.4,37507,121631.8,82226.3,11.8,2016,21
Landslide,3.3907,105.4695,5.6,38321,136930.8,88031.7,11.2,2012,14
Cyclone,13.2623,97.0059,6.6,3178,10295.9,8114.6,10.5,2010,8
Flood,15.069,101.1022,4.9,13194,51993.8,29534.7,10.3,2007,4
Typhoon,13.6091,118.4846,7.7,10381,34585.3,22210.6,14.3,2020,53
Volcanic Eruption,7.5184,124.7656,6.6,35255,123734.8,72939.5,10.7,2010,28
Flood,20.3192,94.3795,6.9,2025,7187.5,4148.0,12.3,2010,25
Flash Flood,3.9537,109.6678,5.8,12445,46734.0,32152.0,10.9,2026,25
Landslide,12.8046,94.1806,5.6,22706,76770.0,55793.7,10.7,2020,21
Cyclone,20.4977,101.3327,7.3,14178,50077.4,33760.8,12.4,2026,33
Landslide,-4.3341,134.913,7.2,37550,156630.5,95972.8,13.9,2007,26
Flood,17.9782,103.2374,4.8,21578,70365.8,44912.0,8.2,2017,3
Earthquake,26.8023,93.7967,7.2,36652,152376.7,73549.2,14.3,2006,9
Landslide,9.2955,118.3836,8.9,54069,207525.0,110941.7,14.1,2025,107
Landslide,5.358,139.7593,6.5,1576,6132.6,4062.2,13.1,2015,32
Earthquake,2.8727,134.3714,8.5,5878,22778.0,13596.1,14.6,2005,139
Landslide,17.465,118.4006,7.9,52288,191356.6,121021.0,14.4,2011,34
Landslide,19.6924,105.7442,7.0,3935,12692.9,9583.4,12.4,2009,23
Flood,21.0759,95.4206,5.6,21385,80935.7,47848.6,10.2,2023,23
Flood,-2.3122,97.4428,7.3,13978,46345.5,32759.0,12.8,2011,32
Drought,13.9764,103.2868,6.2,31891,122472.0,63849.8,9.2,2008,37
Flood,12.2003,124.5965,7.3,1830,5876.4,4284.4,13.1,2025,55
Landslide,8.8876,103.3646,6.8,10879,45661.8,23670.3,10.5,2014,21
Volcanic Eruption,13.6683,121.9525,7.4,5954,22926.5,13439.3,14.2,2023,37
Tsunami,-9.7787,134.1561,7.1,37706,131232.7,93561.0,14.5,2012,23
Cyclone,10.0148,97.5403,8.7,14248,57864.7,35896.5,13.1,2017,169
Flood,10.4852,99.7479,5.3,30096,121315.6,61183.2,11.5,2017,9
Flood,21.9617,99.1542,7.8,41572,167548.0,88686.3,13.5,2023,64
Flood,15.4784,100.6523,8.1,21925,77801.2,47880.0,13.5,2018,125
Flood,2.5166,117.0745,6.1,9583,37734.2,22830.6,10.2,2009,28
Volcanic Eruption,14.7006,117.0409,8.6,11668,40713.5,24170.7,16.3,2025,71
Flood,4.7587,103.6201,7.8,43077,164486.8,109513.9,12.0,2022,20
Landslide,16.6702,99.2136,7.9,42653,138100.8,91719.5,12.2,2026,55
Earthquake,19.9393,93.4657,8.7,34189,124938.5,81533.5,14.2,2009,153
Landslide,-8.4671,121.4368,8.3,56428,204006.3,145303.9,13.8,2013,99
Landslide,12.2569,124.1258,7.8,26148,98961.1,58583.9,12.9,2017,64
Flood,-7.7056,115.8654,5.6,15078,51490.8,36712.7,13.4,2025,5
Flood,19.8949,100.8924,5.0,18271,58882.6,46809.3,9.2,2011,5
Cyclone,23.7032,101.1182,8.0,14284,55933.2,33770.0,16.7,2019,40
Landslide,0.7128,135.7539,6.7,13114,42948.9,29759.5,13.1,2006,8
Landslide,6.8565,111.0663,6.1,37722,140525.8,96916.1,11.9,2014,33
Flood,9.7067,126.0646,7.8,48080,186373.6,115439.0,12.6,2020,54
Volcanic Eruption,-2.8437,106.0293,7.3,34898,125881.4,89083.2,12.0,2022,49
Drought,12.5928,105.4917,7.2,3195,12012.7,7629.8,11.7,2005,52
Landslide,16.8134,120.318,8.4,41830,160530.8,101072.2,15.2,2015,170
Flood,21.8651,93.5519,4.6,14205,51791.0,29198.2,8.0,2023,6
Typhoon,12.7486,121.1933,7.1,30116,112199.6,60943.5,14.6,2006,9
Flood,1.3402,103.7636,7.9,13627,48799.0,28319.3,13.1,2007,44
Flood,13.1262,101.1252,6.4,32906,111322.3,83352.8,11.7,2016,30
Cyclone,22.5308,100.9924,4.7,13358,43330.8,28314.7,10.2,2021,6
Cyclone,15.0784,94.8562,7.0,24182,86321.0,58292.2,10.4,2009,48
Flood,-6.125,132.0956,6.3,34560,128152.3,81955.0,12.5,2015,8
Landslide,-4.9062,111.445,8.8,44698,168632.9,96315.5,13.4,2023,101
Cyclone,21.5717,94.7285,7.1,9323,38321.2,19012.4,10.7,2005,34
Flash Flood,11.2284,106.3458,6.1,33290,123707.1,73192.8,10.9,2010,8
Flood,9.3041,121.2729,6.8,10255,41980.9,24304.2,14.4,2024,31
Flood,9.9622,117.7623,7.1,41564,173604.5,103033.5,14.9,2023,20
Flood,17.2622,97.5826,6.3,32433,128627.8,78183.4,10.1,2015,13
Landslide,9.6184,108.4768,7.9,50299,203873.4,128923.4,12.6,2022,43
Landslide,12.925,98.0648,6.9,14886,60875.7,29853.2,11.4,2015,46
Flood,16.1373,100.4036,7.0,2977,11411.0,6102.7,14.9,2011,42
Flood,23.1006,93.6459,7.0,48150,196873.0,114964.1,13.7,2024,32
Earthquake,13.5672,93.4937,6.0,23490,81729.4,52986.2,9.7,2021,7
Earthquake,15.4458,100.467,7.5,15990,58675.7,37768.3,12.4,2021,41
Landslide,1.817,107.1484,7.8,34589,121369.5,88743.6,12.9,2006,16
Flash Flood,14.4272,106.5453,4.7,19773,69887.3,47494.9,10.1,2024,11
Volcanic Eruption,14.8495,120.1659,5.8,15274,56522.9,33282.7,13.4,2018,26
Typhoon,16.1066,118.0238,6.9,9811,40779.9,20490.1,14.5,2005,45
Earthquake,-2.9595,126.4923,7.5,40858,150598.5,103740.4,12.6,2019,44
Landslide,2.6551,109.4218,4.2,2506,8641.1,5144.4,7.5,2021,2
Flood,10.0983,95.2935,5.2,26180,107751.8,60257.9,7.8,2025,8
Cyclone,16.0997,97.4635,6.1,40860,148569.5,104920.6,11.0,2011,27
Landslide,17.9478,107.3024,7.1,1890,6534.9,4239.1,16.1,2018,29
Flood,23.9558,98.058,6.5,24640,81480.4,52874.5,12.2,2023,25
Landslide,9.5318,105.2463,6.0,39278,159341.3,101430.8,11.5,2008,24
Earthquake,16.5095,96.3265,5.6,19183,66205.9,48052.4,9.6,2019,15
Earthquake,-6.7028,110.1258,6.5,36483,138477.1,80870.7,14.1,2011,21
Earthquake,20.6149,95.0337,8.2,42633,153270.5,102167.2,12.8,2009,148
Flood,18.9146,124.2976,7.1,35336,134144.5,74510.5,13.5,2023,28
Drought,14.4345,103.6073,6.8,41992,145274.8,100773.6,10.6,2026,37
Flood,19.8321,96.4444,6.2,22426,84247.2,55849.4,10.3,2007,35
Flood,16.4069,100.4749,7.7,49564,194679.5,127398.0,11.8,2019,58
Flood,-0.432,102.5143,8.0,47886,172292.6,110144.3,13.8,2006,62
Landslide,19.8437,96.0122,7.0,20385,68984.2,42727.0,11.1,2021,29
Typhoon,10.9752,108.8933,7.9,18751,65491.7,46034.9,10.6,2010,41
Flash Flood,6.053,118.9994,6.3,39536,148457.8,87507.5,10.7,2022,15
Flood,15.7013,95.8422,7.7,43520,142371.0,98176.1,10.7,2024,54
Landslide,13.8811,94.1486,6.6,26992,92132.8,68262.5,11.5,2013,28
Flood,2.3672,116.7171,4.8,29925,96644.1,70779.3,10.3,2014,7
Landslide,25.4599,92.8118,7.0,23949,92138.5,55066.8,14.7,2007,21
Flash Flood,14.4824,103.4732,7.8,2018,8138.7,4152.4,11.8,2023,63
Earthquake,18.4806,123.4921,6.4,17684,59393.9,37892.1,13.9,2008,17
Drought,14.4312,103.6147,4.3,6737,25754.7,17414.1,8.6,2019,2
Earthquake,-1.65,115.1338,7.6,31696,124887.0,71808.1,15.3,2022,37
Typhoon,13.5025,125.0226,7.7,36384,149298.8,80393.3,15.5,2014,45
Landslide,17.0044,96.6088,7.8,50453,201806.9,120547.8,12.3,2006,67
Flash Flood,12.1283,104.9989,5.4,15309,51133.0,35470.3,10.3,2005,16
Landslide,15.3178,104.638,5.3,3261,10633.6,7699.1,8.4,2018,4
Flash Flood,1.3751,103.8826,5.7,5615,20275.1,11318.6,8.1,2008,20
Landslide,16.2091,100.053,7.8,19562,67225.8,42856.5,12.6,2023,13
Cyclone,15.9158,94.8479,6.2,6066,20256.1,14123.2,12.0,2026,36
Flood,11.3593,93.4654,4.1,2496,9532.9,6275.7,10.2,2014,0
Earthquake,-1.3536,119.0095,7.2,3487,13963.6,7829.4,13.6,2015,51
Flood,0.009,115.9848,7.3,19245,64855.9,46916.0,13.0,2013,37
Landslide,20.8333,94.4702,5.6,6786,27256.4,15479.3,9.7,2017,8
Tsunami,0.4541,100.8196,5.8,28324,102625.3,71273.8,12.1,2007,18
Landslide,7.252,104.1325,6.1,41562,155377.9,83639.4,11.9,2005,30
Landslide,2.9449,125.8258,6.0,13755,49817.1,27772.2,12.3,2024,15
Earthquake,23.6443,100.1971,8.2,43451,163408.6,95468.5,14.3,2026,101
Landslide,11.9733,98.6721,7.4,3489,11680.8,7837.0,12.2,2016,35
Flood,13.1534,106.8998,7.6,32321,106914.1,72862.9,12.6,2008,54
Flood,23.2511,93.7633,5.5,11639,45810.2,26654.5,10.7,2020,9
Cyclone,26.9256,94.739,7.3,23548,98857.9,57620.3,15.0,2009,57
Flood,14.3148,107.0054,7.5,20449,65670.7,40961.4,11.8,2021,22
Volcanic Eruption,-0.8885,131.8948,4.9,14709,56469.1,29921.5,11.6,2008,13
Earthquake,18.7865,100.3098,7.3,45090,162957.7,99695.7,12.5,2015,15
Earthquake,15.7775,92.8505,6.9,4952,18888.7,12344.6,9.9,2017,44
Earthquake,12.1188,94.1714,7.5,8512,27808.9,19335.5,11.9,2026,31
Cyclone,24.9239,98.3582,7.5,22636,82170.3,57333.7,14.4,2017,32
Landslide,15.1743,94.8701,6.3,1319,5244.2,3038.4,12.0,2024,36
Drought,7.7514,105.0015,8.3,5353,20603.9,13459.5,11.9,2005,122
Earthquake,15.5642,96.3659,7.1,5718,22660.9,13451.0,12.0,2009,24
Cyclone,26.6107,98.1456,5.9,30272,123271.1,64543.7,11.1,2020,28
Cyclone,26.6713,98.653,6.0,15049,49414.8,30723.4,11.6,2019,32
Earthquake,-8.6603,95.7131,5.3,33236,121849.9,66746.8,10.3,2006,17
Earthquake,8.8238,121.864,6.5,24099,81306.8,48986.2,14.9,2012,23
Flood,24.195,101.0421,5.1,17610,58437.9,43297.1,12.3,2012,16
Cyclone,22.7005,99.0166,6.3,25998,104895.3,58731.9,14.0,2010,23
Volcanic Eruption,13.6993,124.366,6.9,22517,77271.9,50218.2,12.8,2007,35
Volcanic Eruption,-0.7027,110.9714,5.2,29220,99586.7,70515.4,10.6,2008,4
Landslide,24.7021,100.2761,7.0,22947,74095.0,49582.8,13.2,2018,11
Earthquake,7.3497,125.0843,6.4,18964,76251.2,45141.8,10.4,2006,7
Landslide,20.534,93.1133,4.6,4742,15597.3,9694.1,9.3,2012,5
Flash Flood,1.9843,108.257,5.4,19071,64901.1,45341.5,9.1,2005,16
Landslide,15.2447,122.3795,4.4,13598,48121.6,33383.4,10.2,2020,1
Flood,26.1597,97.8827,8.4,37868,126262.0,82950.7,15.1,2018,111
Volcanic Eruption,-8.289,98.8467,7.4,47645,192608.2,115248.4,13.2,2020,27
Cyclone,25.8525,92.671,5.8,12525,46953.8,30515.2,11.4,2014,11
Flood,19.9173,97.3926,6.2,39303,136590.7,98210.7,11.7,2007,24
Flood,14.0988,92.9068,5.6,16465,55942.2,35844.3,8.7,2024,8
Drought,9.1109,102.7177,6.1,35538,115836.1,88783.4,10.9,2025,16
Earthquake,12.7319,94.8849,8.0,27798,95430.4,69123.7,11.3,2011,56
Flood,26.346,93.9533,6.0,29773,105794.4,60816.7,13.0,2020,35
Flood,19.993,99.1132,7.0,5940,19484.3,14758.2,9.3,2014,50
Cyclone,17.8161,97.2065,5.9,15306,59535.7,36588.8,10.0,2019,10
Cyclone,24.5925,92.7154,5.6,6479,21590.5,16327.9,14.2,2016,7
Flood,4.7368,104.2232,6.6,15751,63253.0,32916.3,11.7,2013,16
Landslide,18.0975,97.4888,7.6,5605,20456.8,13933.4,12.1,2020,37
Flood,10.51,123.2779,6.9,16464,58736.3,39482.6,14.2,2010,31
Tsunami,1.0039,118.4341,6.3,35421,113937.3,83861.8,13.3,2026,12
Typhoon,21.0721,107.7322,7.9,20780,73738.2,50103.1,12.3,2021,32
Storm Surge,10.3386,106.0367,6.5,38916,141468.1,88519.8,11.6,2006,33
Flood,-0.2084,131.3946,4.8,32836,120723.2,66437.1,10.7,2015,6
Flood,-6.8112,140.1774,5.4,26202,102113.2,54909.0,13.3,2019,7
Earthquake,26.5728,99.7265,8.5,29568,115143.5,76274.6,15.9,2015,156
Volcanic Eruption,13.6538,121.1168,7.1,37577,122742.6,87506.3,14.3,2015,17
Drought,13.9992,105.0508,5.3,4182,13596.8,8805.0,9.0,2013,10
Landslide,18.6108,93.2627,6.7,14837,53572.2,37802.7,10.4,2013,17
Tropical Cyclone,11.2356,104.0036,8.1,2250,7686.2,5024.2,12.1,2006,61
Flood,15.5108,109.0826,8.3,26070,95150.2,65864.6,12.3,2014,188
Volcanic Eruption,10.2503,119.2735,7.6,9933,36553.6,21880.8,13.4,2016,17
Tsunami,-10.0349,134.0352,5.8,17478,65552.6,40714.6,13.0,2023,22
Volcanic Eruption,-4.2545,131.3161,7.2,17222,57681.6,38103.0,15.5,2011,27
Landslide,10.6673,108.2567,6.8,23507,83174.9,53889.6,11.5,2021,18
Flood,15.4075,98.8462,6.8,13413,48690.1,34141.5,12.2,2023,46
Flood,4.8636,103.0199,8.0,53195,173809.7,119599.1,14.6,2019,64
Flood,14.4628,102.7187,4.4,1349,4809.3,3138.1,8.3,2021,5
Flood,18.2933,96.2812,7.4,3562,12436.8,7258.5,12.3,2021,43
Cyclone,18.9284,92.6095,6.8,25057,94855.1,50247.2,11.5,2012,44
Flood,-10.3151,125.9448,7.8,35544,143193.8,90531.8,13.4,2019,26
Earthquake,20.3844,101.2275,7.0,38466,132515.4,79673.9,10.8,2024,51
Landslide,17.9925,106.0706,6.6,1745,5919.1,3497.8,11.0,2007,44
Cyclone,12.6626,101.2274,4.6,7085,24670.8,14701.5,7.7,2007,3
Cyclone,14.7956,93.2209,7.5,49834,182945.2,112015.7,13.3,2008,53
Cyclone,16.5742,97.1807,8.5,31315,129397.6,71521.6,12.6,2016,122
Landslide,26.2807,100.4011,5.4,23538,92039.6,53190.2,10.5,2009,14
Flood,17.7062,99.8037,5.5,22495,77465.6,45270.4,10.8,2018,17
Flood,3.5614,102.9348,8.7,49692,204142.5,107053.5,13.0,2014,139
Volcanic Eruption,-9.4263,128.4316,8.2,53119,204596.2,114560.8,14.1,2011,121
Landslide,24.0332,99.0615,7.8,27477,97779.3,66214.3,14.7,2013,36
Landslide,0.8857,116.5477,4.9,18351,67302.7,38820.8,11.2,2025,6
Tropical Cyclone,6.2178,97.7647,5.4,2264,7788.4,4691.1,9.1,2010,25
Drought,19.3539,99.6686,5.8,9818,34792.4,23436.7,10.8,2006,8
Landslide,18.4287,105.1078,7.1,10949,43276.4,28048.3,13.3,2006,18
Cyclone,12.4865,99.0816,8.7,33602,123149.2,68781.3,13.5,2020,162
Landslide,11.7541,97.241,7.4,2622,9972.2,5838.5,11.3,2025,57
Landslide,18.1964,103.5352,6.3,20840,84009.3,51269.6,11.6,2009,36
Landslide,15.9731,97.0452,5.1,25915,101462.4,58283.0,9.2,2021,10
Drought,6.5472,100.7017,6.8,6814,21928.0,15853.6,11.3,2016,30
Flood,9.4434,105.9702,4.7,20842,84752.9,52242.8,9.9,2025,2
Earthquake,10.3798,99.8975,7.2,27482,113201.4,63394.5,12.0,2008,11
Flood,16.5891,125.5104,7.1,37328,154473.4,87083.1,13.1,2020,42
Landslide,16.5119,101.3516,7.5,16012,64275.8,39245.3,12.1,2016,60
Landslide,22.8197,93.3936,7.1,32557,130851.8,67516.4,13.5,2005,20
Flood,13.2577,104.0568,4.7,24696,84263.0,52293.7,8.0,2015,8
Flood,10.544,105.0065,5.9,34674,127648.2,77930.9,11.5,2005,19
Flood,12.4866,93.5822,6.3,38140,125571.3,97620.1,9.4,2016,35
Landslide,18.1378,123.3343,4.6,24826,101267.7,61305.1,10.5,2010,7
Earthquake,15.021,96.369,6.9,30522,111862.8,69141.4,10.6,2010,37
Flash Flood,5.5558,100.7816,5.3,35424,116658.5,85066.0,9.2,2016,4
Flood,15.2472,97.6539,5.5,37694,145490.2,97234.1,10.3,2025,15
Volcanic Eruption,10.948,117.4638,7.0,24707,89832.0,59704.3,15.7,2021,52
Landslide,21.7828,92.5374,8.1,5088,16360.6,10644.2,13.0,2024,72
Flood,-6.2364,139.747,7.6,40777,165708.3,99795.2,13.9,2009,59
Volcanic Eruption,14.1538,124.7156,8.2,14700,55923.0,31592.1,14.0,2007,92
Typhoon,6.4288,122.0865,6.8,33593,134240.8,70689.3,14.7,2026,39
Landslide,15.7988,106.9931,7.8,3464,13655.3,8429.6,12.9,2025,67
Cyclone,18.7014,98.2853,5.5,2924,11378.7,6568.9,9.9,2009,9
Earthquake,13.2023,95.3008,5.6,32708,133418.0,75222.2,8.9,2012,13
Flood,22.1973,95.9334,7.2,34588,114603.5,79022.8,13.9,2012,49
Flood,25.68,98.7609,5.9,37290,143957.2,76274.0,13.1,2018,25
Landslide,21.4109,102.2377,7.9,18307,73321.7,46476.1,13.0,2019,50
Landslide,12.1478,108.4916,7.6,33639,108915.0,83354.8,11.1,2019,29
Storm Surge,22.5118,108.4256,7.1,40928,148242.4,93799.3,14.4,2025,38
Earthquake,-7.1769,106.5881,7.9,27420,103356.8,62024.0,15.1,2022,68
Landslide,4.2635,114.2908,7.4,3658,12431.4,8336.4,11.0,2018,33
Volcanic Eruption,-8.524,96.8268,5.1,11256,46117.2,29119.4,10.1,2019,8
Earthquake,3.1815,108.6304,6.3,5653,21724.6,14259.1,13.4,2026,12
Storm Surge,10.5581,105.9118,7.9,39991,129300.4,90862.1,12.0,2007,58
Flood,3.6513,102.8599,7.0,34466,135844.1,74389.7,11.4,2010,13
Volcanic Eruption,-10.2681,97.4413,6.7,28858,119599.1,68023.5,12.8,2026,19
Landslide,17.2105,100.9428,7.0,4851,18415.7,11789.5,10.9,2014,24
Tsunami,0.2917,123.5331,6.0,33147,131021.8,78322.8,14.3,2011,7
Typhoon,12.104,102.0895,6.8,32845,123558.2,74353.3,11.2,2010,13
Landslide,16.0828,97.6929,8.6,16816,58357.4,37112.4,13.9,2016,45
Flood,14.1375,108.4648,5.5,18739,64164.1,45618.2,9.1,2018,26
Flood,20.4363,94.5782,4.6,5711,22205.2,13055.1,9.0,2025,5
Earthquake,-9.3703,102.336,7.4,42518,146439.1,106889.3,14.7,2007,25
Flood,-8.6078,108.9647,8.2,22946,93561.2,46940.1,14.2,2005,124
Storm Surge,18.1047,103.3123,6.2,39055,127481.2,99748.7,10.7,2020,37
Typhoon,9.1597,120.2764,6.7,42055,170657.9,87565.4,11.8,2025,10
Cyclone,25.622,97.2907,6.5,5367,21663.9,13347.2,13.8,2008,22
Flood,27.2413,100.0433,6.4,20517,71608.2,43020.9,12.2,2022,33
Flood,17.3339,99.737,5.6,1741,7111.5,3629.8,9.6,2007,10
Flood,18.1077,96.2422,4.9,10326,42306.0,26369.0,7.7,2019,14
Flash Flood,3.2925,100.4865,5.3,2476,9908.4,6119.5,8.8,2014,16
Cyclone,16.6945,92.8485,6.6,18584,74644.2,42300.6,11.1,2012,16
Flood,21.3065,96.019,5.7,27318,89344.4,70426.2,10.2,2008,23
Tropical Cyclone,15.1077,100.6189,7.4,51391,204355.2,111956.6,13.3,2026,41
Flood,26.6021,93.0734,6.4,41107,136008.2,96260.6,13.4,2007,13
Cyclone,16.8914,99.8572,7.6,50187,163806.9,125582.2,12.8,2025,17
Landslide,20.1273,98.4018,7.6,49947,189466.8,120777.7,12.9,2014,41
Flash Flood,13.3645,105.4199,7.0,45722,170508.9,106256.1,12.0,2011,43
Flood,9.8867,117.2259,4.9,22950,80228.3,59567.4,11.7,2006,11
Tsunami,2.8569,119.5719,7.2,41950,170188.9,100829.3,14.1,2026,56
Typhoon,18.3227,105.1826,8.2,12480,44768.3,28751.2,11.8,2014,95
Landslide,22.0365,101.3916,5.8,35646,119617.3,86133.8,13.4,2021,26
Tsunami,4.1874,104.4633,6.5,33813,125884.3,87511.3,11.5,2020,27
Flash Flood,2.9145,109.0937,7.6,2789,9391.7,6185.5,12.5,2011,46
Volcanic Eruption,2.7449,112.7577,4.7,20715,81723.3,47923.9,11.5,2007,6
Earthquake,19.0204,98.1965,6.2,20326,78718.4,43391.6,8.9,2012,39
Typhoon,22.719,103.6082,6.8,36238,136151.7,90077.3,14.0,2006,26
Typhoon,15.9253,102.7905,6.4,2229,7483.9,5024.2,11.6,2024,15
Landslide,14.8261,99.9491,4.3,18627,63874.1,43500.3,7.2,2022,2
Tropical Cyclone,13.8767,100.1586,7.5,40273,156470.7,90279.8,11.0,2022,37
Landslide,21.9373,96.4169,7.7,21536,73160.4,53444.5,13.2,2018,17
Landslide,-5.2153,119.327,8.2,48683,157197.8,116622.1,13.8,2026,111
Flood,19.4209,120.2327,7.5,31206,116799.2,79205.3,15.4,2019,48
Earthquake,16.8088,101.2177,5.6,17389,70744.3,37097.0,10.5,2016,7
Flood,14.4083,103.2081,7.5,21604,82821.9,54519.0,13.2,2010,30
Cyclone,16.7409,97.6893,5.9,34900,111739.0,89181.5,10.8,2026,11
Storm Surge,12.9975,107.9222,7.0,31863,115888.8,70384.4,12.7,2021,51
Flood,13.2337,95.6638,5.1,19561,81154.5,43204.4,8.5,2024,7
Landslide,-1.4087,121.3171,5.7,31111,119014.3,75737.1,10.1,2008,19
Volcanic Eruption,-6.8804,112.6679,6.5,14071,47472.4,28243.9,11.6,2011,31
Cyclone,15.4788,94.1906,7.5,42559,145108.5,96608.2,11.9,2023,56
Flood,14.3657,99.4005,7.9,27191,105129.4,61383.6,12.9,2008,52
Volcanic Eruption,5.1884,122.1763,8.2,36972,151762.3,89397.8,16.2,2019,85
Flood,11.8546,126.4299,5.8,31896,129146.8,77149.5,11.7,2013,30
Typhoon,12.7748,108.5557,8.2,49498,206696.3,118581.3,12.0,2006,68
Flood,18.5625,92.7763,7.9,40876,158806.7,101854.4,13.1,2005,50
Flood,15.5101,96.178,8.7,37818,152484.4,93564.1,11.6,2005,162
Tsunami,-3.2368,129.9627,5.5,14128,52796.5,32754.8,12.9,2007,17
Landslide,18.7825,100.8121,7.8,41313,137630.9,106364.7,12.3,2016,39
Earthquake,21.2801,98.812,7.6,14053,51825.3,30776.7,12.5,2016,54
Landslide,2.1489,116.5384,7.1,32479,124719.5,81876.1,13.5,2019,44
Earthquake,19.8983,97.6168,8.0,7456,29248.2,18104.6,13.4,2009,21
Flood,13.8168,100.3321,4.1,19430,72757.8,39781.6,8.0,2019,0
Landslide,-8.7434,103.5359,6.6,32800,124581.7,77176.8,15.6,2008,35
Flood,16.3366,119.97,7.2,25282,102886.3,55262.0,13.2,2019,28
Landslide,11.7046,92.6345,7.5,31929,119642.3,82420.5,11.9,2008,34
Cyclone,15.2859,94.8645,8.3,23923,79432.1,56985.2,14.6,2020,58
Earthquake,27.0398,98.22,6.3,23119,95897.3,48663.1,11.7,2012,24
Cyclone,17.8632,94.9855,8.4,55517,186641.2,128231.4,13.1,2026,70
Flood,11.7254,103.3375,8.0,22595,84944.7,55647.3,13.0,2025,51
Landslide,24.5264,93.5825,7.3,13544,55168.9,29583.1,14.5,2007,57
Tropical Cyclone,8.5625,98.9673,6.4,41157,169205.7,98176.9,11.7,2021,23
Flood,12.3587,105.6697,8.5,16150,60153.3,33019.6,13.3,2025,140
Tsunami,-4.2693,125.1795,6.4,25246,103884.2,58465.7,13.4,2013,19
Flood,24.7826,100.2098,6.2,19733,69391.8,43087.0,13.2,2017,16
Landslide,18.9889,122.3812,4.8,19710,70153.5,41232.1,11.5,2005,6
Tsunami,-5.8539,111.7617,6.6,15610,62450.0,32507.3,11.9,2019,27
Flash Flood,10.7501,106.318,6.9,16758,69370.4,35577.9,11.8,2025,25
Landslide,21.938,98.0871,7.7,10103,36883.5,25668.7,11.4,2026,27
Flood,24.8804,93.9524,6.3,21020,70946.9,53859.2,13.8,2014,9
Volcanic Eruption,-2.2238,128.5815,8.4,30938,102041.7,66161.9,15.2,2017,106
Landslide,10.4275,123.7885,6.6,6074,20905.1,13412.0,11.5,2006,12
Volcanic Eruption,13.7929,121.5065,6.4,31141,119819.3,76435.0,12.0,2018,24
Earthquake,16.7817,98.209,6.4,44081,174804.8,101180.7,11.6,2022,9
Landslide,13.8437,104.1157,7.0,4681,17974.6,11564.6,12.7,2015,29
Flood,12.2867,92.7527,7.2,10739,35811.5,23825.4,12.7,2006,35
Earthquake,4.6807,124.1764,6.5,39726,160718.1,100712.9,13.6,2017,29
Flood,17.7025,101.4553,7.0,18720,63132.0,45272.4,9.6,2022,18
Landslide,17.5573,98.8364,7.1,10767,43674.2,26787.6,10.1,2009,31
Landslide,20.2148,99.6708,7.3,4009,15221.8,8656.7,13.1,2023,38
Typhoon,17.5623,124.2762,7.4,42011,164303.4,88542.1,15.9,2005,41
Earthquake,18.7445,101.1846,7.7,3195,10342.4,6497.5,12.0,2008,22
Cyclone,26.6964,93.1203,6.6,25741,102282.6,56280.6,11.5,2016,15
Flash Flood,17.539,104.6805,6.1,3357,11964.1,8415.3,10.9,2024,21
Flood,11.1072,96.4121,6.5,42554,169478.4,94328.4,12.5,2020,29
Flash Flood,15.3767,103.372,6.3,5491,20174.3,11180.2,11.8,2017,7
Landslide,11.5789,96.3028,6.3,16648,60500.6,37551.4,9.2,2019,30
Storm Surge,17.3303,106.5099,5.2,20971,81866.7,44245.6,10.2,2006,15
Flood,22.7105,99.7639,6.3,22768,87867.6,49292.2,14.5,2025,40
Flash Flood,15.9834,104.8858,7.1,3525,12072.1,7328.0,14.2,2019,51
Tsunami,-4.3063,103.2586,4.7,25236,83737.4,62599.9,11.8,2018,5
Earthquake,26.5087,92.5871,7.7,37334,132155.7,84057.1,14.7,2022,27
Cyclone,26.2106,93.5188,6.6,43210,145393.7,91583.1,13.8,2012,18
Flood,3.4301,103.2155,7.5,19258,69673.9,42822.7,11.4,2010,53
Cyclone,27.2704,100.9053,5.4,30867,110053.6,74382.2,13.5,2007,4
Typhoon,17.2808,119.1924,7.3,25431,98199.6,58116.5,14.2,2022,58
Earthquake,25.7562,97.4338,7.5,41628,148812.5,90921.4,13.6,2022,44
Landslide,9.5899,104.036,7.2,8663,28024.5,17871.0,12.8,2015,40
Flash Flood,1.2526,103.948,7.3,4052,14339.7,9342.7,11.9,2017,46
